datetime,I_static_A,I_dynamic_A,rho_eff_Km_W,dryout
2023-01-01T00:00,840.4566294719879,564.0324771485439,3.3333333333333335,1
2023-01-01T01:00,839.95858105523,563.6982356512517,3.3333333333333335,1
2023-01-01T02:00,842.4458787149532,565.367467127599,3.3333333333333335,1
2023-01-01T03:00,842.942457525369,565.7007223685199,3.3333333333333335,1
2023-01-01T04:00,842.942457525369,565.7007223685199,3.3333333333333335,1
2023-01-01T05:00,843.9347385723057,566.3666445795005,3.3333333333333335,1
2023-01-01T06:00,843.9347385723057,566.3666445795005,3.3333333333333335,1
2023-01-01T07:00,845.4209764220442,567.3640623957496,3.3333333333333335,1
2023-01-01T08:00,843.4387439725587,566.0337814037725,3.3333333333333335,1
2023-01-01T09:00,839.4602371483813,563.3637958498447,3.3333333333333335,1
2023-01-01T10:00,832.9546350173771,558.9978705223256,3.3333333333333335,1
2023-01-01T11:00,830.4389100478359,557.3095614095921,3.3333333333333335,1
2023-01-01T12:00,827.9155407684673,555.6161221820415,3.3333333333333335,1
2023-01-01T13:00,826.3978208106837,554.5975766469265,3.3333333333333335,1
2023-01-01T14:00,826.3978208106837,554.5975766469265,3.3333333333333335,1
2023-01-01T15:00,825.3844570686132,553.9175057882416,3.3333333333333335,1
2023-01-01T16:00,825.3844570686132,553.9175057882416,3.3333333333333335,1
2023-01-01T17:00,828.9258102605692,556.2941164820875,3.3333333333333335,1
2023-01-01T18:00,832.9546350173771,558.9978705223256,3.3333333333333335,1
2023-01-01T19:00,834.4604295005415,560.0084128425752,3.3333333333333335,1
2023-01-01T20:00,829.430483555578,556.6328039511998,3.3333333333333335,1
2023-01-01T21:00,829.9348499649468,556.9712854686168,3.3333333333333335,1
2023-01-01T22:00,831.9492579038304,558.3231595093629,3.3333333333333335,1
2023-01-01T23:00,832.452098238591,558.6606168744187,3.3333333333333335,1
2023-01-02T00:00,832.9546350173771,558.9978705223256,3.3333333333333335,1
2023-01-02T01:00,834.9617575298446,560.34485529578,3.3333333333333335,1
2023-01-02T02:00,834.9617575298446,560.34485529578,3.3333333333333335,1
2023-01-02T03:00,835.4627847321663,560.6810958632699,3.3333333333333335,1
2023-01-02T04:00,836.463938817821,561.3529727919986,3.3333333333333335,1
2023-01-02T05:00,837.9634272138136,562.3592830818924,3.3333333333333335,1
2023-01-02T06:00,839.95858105523,563.6982356512517,3.3333333333333335,1
2023-01-02T07:00,840.9543829236595,564.3665206940532,3.3333333333333335,1
2023-01-02T08:00,838.9615972248776,563.0291573909445,3.3333333333333335,1
2023-01-02T09:00,836.9640667780919,561.6886098759729,3.3333333333333335,1
2023-01-02T10:00,834.4604295005415,560.0084128425752,3.3333333333333335,1
2023-01-02T11:00,827.4099434445084,555.2768145948655,3.3333333333333335,1
2023-01-02T12:00,821.3184990548177,551.1888315294118,3.3333333333333335,1
2023-01-02T13:00,816.7201011814079,548.1028355927941,3.3333333333333335,1
2023-01-02T14:00,815.1815376150718,547.0703018615577,3.3333333333333335,1
2023-01-02T15:00,813.6400646865762,546.0358156503383,3.3333333333333335,1
2023-01-02T16:00,815.1815376150718,547.0703018615577,3.3333333333333335,1
2023-01-02T17:00,819.2779530472326,549.8194161675306,3.3333333333333335,1
2023-01-02T18:00,833.4568687892797,559.3349208215799,3.3333333333333335,1
2023-01-02T19:00,838.9615972248776,563.0291573909445,3.3333333333333335,1
2023-01-02T20:00,836.463938817821,561.3529727919986,3.3333333333333335,1
2023-01-02T21:00,833.9588001017373,559.671768139569,3.3333333333333335,1
2023-01-02T22:00,834.4604295005415,560.0084128425752,3.3333333333333335,1
2023-01-02T23:00,834.9617575298446,560.34485529578,3.3333333333333335,1
2023-01-03T00:00,837.46389606527,562.024046519712,3.3333333333333335,1
2023-01-03T01:00,840.4566294719879,564.0324771485439,3.3333333333333335,1
2023-01-03T02:00,851.8313759956765,571.6660970567162,3.3333333333333335,1
2023-01-03T03:00,854.28410602456,573.3121301123861,3.3333333333333335,1
2023-01-03T04:00,857.2181184603919,575.2811529556072,3.3333333333333335,1
2023-01-03T05:00,857.7061447558094,575.6086685830238,3.3333333333333335,1
2023-01-03T06:00,859.655479417347,576.9168717899273,3.3333333333333335,1
2023-01-03T07:00,864.025402698415,579.849537874932,3.3333333333333335,1
2023-01-03T08:00,858.1938935269653,575.935997963237,3.3333333333333335,1
2023-01-03T09:00,848.8787453577186,569.68457949301,3.3333333333333335,1
2023-01-03T10:00,839.95858105523,563.6982356512517,3.3333333333333335,1
2023-01-03T11:00,830.4389100478359,557.3095614095921,3.3333333333333335,1
2023-01-03T12:00,822.8455877593044,552.2136644531028,3.3333333333333335,1
2023-01-03T13:00,817.7442020240601,548.7901121456532,3.3333333333333335,1
2023-01-03T14:00,815.6947145860217,547.414696168165,3.3333333333333335,1
2023-01-03T15:00,815.1815376150718,547.0703018615577,3.3333333333333335,1
2023-01-03T16:00,815.1815376150718,547.0703018615577,3.3333333333333335,1
2023-01-03T17:00,817.7442020240601,548.7901121456532,3.3333333333333335,1
2023-01-03T18:00,820.298860549898,550.5045496621997,3.3333333333333335,1
2023-01-03T19:00,835.9635116484001,561.0171349080399,3.3333333333333335,1
2023-01-03T20:00,839.4602371483813,563.3637958498447,3.3333333333333335,1
2023-01-03T21:00,841.9490070240066,565.0340153338453,3.3333333333333335,1
2023-01-03T22:00,848.3856411944957,569.3536560962256,3.3333333333333335,1
2023-01-03T23:00,847.3985720514272,568.6912316065388,3.3333333333333335,1
2023-01-04T00:00,846.9046060682981,568.3597298403305,3.3333333333333335,1
2023-01-04T01:00,849.3715632484957,570.0153107716636,3.3333333333333335,1
2023-01-04T02:00,853.3038600264175,572.6542846517648,3.3333333333333335,1
2023-01-04T03:00,853.3038600264175,572.6542846517648,3.3333333333333335,1
2023-01-04T04:00,852.3224866597069,571.9956826113703,3.3333333333333335,1
2023-01-04T05:00,853.3038600264175,572.6542846517648,3.3333333333333335,1
2023-01-04T06:00,854.7738074726439,573.6407699388094,3.3333333333333335,1
2023-01-04T07:00,857.2181184603919,575.2811529556072,3.3333333333333335,1
2023-01-04T08:00,851.8313759956765,571.6660970567162,3.3333333333333335,1
2023-01-04T09:00,842.942457525369,565.7007223685199,3.3333333333333335,1
2023-01-04T10:00,832.9546350173771,558.9978705223256,3.3333333333333335,1
2023-01-04T11:00,823.3539879238176,552.5548530333549,3.3333333333333335,1
2023-01-04T12:00,815.6947145860217,547.414696168165,3.3333333333333335,1
2023-01-04T13:00,811.064432821266,544.3073028749362,3.3333333333333335,1
2023-01-04T14:00,807.4447456278294,541.8781220432026,3.3333333333333335,1
2023-01-04T15:00,806.407565051192,541.1820676492255,3.3333333333333335,1
2023-01-04T16:00,807.4447456278294,541.8781220432026,3.3333333333333335,1
2023-01-04T17:00,815.1815376150718,547.0703018615577,3.3333333333333335,1
2023-01-04T18:00,826.9040369811637,554.9372995435,3.3333333333333335,1
2023-01-04T19:00,834.4604295005415,560.0084128425752,3.3333333333333335,1
2023-01-04T20:00,830.4389100478359,557.3095614095921,3.3333333333333335,1
2023-01-04T21:00,822.8455877593044,552.2136644531028,3.3333333333333335,1
2023-01-04T22:00,824.3698476413676,553.2365989472222,3.3333333333333335,1
2023-01-04T23:00,824.877308352794,553.5771570582352,3.3333333333333335,1
2023-01-05T00:00,826.3978208106837,554.5975766469265,3.3333333333333335,1
2023-01-05T01:00,828.9258102605692,556.2941164820875,3.3333333333333335,1
2023-01-05T02:00,828.420829519057,555.955222684883,3.3333333333333335,1
2023-01-05T03:00,829.430483555578,556.6328039511998,3.3333333333333335,1
2023-01-05T04:00,831.446113462343,557.9854980575471,3.3333333333333335,1
2023-01-05T05:00,831.446113462343,557.9854980575471,3.3333333333333335,1
2023-01-05T06:00,831.9492579038304,558.3231595093629,3.3333333333333335,1
2023-01-05T07:00,831.9492579038304,558.3231595093629,3.3333333333333335,1
2023-01-05T08:00,831.446113462343,557.9854980575471,3.3333333333333335,1
2023-01-05T09:00,826.3978208106837,554.5975766469265,3.3333333333333335,1
2023-01-05T10:00,820.808838131364,550.8467968507848,3.3333333333333335,1
2023-01-05T11:00,815.1815376150718,547.0703018615577,3.3333333333333335,1
2023-01-05T12:00,811.5802131168433,544.6534442789986,3.3333333333333335,1
2023-01-05T13:00,805.8884741927345,540.8337045184057,3.3333333333333335,1
2023-01-05T14:00,802.7668802498647,538.7387952720419,3.3333333333333335,1
2023-01-05T15:00,803.2879883088004,539.0885121509821,3.3333333333333335,1
2023-01-05T16:00,805.8884741927345,540.8337045184057,3.3333333333333335,1
2023-01-05T17:00,808.9980232653766,542.9205304232227,3.3333333333333335,1
2023-01-05T18:00,813.6400646865762,546.0358156503383,3.3333333333333335,1
2023-01-05T19:00,817.7442020240601,548.7901121456532,3.3333333333333335,1
2023-01-05T20:00,822.3368732823892,551.8722649370371,3.3333333333333335,1
2023-01-05T21:00,822.8455877593044,552.2136644531028,3.3333333333333335,1
2023-01-05T22:00,825.3844570686132,553.9175057882416,3.3333333333333335,1
2023-01-05T23:00,828.420829519057,555.955222684883,3.3333333333333335,1
2023-01-06T00:00,837.46389606527,562.024046519712,3.3333333333333335,1
2023-01-06T01:00,843.9347385723057,566.3666445795005,3.3333333333333335,1
2023-01-06T02:00,846.9046060682981,568.3597298403305,3.3333333333333335,1
2023-01-06T03:00,848.3856411944957,569.3536560962256,3.3333333333333335,1
2023-01-06T04:00,850.3563422033088,570.676198310472,3.3333333333333335,1
2023-01-06T05:00,854.7738074726439,573.6407699388094,3.3333333333333335,1
2023-01-06T06:00,855.7523696791485,574.2974854027894,3.3333333333333335,1
2023-01-06T07:00,858.1938935269653,575.935997963237,3.3333333333333335,1
2023-01-06T08:00,849.3715632484957,570.0153107716636,3.3333333333333335,1
2023-01-06T09:00,839.4602371483813,563.3637958498447,3.3333333333333335,1
2023-01-06T10:00,827.4099434445084,555.2768145948655,3.3333333333333335,1
2023-01-06T11:00,813.6400646865762,546.0358156503383,3.3333333333333335,1
2023-01-06T12:00,802.2454336990656,538.3888512303934,3.3333333333333335,1
2023-01-06T13:00,792.8007501631307,532.0505012622287,3.3333333333333335,1
2023-01-06T14:00,786.9732015597073,528.1396192973172,3.3333333333333335,1
2023-01-06T15:00,784.8433649033037,526.710280765015,3.3333333333333335,1
2023-01-06T16:00,785.9090047218813,527.4254342251025,3.3333333333333335,1
2023-01-06T17:00,798.0615958747866,535.5810675455904,3.3333333333333335,1
2023-01-06T18:00,817.7442020240601,548.7901121456532,3.3333333333333335,1
2023-01-06T19:00,822.3368732823892,551.8722649370371,3.3333333333333335,1
2023-01-06T20:00,825.3844570686132,553.9175057882416,3.3333333333333335,1
2023-01-06T21:00,825.3844570686132,553.9175057882416,3.3333333333333335,1
2023-01-06T22:00,827.9155407684673,555.6161221820415,3.3333333333333335,1
2023-01-06T23:00,831.9492579038304,558.3231595093629,3.3333333333333335,1
2023-01-07T00:00,837.9634272138136,562.3592830818924,3.3333333333333335,1
2023-01-07T01:00,842.4458787149532,565.367467127599,3.3333333333333335,1
2023-01-07T02:00,843.9347385723057,566.3666445795005,3.3333333333333335,1
2023-01-07T03:00,846.9046060682981,568.3597298403305,3.3333333333333335,1
2023-01-07T04:00,844.9258542850395,567.0317847318785,3.3333333333333335,1
2023-01-07T05:00,848.3856411944957,569.3536560962256,3.3333333333333335,1
2023-01-07T06:00,850.8483042590434,571.0063552361582,3.3333333333333335,1
2023-01-07T07:00,851.8313759956765,571.6660970567162,3.3333333333333335,1
2023-01-07T08:00,844.9258542850395,567.0317847318785,3.3333333333333335,1
2023-01-07T09:00,832.9546350173771,558.9978705223256,3.3333333333333335,1
2023-01-07T10:00,820.298860549898,550.5045496621997,3.3333333333333335,1
2023-01-07T11:00,806.9263219816859,541.5302066801809,3.3333333333333335,1
2023-01-07T12:00,795.43552229877,533.8187032161121,3.3333333333333335,1
2023-01-07T13:00,786.9732015597073,528.1396192973172,3.3333333333333335,1
2023-01-07T14:00,781.6377285048026,524.5589704233736,3.3333333333333335,1
2023-01-07T15:00,778.4188909652402,522.3988007640318,3.3333333333333335,1
2023-01-07T16:00,778.4188909652402,522.3988007640318,3.3333333333333335,1
2023-01-07T17:00,791.2156754349135,530.986753777741,3.3333333333333335,1
2023-01-07T18:00,807.9628366311714,542.2258141688354,3.3333333333333335,1
2023-01-07T19:00,814.6680373829415,546.7256906135904,3.3333333333333335,1
2023-01-07T20:00,816.7201011814079,548.1028355927941,3.3333333333333335,1
2023-01-07T21:00,816.7201011814079,548.1028355927941,3.3333333333333335,1
2023-01-07T22:00,821.3184990548177,551.1888315294118,3.3333333333333335,1
2023-01-07T23:00,824.3698476413676,553.2365989472222,3.3333333333333335,1
2023-01-08T00:00,829.9348499649468,556.9712854686168,3.3333333333333335,1
2023-01-08T01:00,834.9617575298446,560.34485529578,3.3333333333333335,1
2023-01-08T02:00,839.95858105523,563.6982356512517,3.3333333333333335,1
2023-01-08T03:00,842.942457525369,565.7007223685199,3.3333333333333335,1
2023-01-08T04:00,843.9347385723057,566.3666445795005,3.3333333333333335,1
2023-01-08T05:00,842.4458787149532,565.367467127599,3.3333333333333335,1
2023-01-08T06:00,843.9347385723057,566.3666445795005,3.3333333333333335,1
2023-01-08T07:00,844.4304418388793,566.699312240831,3.3333333333333335,1
2023-01-08T08:00,839.4602371483813,563.3637958498447,3.3333333333333335,1
2023-01-08T09:00,829.9348499649468,556.9712854686168,3.3333333333333335,1
2023-01-08T10:00,817.2323120195798,548.4465815253569,3.3333333333333335,1
2023-01-08T11:00,802.2454336990656,538.3888512303934,3.3333333333333335,1
2023-01-08T12:00,789.097289637679,529.5650999447275,3.3333333333333335,1
2023-01-08T13:00,780.5662575028142,523.8399036419931,3.3333333333333335,1
2023-01-08T14:00,774.1062877478543,519.5046023124244,3.3333333333333335,1
2023-01-08T15:00,771.3986673927234,517.6875117422165,3.3333333333333335,1
2023-01-08T16:00,771.940951232909,518.0514397391789,3.3333333333333335,1
2023-01-08T17:00,786.9732015597073,528.1396192973172,3.3333333333333335,1
2023-01-08T18:00,803.808758534204,539.4380023090217,3.3333333333333335,1
2023-01-08T19:00,810.031886975744,543.6143588602223,3.3333333333333335,1
2023-01-08T20:00,813.6400646865762,546.0358156503383,3.3333333333333335,1
2023-01-08T21:00,817.2323120195798,548.4465815253569,3.3333333333333335,1
2023-01-08T22:00,822.8455877593044,552.2136644531028,3.3333333333333335,1
2023-01-08T23:00,825.3844570686132,553.9175057882416,3.3333333333333335,1
2023-01-09T00:00,827.4099434445084,555.2768145948655,3.3333333333333335,1
2023-01-09T01:00,832.452098238591,558.6606168744187,3.3333333333333335,1
2023-01-09T02:00,834.4604295005415,560.0084128425752,3.3333333333333335,1
2023-01-09T03:00,835.4627847321663,560.6810958632699,3.3333333333333335,1
2023-01-09T04:00,837.9634272138136,562.3592830818924,3.3333333333333335,1
2023-01-09T05:00,840.4566294719879,564.0324771485439,3.3333333333333335,1
2023-01-09T06:00,840.9543829236595,564.3665206940532,3.3333333333333335,1
2023-01-09T07:00,840.4566294719879,564.0324771485439,3.3333333333333335,1
2023-01-09T08:00,838.9615972248776,563.0291573909445,3.3333333333333335,1
2023-01-09T09:00,829.430483555578,556.6328039511998,3.3333333333333335,1
2023-01-09T10:00,817.7442020240601,548.7901121456532,3.3333333333333335,1
2023-01-09T11:00,803.808758534204,539.4380023090217,3.3333333333333335,1
2023-01-09T12:00,790.6866110658682,530.6316973998395,3.3333333333333335,1
2023-01-09T13:00,780.5662575028142,523.8399036419931,3.3333333333333335,1
2023-01-09T14:00,775.7263236065025,520.5918122961174,3.3333333333333335,1
2023-01-09T15:00,775.7263236065025,520.5918122961174,3.3333333333333335,1
2023-01-09T16:00,779.4933136863665,523.1198484512661,3.3333333333333335,1
2023-01-09T17:00,789.097289637679,529.5650999447275,3.3333333333333335,1
2023-01-09T18:00,802.7668802498647,538.7387952720419,3.3333333333333335,1
2023-01-09T19:00,808.9980232653766,542.9205304232227,3.3333333333333335,1
2023-01-09T20:00,816.2075689055268,547.7588739426071,3.3333333333333335,1
2023-01-09T21:00,818.7670219385759,549.4765290645412,3.3333333333333335,1
2023-01-09T22:00,822.3368732823892,551.8722649370371,3.3333333333333335,1
2023-01-09T23:00,825.3844570686132,553.9175057882416,3.3333333333333335,1
2023-01-10T00:00,829.430483555578,556.6328039511998,3.3333333333333335,1
2023-01-10T01:00,833.4568687892797,559.3349208215799,3.3333333333333335,1
2023-01-10T02:00,836.9640667780919,561.6886098759729,3.3333333333333335,1
2023-01-10T03:00,838.9615972248776,563.0291573909445,3.3333333333333335,1
2023-01-10T04:00,842.942457525369,565.7007223685199,3.3333333333333335,1
2023-01-10T05:00,844.9258542850395,567.0317847318785,3.3333333333333335,1
2023-01-10T06:00,846.4103518061438,568.0280346093712,3.3333333333333335,1
2023-01-10T07:00,847.8922502593692,569.022540246123,3.3333333333333335,1
2023-01-10T08:00,847.3985720514272,568.6912316065388,3.3333333333333335,1
2023-01-10T09:00,841.4518419336972,564.7003666390697,3.3333333333333335,1
2023-01-10T10:00,831.446113462343,557.9854980575471,3.3333333333333335,1
2023-01-10T11:00,820.808838131364,550.8467968507848,3.3333333333333335,1
2023-01-10T12:00,812.0956658287739,544.999365840883,3.3333333333333335,1
2023-01-10T13:00,805.8884741927345,540.8337045184057,3.3333333333333335,1
2023-01-10T14:00,801.2015224778372,537.6882798845494,3.3333333333333335,1
2023-01-10T15:00,798.0615958747866,535.5810675455904,3.3333333333333335,1
2023-01-10T16:00,798.0615958747866,535.5810675455904,3.3333333333333335,1
2023-01-10T17:00,801.2015224778372,537.6882798845494,3.3333333333333335,1
2023-01-10T18:00,816.2075689055268,547.7588739426071,3.3333333333333335,1
2023-01-10T19:00,823.3539879238176,552.5548530333549,3.3333333333333335,1
2023-01-10T20:00,827.9155407684673,555.6161221820415,3.3333333333333335,1
2023-01-10T21:00,833.9588001017373,559.671768139569,3.3333333333333335,1
2023-01-10T22:00,834.9617575298446,560.34485529578,3.3333333333333335,1
2023-01-10T23:00,836.9640667780919,561.6886098759729,3.3333333333333335,1
2023-01-11T00:00,838.9615972248776,563.0291573909445,3.3333333333333335,1
2023-01-11T01:00,840.4566294719879,564.0324771485439,3.3333333333333335,1
2023-01-11T02:00,839.95858105523,563.6982356512517,3.3333333333333335,1
2023-01-11T03:00,839.95858105523,563.6982356512517,3.3333333333333335,1
2023-01-11T04:00,839.95858105523,563.6982356512517,3.3333333333333335,1
2023-01-11T05:00,841.4518419336972,564.7003666390697,3.3333333333333335,1
2023-01-11T06:00,842.942457525369,565.7007223685199,3.3333333333333335,1
2023-01-11T07:00,842.942457525369,565.7007223685199,3.3333333333333335,1
2023-01-11T08:00,841.9490070240066,565.0340153338453,3.3333333333333335,1
2023-01-11T09:00,833.9588001017373,559.671768139569,3.3333333333333335,1
2023-01-11T10:00,823.3539879238176,552.5548530333549,3.3333333333333335,1
2023-01-11T11:00,812.0956658287739,544.999365840883,3.3333333333333335,1
2023-01-11T12:00,801.2015224778372,537.6882798845494,3.3333333333333335,1
2023-01-11T13:00,794.3826621122338,533.1121261980021,3.3333333333333335,1
2023-01-11T14:00,790.1571924520644,530.2764032874235,3.3333333333333335,1
2023-01-11T15:00,787.504760689251,528.4963499150241,3.3333333333333335,1
2023-01-11T16:00,787.504760689251,528.4963499150241,3.3333333333333335,1
2023-01-11T17:00,792.2727442769466,531.6961552347359,3.3333333333333335,1
2023-01-11T18:00,807.4447456278294,541.8781220432026,3.3333333333333335,1
2023-01-11T19:00,811.064432821266,544.3073028749362,3.3333333333333335,1
2023-01-11T20:00,814.6680373829415,546.7256906135904,3.3333333333333335,1
2023-01-11T21:00,815.1815376150718,547.0703018615577,3.3333333333333335,1
2023-01-11T22:00,816.2075689055268,547.7588739426071,3.3333333333333335,1
2023-01-11T23:00,817.2323120195798,548.4465815253569,3.3333333333333335,1
2023-01-12T00:00,818.7670219385759,549.4765290645412,3.3333333333333335,1
2023-01-12T01:00,818.7670219385759,549.4765290645412,3.3333333333333335,1
2023-01-12T02:00,820.298860549898,550.5045496621997,3.3333333333333335,1
2023-01-12T03:00,819.2779530472326,549.8194161675306,3.3333333333333335,1
2023-01-12T04:00,816.2075689055268,547.7588739426071,3.3333333333333335,1
2023-01-12T05:00,814.154213277973,546.3808620137777,3.3333333333333335,1
2023-01-12T06:00,813.6400646865762,546.0358156503383,3.3333333333333335,1
2023-01-12T07:00,812.6107915804333,545.3450679789387,3.3333333333333335,1
2023-01-12T08:00,813.6400646865762,546.0358156503383,3.3333333333333335,1
2023-01-12T09:00,810.031886975744,543.6143588602223,3.3333333333333335,1
2023-01-12T10:00,804.849288107094,540.1363042224854,3.3333333333333335,1
2023-01-12T11:00,803.2879883088004,539.0885121509821,3.3333333333333335,1
2023-01-12T12:00,794.3826621122338,533.1121261980021,3.3333333333333335,1
2023-01-12T13:00,788.0359612627672,528.8528399049136,3.3333333333333335,1
2023-01-12T14:00,783.7762762182476,525.9941549671288,3.3333333333333335,1
2023-01-12T15:00,779.4933136863665,523.1198484512661,3.3333333333333335,1
2023-01-12T16:00,779.4933136863665,523.1198484512661,3.3333333333333335,1
2023-01-12T17:00,782.1729135921585,524.9181344301397,3.3333333333333335,1
2023-01-12T18:00,791.7443862693472,531.3415728977094,3.3333333333333335,1
2023-01-12T19:00,796.4869907317474,534.5243462250421,3.3333333333333335,1
2023-01-12T20:00,798.0615958747866,535.5810675455904,3.3333333333333335,1
2023-01-12T21:00,800.1562493354699,536.9867945501345,3.3333333333333335,1
2023-01-12T22:00,801.7236479959307,538.0386795827917,3.3333333333333335,1
2023-01-12T23:00,801.2015224778372,537.6882798845494,3.3333333333333335,1
2023-01-13T00:00,798.0615958747866,535.5810675455904,3.3333333333333335,1
2023-01-13T01:00,797.0122047622693,534.8768186314464,3.3333333333333335,1
2023-01-13T02:00,800.6790564800015,537.3376516895283,3.3333333333333335,1
2023-01-13T03:00,799.6331003751081,536.6357080173103,3.3333333333333335,1
2023-01-13T04:00,798.5857743193965,535.932844967784,3.3333333333333335,1
2023-01-13T05:00,800.1562493354699,536.9867945501345,3.3333333333333335,1
2023-01-13T06:00,802.2454336990656,538.3888512303934,3.3333333333333335,1
2023-01-13T07:00,801.7236479959307,538.0386795827917,3.3333333333333335,1
2023-01-13T08:00,800.6790564800015,537.3376516895283,3.3333333333333335,1
2023-01-13T09:00,796.4869907317474,534.5243462250421,3.3333333333333335,1
2023-01-13T10:00,791.7443862693472,531.3415728977094,3.3333333333333335,1
2023-01-13T11:00,783.2421867005402,525.635726199804,3.3333333333333335,1
2023-01-13T12:00,781.1021767266102,524.1995603295001,3.3333333333333335,1
2023-01-13T13:00,776.2655842372243,520.9537114098952,3.3333333333333335,1
2023-01-13T14:00,773.0243776625457,518.778529836975,3.3333333333333335,1
2023-01-13T15:00,774.1062877478543,519.5046023124244,3.3333333333333335,1
2023-01-13T16:00,784.3100020385062,526.3523396562158,3.3333333333333335,1
2023-01-13T17:00,796.4869907317474,534.5243462250421,3.3333333333333335,1
2023-01-13T18:00,805.8884741927345,540.8337045184057,3.3333333333333335,1
2023-01-13T19:00,814.154213277973,546.3808620137777,3.3333333333333335,1
2023-01-13T20:00,821.8278439093905,551.5306540934482,3.3333333333333335,1
2023-01-13T21:00,823.3539879238176,552.5548530333549,3.3333333333333335,1
2023-01-13T22:00,825.8912943635792,554.2576455229599,3.3333333333333335,1
2023-01-13T23:00,826.9040369811637,554.9372995435,3.3333333333333335,1
2023-01-14T00:00,828.9258102605692,556.2941164820875,3.3333333333333335,1
2023-01-14T01:00,829.9348499649468,556.9712854686168,3.3333333333333335,1
2023-01-14T02:00,829.9348499649468,556.9712854686168,3.3333333333333335,1
2023-01-14T03:00,830.4389100478359,557.3095614095921,3.3333333333333335,1
2023-01-14T04:00,830.4389100478359,557.3095614095921,3.3333333333333335,1
2023-01-14T05:00,830.9426643617094,557.6476321482414,3.3333333333333335,1
2023-01-14T06:00,831.446113462343,557.9854980575471,3.3333333333333335,1
2023-01-14T07:00,832.452098238591,558.6606168744187,3.3333333333333335,1
2023-01-14T08:00,835.4627847321663,560.6810958632699,3.3333333333333335,1
2023-01-14T09:00,837.9634272138136,562.3592830818924,3.3333333333333335,1
2023-01-14T10:00,841.4518419336972,564.7003666390697,3.3333333333333335,1
2023-01-14T11:00,842.942457525369,565.7007223685199,3.3333333333333335,1
2023-01-14T12:00,844.4304418388793,566.699312240831,3.3333333333333335,1
2023-01-14T13:00,846.4103518061438,568.0280346093712,3.3333333333333335,1
2023-01-14T14:00,846.9046060682981,568.3597298403305,3.3333333333333335,1
2023-01-14T15:00,848.8787453577186,569.68457949301,3.3333333333333335,1
2023-01-14T16:00,853.3038600264175,572.6542846517648,3.3333333333333335,1
2023-01-14T17:00,857.2181184603919,575.2811529556072,3.3333333333333335,1
2023-01-14T18:00,859.1685603868253,576.5900992506608,3.3333333333333335,1
2023-01-14T19:00,861.1145845342332,577.8960807635236,3.3333333333333335,1
2023-01-14T20:00,862.0859492926229,578.5479660026626,3.3333333333333335,1
2023-01-14T21:00,864.9934986913809,580.4992294376879,3.3333333333333335,1
2023-01-14T22:00,867.4090116282226,582.1202860128583,3.3333333333333335,1
2023-01-14T23:00,868.3733354520092,582.7674460637528,3.3333333333333335,1
2023-01-15T00:00,869.3365895867062,583.4138882437117,3.3333333333333335,1
2023-01-15T01:00,871.7400682942935,585.026868618518,3.3333333333333335,1
2023-01-15T02:00,872.6996063594489,585.6708169352181,3.3333333333333335,1
2023-01-15T03:00,873.6580905652593,586.3140580043624,3.3333333333333335,1
2023-01-15T04:00,874.6155243764729,586.9565941511518,3.3333333333333335,1
2023-01-15T05:00,876.0497131359779,587.9190816970355,3.3333333333333335,1
2023-01-15T06:00,877.4815578067299,588.8799961192867,3.3333333333333335,1
2023-01-15T07:00,877.958320437835,589.1999526743359,3.3333333333333335,1
2023-01-15T08:00,878.4348243103317,589.5197355758569,3.3333333333333335,1
2023-01-15T09:00,876.5272545795298,588.2395609150018,3.3333333333333335,1
2023-01-15T10:00,872.2199692765802,585.3489313286369,3.3333333333333335,1
2023-01-15T11:00,865.9605124072076,581.1481946816374,3.3333333333333335,1
2023-01-15T12:00,860.6284910241274,577.5698622330051,3.3333333333333335,1
2023-01-15T13:00,856.2412313983583,574.6255616851339,3.3333333333333335,1
2023-01-15T14:00,853.7941237037666,572.983301791608,3.3333333333333335,1
2023-01-15T15:00,854.28410602456,573.3121301123861,3.3333333333333335,1
2023-01-15T16:00,855.7523696791485,574.2974854027894,3.3333333333333335,1
2023-01-15T17:00,857.2181184603919,575.2811529556072,3.3333333333333335,1
2023-01-15T18:00,858.6813652467782,576.2631414136239,3.3333333333333335,1
2023-01-15T19:00,858.6813652467782,576.2631414136239,3.3333333333333335,1
2023-01-15T20:00,864.9934986913809,580.4992294376879,3.3333333333333335,1
2023-01-15T21:00,865.4771406071073,580.8238026972878,3.3333333333333335,1
2023-01-15T22:00,864.9934986913809,580.4992294376879,3.3333333333333335,1
2023-01-15T23:00,865.9605124072076,581.1481946816374,3.3333333333333335,1
2023-01-16T00:00,872.6996063594489,585.6708169352181,3.3333333333333335,1
2023-01-16T01:00,872.6996063594489,585.6708169352181,3.3333333333333335,1
2023-01-16T02:00,872.2199692765802,585.3489313286369,3.3333333333333335,1
2023-01-16T03:00,882.2375902453452,592.0717809939404,3.3333333333333335,1
2023-01-16T04:00,882.2375902453452,592.0717809939404,3.3333333333333335,1
2023-01-16T05:00,883.6594083962499,593.0259665944671,3.3333333333333335,1
2023-01-16T06:00,886.4962035213706,594.929746665296,3.3333333333333335,1
2023-01-16T07:00,887.4397867618968,595.562987660592,3.3333333333333335,1
2023-01-16T08:00,882.2375902453452,592.0717809939404,3.3333333333333335,1
2023-01-16T09:00,873.1789799777798,585.9925257301106,3.3333333333333335,1
2023-01-16T10:00,862.5712214668779,578.8736333327047,3.3333333333333335,1
2023-01-16T11:00,856.7298141664476,574.9534507627067,3.3333333333333335,1
2023-01-16T12:00,852.3224866597069,571.9956826113703,3.3333333333333335,1
2023-01-16T13:00,848.8787453577186,569.68457949301,3.3333333333333335,1
2023-01-16T14:00,846.4103518061438,568.0280346093712,3.3333333333333335,1
2023-01-16T15:00,846.9046060682981,568.3597298403305,3.3333333333333335,1
2023-01-16T16:00,847.8922502593692,569.022540246123,3.3333333333333335,1
2023-01-16T17:00,849.3715632484957,570.0153107716636,3.3333333333333335,1
2023-01-16T18:00,854.7738074726439,573.6407699388094,3.3333333333333335,1
2023-01-16T19:00,857.7061447558094,575.6086685830238,3.3333333333333335,1
2023-01-16T20:00,856.2412313983583,574.6255616851339,3.3333333333333335,1
2023-01-16T21:00,859.1685603868253,576.5900992506608,3.3333333333333335,1
2023-01-16T22:00,858.6813652467782,576.2631414136239,3.3333333333333335,1
2023-01-16T23:00,861.1145845342332,577.8960807635236,3.3333333333333335,1
2023-01-17T00:00,865.9605124072076,581.1481946816374,3.3333333333333335,1
2023-01-17T01:00,871.2599029765117,584.7046285122088,3.3333333333333335,1
2023-01-17T02:00,873.1789799777798,585.9925257301106,3.3333333333333335,1
2023-01-17T03:00,875.5719112388942,587.5984276880743,3.3333333333333335,1
2023-01-17T04:00,877.4815578067299,588.8799961192867,3.3333333333333335,1
2023-01-17T05:00,877.4815578067299,588.8799961192867,3.3333333333333335,1
2023-01-17T06:00,879.8627875790745,590.4780451798304,3.3333333333333335,1
2023-01-17T07:00,872.2199692765802,585.3489313286369,3.3333333333333335,1
2023-01-17T08:00,876.5272545795298,588.2395609150018,3.3333333333333335,1
2023-01-17T09:00,866.9264474675756,581.7964360372994,3.3333333333333335,1
2023-01-17T10:00,856.7298141664476,574.9534507627067,3.3333333333333335,1
2023-01-17T11:00,847.3985720514272,568.6912316065388,3.3333333333333335,1
2023-01-17T12:00,840.9543829236595,564.3665206940532,3.3333333333333335,1
2023-01-17T13:00,836.463938817821,561.3529727919986,3.3333333333333335,1
2023-01-17T14:00,832.9546350173771,558.9978705223256,3.3333333333333335,1
2023-01-17T15:00,831.446113462343,557.9854980575471,3.3333333333333335,1
2023-01-17T16:00,831.446113462343,557.9854980575471,3.3333333333333335,1
2023-01-17T17:00,834.4604295005415,560.0084128425752,3.3333333333333335,1
2023-01-17T18:00,841.4518419336972,564.7003666390697,3.3333333333333335,1
2023-01-17T19:00,842.942457525369,565.7007223685199,3.3333333333333335,1
2023-01-17T20:00,863.0562207863173,579.19911754922,3.3333333333333335,1
2023-01-17T21:00,863.0562207863173,579.19911754922,3.3333333333333335,1
2023-01-17T22:00,867.4090116282226,582.1202860128583,3.3333333333333335,1
2023-01-17T23:00,866.9264474675756,581.7964360372994,3.3333333333333335,1
2023-01-18T00:00,870.7794728859551,584.38221071625,3.3333333333333335,1
2023-01-18T01:00,875.0938484616557,587.2775986018098,3.3333333333333335,1
2023-01-18T02:00,870.7794728859551,584.38221071625,3.3333333333333335,1
2023-01-18T03:00,868.3733354520092,582.7674460637528,3.3333333333333335,1
2023-01-18T04:00,866.9264474675756,581.7964360372994,3.3333333333333335,1
2023-01-18T05:00,870.2987775841369,584.059614936372,3.3333333333333335,1
2023-01-18T06:00,878.4348243103317,589.5197355758569,3.3333333333333335,1
2023-01-18T07:00,879.8627875790745,590.4780451798304,3.3333333333333335,1
2023-01-18T08:00,870.7794728859551,584.38221071625,3.3333333333333335,1
2023-01-18T09:00,864.025402698415,579.849537874932,3.3333333333333335,1
2023-01-18T10:00,854.28410602456,573.3121301123861,3.3333333333333335,1
2023-01-18T11:00,843.9347385723057,566.3666445795005,3.3333333333333335,1
2023-01-18T12:00,834.4604295005415,560.0084128425752,3.3333333333333335,1
2023-01-18T13:00,828.9258102605692,556.2941164820875,3.3333333333333335,1
2023-01-18T14:00,825.3844570686132,553.9175057882416,3.3333333333333335,1
2023-01-18T15:00,824.3698476413676,553.2365989472222,3.3333333333333335,1
2023-01-18T16:00,825.3844570686132,553.9175057882416,3.3333333333333335,1
2023-01-18T17:00,829.9348499649468,556.9712854686168,3.3333333333333335,1
2023-01-18T18:00,841.4518419336972,564.7003666390697,3.3333333333333335,1
2023-01-18T19:00,849.3715632484957,570.0153107716636,3.3333333333333335,1
2023-01-18T20:00,837.9634272138136,562.3592830818924,3.3333333333333335,1
2023-01-18T21:00,856.7298141664476,574.9534507627067,3.3333333333333335,1
2023-01-18T22:00,847.3985720514272,568.6912316065388,3.3333333333333335,1
2023-01-18T23:00,847.3985720514272,568.6912316065388,3.3333333333333335,1
2023-01-19T00:00,844.9258542850395,567.0317847318785,3.3333333333333335,1
2023-01-19T01:00,853.3038600264175,572.6542846517648,3.3333333333333335,1
2023-01-19T02:00,852.8133145072754,572.3250783672125,3.3333333333333335,1
2023-01-19T03:00,850.8483042590434,571.0063552361582,3.3333333333333335,1
2023-01-19T04:00,849.8640953648365,570.3458502664017,3.3333333333333335,1
2023-01-19T05:00,854.28410602456,573.3121301123861,3.3333333333333335,1
2023-01-19T06:00,850.8483042590434,571.0063552361582,3.3333333333333335,1
2023-01-19T07:00,852.3224866597069,571.9956826113703,3.3333333333333335,1
2023-01-19T08:00,860.142122807253,577.2434593461098,3.3333333333333335,1
2023-01-19T09:00,848.3856411944957,569.3536560962256,3.3333333333333335,1
2023-01-19T10:00,836.463938817821,561.3529727919986,3.3333333333333335,1
2023-01-19T11:00,825.3844570686132,553.9175057882416,3.3333333333333335,1
2023-01-19T12:00,818.2557717969764,549.1334278577722,3.3333333333333335,1
2023-01-19T13:00,813.1255909932224,545.690551110189,3.3333333333333335,1
2023-01-19T14:00,808.9980232653766,542.9205304232227,3.3333333333333335,1
2023-01-19T15:00,807.4447456278294,541.8781220432026,3.3333333333333335,1
2023-01-19T16:00,807.9628366311714,542.2258141688354,3.3333333333333335,1
2023-01-19T17:00,815.6947145860217,547.414696168165,3.3333333333333335,1
2023-01-19T18:00,835.4627847321663,560.6810958632699,3.3333333333333335,1
2023-01-19T19:00,841.9490070240066,565.0340153338453,3.3333333333333335,1
2023-01-19T20:00,841.4518419336972,564.7003666390697,3.3333333333333335,1
2023-01-19T21:00,847.8922502593692,569.022540246123,3.3333333333333335,1
2023-01-19T22:00,853.3038600264175,572.6542846517648,3.3333333333333335,1
2023-01-19T23:00,857.7061447558094,575.6086685830238,3.3333333333333335,1
2023-01-20T00:00,853.3038600264175,572.6542846517648,3.3333333333333335,1
2023-01-20T01:00,849.3715632484957,570.0153107716636,3.3333333333333335,1
2023-01-20T02:00,854.28410602456,573.3121301123861,3.3333333333333335,1
2023-01-20T03:00,864.5095862066869,580.1744745985993,3.3333333333333335,1
2023-01-20T04:00,869.3365895867062,583.4138882437117,3.3333333333333335,1
2023-01-20T05:00,865.9605124072076,581.1481946816374,3.3333333333333335,1
2023-01-20T06:00,864.5095862066869,580.1744745985993,3.3333333333333335,1
2023-01-20T07:00,864.025402698415,579.849537874932,3.3333333333333335,1
2023-01-20T08:00,861.6004038025192,578.2221152496933,3.3333333333333335,1
2023-01-20T09:00,849.8640953648365,570.3458502664017,3.3333333333333335,1
2023-01-20T10:00,835.9635116484001,561.0171349080399,3.3333333333333335,1
2023-01-20T11:00,822.8455877593044,552.2136644531028,3.3333333333333335,1
2023-01-20T12:00,814.154213277973,546.3808620137777,3.3333333333333335,1
2023-01-20T13:00,810.031886975744,543.6143588602223,3.3333333333333335,1
2023-01-20T14:00,807.4447456278294,541.8781220432026,3.3333333333333335,1
2023-01-20T15:00,806.407565051192,541.1820676492255,3.3333333333333335,1
2023-01-20T16:00,807.4447456278294,541.8781220432026,3.3333333333333335,1
2023-01-20T17:00,812.0956658287739,544.999365840883,3.3333333333333335,1
2023-01-20T18:00,820.298860549898,550.5045496621997,3.3333333333333335,1
2023-01-20T19:00,825.3844570686132,553.9175057882416,3.3333333333333335,1
2023-01-20T20:00,837.46389606527,562.024046519712,3.3333333333333335,1
2023-01-20T21:00,834.9617575298446,560.34485529578,3.3333333333333335,1
2023-01-20T22:00,834.9617575298446,560.34485529578,3.3333333333333335,1
2023-01-20T23:00,836.463938817821,561.3529727919986,3.3333333333333335,1
2023-01-21T00:00,841.4518419336972,564.7003666390697,3.3333333333333335,1
2023-01-21T01:00,845.4209764220442,567.3640623957496,3.3333333333333335,1
2023-01-21T02:00,853.3038600264175,572.6542846517648,3.3333333333333335,1
2023-01-21T03:00,856.7298141664476,574.9534507627067,3.3333333333333335,1
2023-01-21T04:00,857.2181184603919,575.2811529556072,3.3333333333333335,1
2023-01-21T05:00,855.7523696791485,574.2974854027894,3.3333333333333335,1
2023-01-21T06:00,856.7298141664476,574.9534507627067,3.3333333333333335,1
2023-01-21T07:00,858.1938935269653,575.935997963237,3.3333333333333335,1
2023-01-21T08:00,852.3224866597069,571.9956826113703,3.3333333333333335,1
2023-01-21T09:00,840.4566294719879,564.0324771485439,3.3333333333333335,1
2023-01-21T10:00,830.4389100478359,557.3095614095921,3.3333333333333335,1
2023-01-21T11:00,823.8620743578094,552.8958310682954,3.3333333333333335,1
2023-01-21T12:00,819.7885657194556,550.1620895670591,3.3333333333333335,1
2023-01-21T13:00,818.7670219385759,549.4765290645412,3.3333333333333335,1
2023-01-21T14:00,823.3539879238176,552.5548530333549,3.3333333333333335,1
2023-01-21T15:00,823.8620743578094,552.8958310682954,3.3333333333333335,1
2023-01-21T16:00,824.877308352794,553.5771570582352,3.3333333333333335,1
2023-01-21T17:00,828.9258102605692,556.2941164820875,3.3333333333333335,1
2023-01-21T18:00,831.446113462343,557.9854980575471,3.3333333333333335,1
2023-01-21T19:00,832.9546350173771,558.9978705223256,3.3333333333333335,1
2023-01-21T20:00,833.9588001017373,559.671768139569,3.3333333333333335,1
2023-01-21T21:00,835.4627847321663,560.6810958632699,3.3333333333333335,1
2023-01-21T22:00,837.46389606527,562.024046519712,3.3333333333333335,1
2023-01-21T23:00,838.9615972248776,563.0291573909445,3.3333333333333335,1
2023-01-22T00:00,839.95858105523,563.6982356512517,3.3333333333333335,1
2023-01-22T01:00,840.4566294719879,564.0324771485439,3.3333333333333335,1
2023-01-22T02:00,841.4518419336972,564.7003666390697,3.3333333333333335,1
2023-01-22T03:00,841.9490070240066,565.0340153338453,3.3333333333333335,1
2023-01-22T04:00,841.9490070240066,565.0340153338453,3.3333333333333335,1
2023-01-22T05:00,841.4518419336972,564.7003666390697,3.3333333333333335,1
2023-01-22T06:00,842.942457525369,565.7007223685199,3.3333333333333335,1
2023-01-22T07:00,843.9347385723057,566.3666445795005,3.3333333333333335,1
2023-01-22T08:00,843.9347385723057,566.3666445795005,3.3333333333333335,1
2023-01-22T09:00,841.9490070240066,565.0340153338453,3.3333333333333335,1
2023-01-22T10:00,836.463938817821,561.3529727919986,3.3333333333333335,1
2023-01-22T11:00,829.9348499649468,556.9712854686168,3.3333333333333335,1
2023-01-22T12:00,821.8278439093905,551.5306540934482,3.3333333333333335,1
2023-01-22T13:00,816.7201011814079,548.1028355927941,3.3333333333333335,1
2023-01-22T14:00,809.5151201690958,543.267555406194,3.3333333333333335,1
2023-01-22T15:00,808.4805956312048,542.5732834862448,3.3333333333333335,1
2023-01-22T16:00,810.031886975744,543.6143588602223,3.3333333333333335,1
2023-01-22T17:00,812.6107915804333,545.3450679789387,3.3333333333333335,1
2023-01-22T18:00,817.7442020240601,548.7901121456532,3.3333333333333335,1
2023-01-22T19:00,824.877308352794,553.5771570582352,3.3333333333333335,1
2023-01-22T20:00,834.4604295005415,560.0084128425752,3.3333333333333335,1
2023-01-22T21:00,842.942457525369,565.7007223685199,3.3333333333333335,1
2023-01-22T22:00,844.4304418388793,566.699312240831,3.3333333333333335,1
2023-01-22T23:00,844.9258542850395,567.0317847318785,3.3333333333333335,1
2023-01-23T00:00,849.3715632484957,570.0153107716636,3.3333333333333335,1
2023-01-23T01:00,851.3399820257407,571.3363213747839,3.3333333333333335,1
2023-01-23T02:00,846.9046060682981,568.3597298403305,3.3333333333333335,1
2023-01-23T03:00,849.3715632484957,570.0153107716636,3.3333333333333335,1
2023-01-23T04:00,849.8640953648365,570.3458502664017,3.3333333333333335,1
2023-01-23T05:00,849.8640953648365,570.3458502664017,3.3333333333333335,1
2023-01-23T06:00,846.4103518061438,568.0280346093712,3.3333333333333335,1
2023-01-23T07:00,844.9258542850395,567.0317847318785,3.3333333333333335,1
2023-01-23T08:00,841.9490070240066,565.0340153338453,3.3333333333333335,1
2023-01-23T09:00,838.9615972248776,563.0291573909445,3.3333333333333335,1
2023-01-23T10:00,834.9617575298446,560.34485529578,3.3333333333333335,1
2023-01-23T11:00,833.9588001017373,559.671768139569,3.3333333333333335,1
2023-01-23T12:00,829.9348499649468,556.9712854686168,3.3333333333333335,1
2023-01-23T13:00,826.9040369811637,554.9372995435,3.3333333333333335,1
2023-01-23T14:00,821.3184990548177,551.1888315294118,3.3333333333333335,1
2023-01-23T15:00,820.808838131364,550.8467968507848,3.3333333333333335,1
2023-01-23T16:00,817.7442020240601,548.7901121456532,3.3333333333333335,1
2023-01-23T17:00,821.3184990548177,551.1888315294118,3.3333333333333335,1
2023-01-23T18:00,826.3978208106837,554.5975766469265,3.3333333333333335,1
2023-01-23T19:00,828.9258102605692,556.2941164820875,3.3333333333333335,1
2023-01-23T20:00,839.95858105523,563.6982356512517,3.3333333333333335,1
2023-01-23T21:00,841.4518419336972,564.7003666390697,3.3333333333333335,1
2023-01-23T22:00,842.4458787149532,565.367467127599,3.3333333333333335,1
2023-01-23T23:00,845.4209764220442,567.3640623957496,3.3333333333333335,1
2023-01-24T00:00,849.3715632484957,570.0153107716636,3.3333333333333335,1
2023-01-24T01:00,852.8133145072754,572.3250783672125,3.3333333333333335,1
2023-01-24T02:00,856.2412313983583,574.6255616851339,3.3333333333333335,1
2023-01-24T03:00,860.142122807253,577.2434593461098,3.3333333333333335,1
2023-01-24T04:00,863.0562207863173,579.19911754922,3.3333333333333335,1
2023-01-24T05:00,863.5409477106799,579.5244189607403,3.3333333333333335,1
2023-01-24T06:00,866.443614543758,581.4724056941266,3.3333333333333335,1
2023-01-24T07:00,869.3365895867062,583.4138882437117,3.3333333333333335,1
2023-01-24T08:00,867.4090116282226,582.1202860128583,3.3333333333333335,1
2023-01-24T09:00,862.5712214668779,578.8736333327047,3.3333333333333335,1
2023-01-24T10:00,858.6813652467782,576.2631414136239,3.3333333333333335,1
2023-01-24T11:00,855.2632285304795,573.9692215946588,3.3333333333333335,1
2023-01-24T12:00,853.3038600264175,572.6542846517648,3.3333333333333335,1
2023-01-24T13:00,851.3399820257407,571.3363213747839,3.3333333333333335,1
2023-01-24T14:00,850.8483042590434,571.0063552361582,3.3333333333333335,1
2023-01-24T15:00,851.8313759956765,571.6660970567162,3.3333333333333335,1
2023-01-24T16:00,853.3038600264175,572.6542846517648,3.3333333333333335,1
2023-01-24T17:00,858.1938935269653,575.935997963237,3.3333333333333335,1
2023-01-24T18:00,866.9264474675756,581.7964360372994,3.3333333333333335,1
2023-01-24T19:00,872.2199692765802,585.3489313286369,3.3333333333333335,1
2023-01-24T20:00,871.7400682942935,585.026868618518,3.3333333333333335,1
2023-01-24T21:00,873.6580905652593,586.3140580043624,3.3333333333333335,1
2023-01-24T22:00,876.5272545795298,588.2395609150018,3.3333333333333335,1
2023-01-24T23:00,879.3870574617987,590.1587815473098,3.3333333333333335,1
2023-01-25T00:00,881.7631413859478,591.7533772166814,3.3333333333333335,1
2023-01-25T01:00,884.6060175679386,593.6612382994861,3.3333333333333335,1
2023-01-25T02:00,884.6060175679386,593.6612382994861,3.3333333333333335,1
2023-01-25T03:00,883.1857233402901,592.7080754075429,3.3333333333333335,1
2023-01-25T04:00,882.2375902453452,592.0717809939404,3.3333333333333335,1
2023-01-25T05:00,882.711784093207,592.3900136323408,3.3333333333333335,1
2023-01-25T06:00,884.6060175679386,593.6612382994861,3.3333333333333335,1
2023-01-25T07:00,884.6060175679386,593.6612382994861,3.3333333333333335,1
2023-01-25T08:00,880.3382606143609,590.797136284006,3.3333333333333335,1
2023-01-25T09:00,875.0938484616557,587.2775986018098,3.3333333333333335,1
2023-01-25T10:00,868.8550960080435,583.0907567383122,3.3333333333333335,1
2023-01-25T11:00,861.1145845342332,577.8960807635236,3.3333333333333335,1
2023-01-25T12:00,855.2632285304795,573.9692215946588,3.3333333333333335,1
2023-01-25T13:00,850.8483042590434,571.0063552361582,3.3333333333333335,1
2023-01-25T14:00,847.3985720514272,568.6912316065388,3.3333333333333335,1
2023-01-25T15:00,845.4209764220442,567.3640623957496,3.3333333333333335,1
2023-01-25T16:00,845.4209764220442,567.3640623957496,3.3333333333333335,1
2023-01-25T17:00,847.3985720514272,568.6912316065388,3.3333333333333335,1
2023-01-25T18:00,855.7523696791485,574.2974854027894,3.3333333333333335,1
2023-01-25T19:00,861.1145845342332,577.8960807635236,3.3333333333333335,1
2023-01-25T20:00,863.5409477106799,579.5244189607403,3.3333333333333335,1
2023-01-25T21:00,862.5712214668779,578.8736333327047,3.3333333333333335,1
2023-01-25T22:00,864.5095862066869,580.1744745985993,3.3333333333333335,1
2023-01-25T23:00,870.7794728859551,584.38221071625,3.3333333333333335,1
2023-01-26T00:00,870.7794728859551,584.38221071625,3.3333333333333335,1
2023-01-26T01:00,874.6155243764729,586.9565941511518,3.3333333333333335,1
2023-01-26T02:00,874.6155243764729,586.9565941511518,3.3333333333333335,1
2023-01-26T03:00,875.0938484616557,587.2775986018098,3.3333333333333335,1
2023-01-26T04:00,878.4348243103317,589.5197355758569,3.3333333333333335,1
2023-01-26T05:00,877.0045359950122,588.5598656275015,3.3333333333333335,1
2023-01-26T06:00,877.4815578067299,588.8799961192867,3.3333333333333335,1
2023-01-26T07:00,877.958320437835,589.1999526743359,3.3333333333333335,1
2023-01-26T08:00,870.7794728859551,584.38221071625,3.3333333333333335,1
2023-01-26T09:00,860.6284910241274,577.5698622330051,3.3333333333333335,1
2023-01-26T10:00,849.8640953648365,570.3458502664017,3.3333333333333335,1
2023-01-26T11:00,842.942457525369,565.7007223685199,3.3333333333333335,1
2023-01-26T12:00,836.9640667780919,561.6886098759729,3.3333333333333335,1
2023-01-26T13:00,828.9258102605692,556.2941164820875,3.3333333333333335,1
2023-01-26T14:00,824.3698476413676,553.2365989472222,3.3333333333333335,1
2023-01-26T15:00,820.298860549898,550.5045496621997,3.3333333333333335,1
2023-01-26T16:00,819.7885657194556,550.1620895670591,3.3333333333333335,1
2023-01-26T17:00,821.3184990548177,551.1888315294118,3.3333333333333335,1
2023-01-26T18:00,829.430483555578,556.6328039511998,3.3333333333333335,1
2023-01-26T19:00,838.9615972248776,563.0291573909445,3.3333333333333335,1
2023-01-26T20:00,850.8483042590434,571.0063552361582,3.3333333333333335,1
2023-01-26T21:00,854.7738074726439,573.6407699388094,3.3333333333333335,1
2023-01-26T22:00,858.1938935269653,575.935997963237,3.3333333333333335,1
2023-01-26T23:00,860.6284910241274,577.5698622330051,3.3333333333333335,1
2023-01-27T00:00,863.5409477106799,579.5244189607403,3.3333333333333335,1
2023-01-27T01:00,865.9605124072076,581.1481946816374,3.3333333333333335,1
2023-01-27T02:00,868.8550960080435,583.0907567383122,3.3333333333333335,1
2023-01-27T03:00,870.7794728859551,584.38221071625,3.3333333333333335,1
2023-01-27T04:00,872.6996063594489,585.6708169352181,3.3333333333333335,1
2023-01-27T05:00,875.0938484616557,587.2775986018098,3.3333333333333335,1
2023-01-27T06:00,877.958320437835,589.1999526743359,3.3333333333333335,1
2023-01-27T07:00,881.2884371031519,591.4348020241617,3.3333333333333335,1
2023-01-27T08:00,874.6155243764729,586.9565941511518,3.3333333333333335,1
2023-01-27T09:00,865.9605124072076,581.1481946816374,3.3333333333333335,1
2023-01-27T10:00,854.7738074726439,573.6407699388094,3.3333333333333335,1
2023-01-27T11:00,844.4304418388793,566.699312240831,3.3333333333333335,1
2023-01-27T12:00,836.9640667780919,561.6886098759729,3.3333333333333335,1
2023-01-27T13:00,832.452098238591,558.6606168744187,3.3333333333333335,1
2023-01-27T14:00,829.9348499649468,556.9712854686168,3.3333333333333335,1
2023-01-27T15:00,830.4389100478359,557.3095614095921,3.3333333333333335,1
2023-01-27T16:00,828.420829519057,555.955222684883,3.3333333333333335,1
2023-01-27T17:00,831.446113462343,557.9854980575471,3.3333333333333335,1
2023-01-27T18:00,848.3856411944957,569.3536560962256,3.3333333333333335,1
2023-01-27T19:00,854.28410602456,573.3121301123861,3.3333333333333335,1
2023-01-27T20:00,861.1145845342332,577.8960807635236,3.3333333333333335,1
2023-01-27T21:00,864.9934986913809,580.4992294376879,3.3333333333333335,1
2023-01-27T22:00,863.0562207863173,579.19911754922,3.3333333333333335,1
2023-01-27T23:00,857.2181184603919,575.2811529556072,3.3333333333333335,1
2023-01-28T00:00,859.1685603868253,576.5900992506608,3.3333333333333335,1
2023-01-28T01:00,860.142122807253,577.2434593461098,3.3333333333333335,1
2023-01-28T02:00,861.6004038025192,578.2221152496933,3.3333333333333335,1
2023-01-28T03:00,862.5712214668779,578.8736333327047,3.3333333333333335,1
2023-01-28T04:00,864.025402698415,579.849537874932,3.3333333333333335,1
2023-01-28T05:00,877.958320437835,589.1999526743359,3.3333333333333335,1
2023-01-28T06:00,879.8627875790745,590.4780451798304,3.3333333333333335,1
2023-01-28T07:00,877.4815578067299,588.8799961192867,3.3333333333333335,1
2023-01-28T08:00,871.2599029765117,584.7046285122088,3.3333333333333335,1
2023-01-28T09:00,863.5409477106799,579.5244189607403,3.3333333333333335,1
2023-01-28T10:00,852.3224866597069,571.9956826113703,3.3333333333333335,1
2023-01-28T11:00,842.4458787149532,565.367467127599,3.3333333333333335,1
2023-01-28T12:00,835.4627847321663,560.6810958632699,3.3333333333333335,1
2023-01-28T13:00,830.4389100478359,557.3095614095921,3.3333333333333335,1
2023-01-28T14:00,826.9040369811637,554.9372995435,3.3333333333333335,1
2023-01-28T15:00,825.3844570686132,553.9175057882416,3.3333333333333335,1
2023-01-28T16:00,824.877308352794,553.5771570582352,3.3333333333333335,1
2023-01-28T17:00,829.9348499649468,556.9712854686168,3.3333333333333335,1
2023-01-28T18:00,832.452098238591,558.6606168744187,3.3333333333333335,1
2023-01-28T19:00,836.463938817821,561.3529727919986,3.3333333333333335,1
2023-01-28T20:00,841.9490070240066,565.0340153338453,3.3333333333333335,1
2023-01-28T21:00,846.4103518061438,568.0280346093712,3.3333333333333335,1
2023-01-28T22:00,856.7298141664476,574.9534507627067,3.3333333333333335,1
2023-01-28T23:00,865.9605124072076,581.1481946816374,3.3333333333333335,1
2023-01-29T00:00,868.8550960080435,583.0907567383122,3.3333333333333335,1
2023-01-29T01:00,869.3365895867062,583.4138882437117,3.3333333333333335,1
2023-01-29T02:00,873.1789799777798,585.9925257301106,3.3333333333333335,1
2023-01-29T03:00,875.0938484616557,587.2775986018098,3.3333333333333335,1
2023-01-29T04:00,876.5272545795298,588.2395609150018,3.3333333333333335,1
2023-01-29T05:00,878.4348243103317,589.5197355758569,3.3333333333333335,1
2023-01-29T06:00,877.4815578067299,588.8799961192867,3.3333333333333335,1
2023-01-29T07:00,875.5719112388942,587.5984276880743,3.3333333333333335,1
2023-01-29T08:00,870.7794728859551,584.38221071625,3.3333333333333335,1
2023-01-29T09:00,858.6813652467782,576.2631414136239,3.3333333333333335,1
2023-01-29T10:00,846.4103518061438,568.0280346093712,3.3333333333333335,1
2023-01-29T11:00,834.4604295005415,560.0084128425752,3.3333333333333335,1
2023-01-29T12:00,823.8620743578094,552.8958310682954,3.3333333333333335,1
2023-01-29T13:00,816.2075689055268,547.7588739426071,3.3333333333333335,1
2023-01-29T14:00,809.5151201690958,543.267555406194,3.3333333333333335,1
2023-01-29T15:00,805.8884741927345,540.8337045184057,3.3333333333333335,1
2023-01-29T16:00,804.849288107094,540.1363042224854,3.3333333333333335,1
2023-01-29T17:00,814.154213277973,546.3808620137777,3.3333333333333335,1
2023-01-29T18:00,823.8620743578094,552.8958310682954,3.3333333333333335,1
2023-01-29T19:00,844.9258542850395,567.0317847318785,3.3333333333333335,1
2023-01-29T20:00,847.3985720514272,568.6912316065388,3.3333333333333335,1
2023-01-29T21:00,849.3715632484957,570.0153107716636,3.3333333333333335,1
2023-01-29T22:00,851.3399820257407,571.3363213747839,3.3333333333333335,1
2023-01-29T23:00,853.7941237037666,572.983301791608,3.3333333333333335,1
2023-01-30T00:00,855.7523696791485,574.2974854027894,3.3333333333333335,1
2023-01-30T01:00,863.5409477106799,579.5244189607403,3.3333333333333335,1
2023-01-30T02:00,854.7738074726439,573.6407699388094,3.3333333333333335,1
2023-01-30T03:00,865.9605124072076,581.1481946816374,3.3333333333333335,1
2023-01-30T04:00,868.8550960080435,583.0907567383122,3.3333333333333335,1
2023-01-30T05:00,868.8550960080435,583.0907567383122,3.3333333333333335,1
2023-01-30T06:00,868.8550960080435,583.0907567383122,3.3333333333333335,1
2023-01-30T07:00,868.3733354520092,582.7674460637528,3.3333333333333335,1
2023-01-30T08:00,861.1145845342332,577.8960807635236,3.3333333333333335,1
2023-01-30T09:00,847.3985720514272,568.6912316065388,3.3333333333333335,1
2023-01-30T10:00,832.452098238591,558.6606168744187,3.3333333333333335,1
2023-01-30T11:00,817.7442020240601,548.7901121456532,3.3333333333333335,1
2023-01-30T12:00,806.407565051192,541.1820676492255,3.3333333333333335,1
2023-01-30T13:00,799.6331003751081,536.6357080173103,3.3333333333333335,1
2023-01-30T14:00,795.43552229877,533.8187032161121,3.3333333333333335,1
2023-01-30T15:00,792.8007501631307,532.0505012622287,3.3333333333333335,1
2023-01-30T16:00,792.8007501631307,532.0505012622287,3.3333333333333335,1
2023-01-30T17:00,800.1562493354699,536.9867945501345,3.3333333333333335,1
2023-01-30T18:00,817.2323120195798,548.4465815253569,3.3333333333333335,1
2023-01-30T19:00,823.8620743578094,552.8958310682954,3.3333333333333335,1
2023-01-30T20:00,827.4099434445084,555.2768145948655,3.3333333333333335,1
2023-01-30T21:00,828.9258102605692,556.2941164820875,3.3333333333333335,1
2023-01-30T22:00,834.4604295005415,560.0084128425752,3.3333333333333335,1
2023-01-30T23:00,839.95858105523,563.6982356512517,3.3333333333333335,1
2023-01-31T00:00,844.9258542850395,567.0317847318785,3.3333333333333335,1
2023-01-31T01:00,848.3856411944957,569.3536560962256,3.3333333333333335,1
2023-01-31T02:00,849.3715632484957,570.0153107716636,3.3333333333333335,1
2023-01-31T03:00,851.8313759956765,571.6660970567162,3.3333333333333335,1
2023-01-31T04:00,855.7523696791485,574.2974854027894,3.3333333333333335,1
2023-01-31T05:00,858.1938935269653,575.935997963237,3.3333333333333335,1
2023-01-31T06:00,860.6284910241274,577.5698622330051,3.3333333333333335,1
2023-01-31T07:00,860.6284910241274,577.5698622330051,3.3333333333333335,1
2023-01-31T08:00,854.28410602456,573.3121301123861,3.3333333333333335,1
2023-01-31T09:00,841.9490070240066,565.0340153338453,3.3333333333333335,1
2023-01-31T10:00,826.3978208106837,554.5975766469265,3.3333333333333335,1
2023-01-31T11:00,808.4805956312048,542.5732834862448,3.3333333333333335,1
2023-01-31T12:00,793.8557083812022,532.7584862743774,3.3333333333333335,1
2023-01-31T13:00,783.2421867005402,525.635726199804,3.3333333333333335,1
2023-01-31T14:00,776.2655842372243,520.9537114098952,3.3333333333333335,1
2023-01-31T15:00,768.6815097163294,515.8640206526376,3.3333333333333335,1
2023-01-31T16:00,764.3139657882648,512.9329513571892,3.3333333333333335,1
2023-01-31T17:00,775.1866878378146,520.2296614263429,3.3333333333333335,1
2023-01-31T18:00,803.2879883088004,539.0885121509821,3.3333333333333335,1
2023-01-31T19:00,811.064432821266,544.3073028749362,3.3333333333333335,1
2023-01-31T20:00,815.1815376150718,547.0703018615577,3.3333333333333335,1
2023-01-31T21:00,815.1815376150718,547.0703018615577,3.3333333333333335,1
2023-01-31T22:00,820.298860549898,550.5045496621997,3.3333333333333335,1
2023-01-31T23:00,826.3978208106837,554.5975766469265,3.3333333333333335,1
2023-02-01T00:00,828.9258102605692,556.2941164820875,3.3333333333333335,1
2023-02-01T01:00,832.452098238591,558.6606168744187,3.3333333333333335,1
2023-02-01T02:00,839.4602371483813,563.3637958498447,3.3333333333333335,1
2023-02-01T03:00,837.46389606527,562.024046519712,3.3333333333333335,1
2023-02-01T04:00,836.9640667780919,561.6886098759729,3.3333333333333335,1
2023-02-01T05:00,839.4602371483813,563.3637958498447,3.3333333333333335,1
2023-02-01T06:00,842.942457525369,565.7007223685199,3.3333333333333335,1
2023-02-01T07:00,843.9347385723057,566.3666445795005,3.3333333333333335,1
2023-02-01T08:00,837.9634272138136,562.3592830818924,3.3333333333333335,1
2023-02-01T09:00,823.8620743578094,552.8958310682954,3.3333333333333335,1
2023-02-01T10:00,807.9628366311714,542.2258141688354,3.3333333333333335,1
2023-02-01T11:00,793.8557083812022,532.7584862743774,3.3333333333333335,1
2023-02-01T12:00,785.3763655521086,527.0679787897852,3.3333333333333335,1
2023-02-01T13:00,781.6377285048026,524.5589704233736,3.3333333333333335,1
2023-02-01T14:00,782.1729135921585,524.9181344301397,3.3333333333333335,1
2023-02-01T15:00,787.504760689251,528.4963499150241,3.3333333333333335,1
2023-02-01T16:00,790.6866110658682,530.6316973998395,3.3333333333333335,1
2023-02-01T17:00,794.9092665201597,533.4655316900456,3.3333333333333335,1
2023-02-01T18:00,801.2015224778372,537.6882798845494,3.3333333333333335,1
2023-02-01T19:00,805.8884741927345,540.8337045184057,3.3333333333333335,1
2023-02-01T20:00,813.6400646865762,546.0358156503383,3.3333333333333335,1
2023-02-01T21:00,816.2075689055268,547.7588739426071,3.3333333333333335,1
2023-02-01T22:00,820.298860549898,550.5045496621997,3.3333333333333335,1
2023-02-01T23:00,823.8620743578094,552.8958310682954,3.3333333333333335,1
2023-02-02T00:00,826.9040369811637,554.9372995435,3.3333333333333335,1
2023-02-02T01:00,829.430483555578,556.6328039511998,3.3333333333333335,1
2023-02-02T02:00,831.446113462343,557.9854980575471,3.3333333333333335,1
2023-02-02T03:00,832.9546350173771,558.9978705223256,3.3333333333333335,1
2023-02-02T04:00,835.4627847321663,560.6810958632699,3.3333333333333335,1
2023-02-02T05:00,838.4626607565891,562.6943199201219,3.3333333333333335,1
2023-02-02T06:00,840.4566294719879,564.0324771485439,3.3333333333333335,1
2023-02-02T07:00,842.4458787149532,565.367467127599,3.3333333333333335,1
2023-02-02T08:00,842.4458787149532,565.367467127599,3.3333333333333335,1
2023-02-02T09:00,842.4458787149532,565.367467127599,3.3333333333333335,1
2023-02-02T10:00,842.4458787149532,565.367467127599,3.3333333333333335,1
2023-02-02T11:00,839.4602371483813,563.3637958498447,3.3333333333333335,1
2023-02-02T12:00,837.46389606527,562.024046519712,3.3333333333333335,1
2023-02-02T13:00,835.4627847321663,560.6810958632699,3.3333333333333335,1
2023-02-02T14:00,834.9617575298446,560.34485529578,3.3333333333333335,1
2023-02-02T15:00,835.4627847321663,560.6810958632699,3.3333333333333335,1
2023-02-02T16:00,835.4627847321663,560.6810958632699,3.3333333333333335,1
2023-02-02T17:00,837.46389606527,562.024046519712,3.3333333333333335,1
2023-02-02T18:00,841.9490070240066,565.0340153338453,3.3333333333333335,1
2023-02-02T19:00,844.4304418388793,566.699312240831,3.3333333333333335,1
2023-02-02T20:00,850.8483042590434,571.0063552361582,3.3333333333333335,1
2023-02-02T21:00,854.28410602456,573.3121301123861,3.3333333333333335,1
2023-02-02T22:00,855.7523696791485,574.2974854027894,3.3333333333333335,1
2023-02-02T23:00,855.7523696791485,574.2974854027894,3.3333333333333335,1
2023-02-03T00:00,859.1685603868253,576.5900992506608,3.3333333333333335,1
2023-02-03T01:00,857.7061447558094,575.6086685830238,3.3333333333333335,1
2023-02-03T02:00,858.6813652467782,576.2631414136239,3.3333333333333335,1
2023-02-03T03:00,860.142122807253,577.2434593461098,3.3333333333333335,1
2023-02-03T04:00,862.5712214668779,578.8736333327047,3.3333333333333335,1
2023-02-03T05:00,865.9605124072076,581.1481946816374,3.3333333333333335,1
2023-02-03T06:00,866.443614543758,581.4724056941266,3.3333333333333335,1
2023-02-03T07:00,867.8913074740113,582.4439559216668,3.3333333333333335,1
2023-02-03T08:00,861.1145845342332,577.8960807635236,3.3333333333333335,1
2023-02-03T09:00,857.2181184603919,575.2811529556072,3.3333333333333335,1
2023-02-03T10:00,848.8787453577186,569.68457949301,3.3333333333333335,1
2023-02-03T11:00,841.4518419336972,564.7003666390697,3.3333333333333335,1
2023-02-03T12:00,834.4604295005415,560.0084128425752,3.3333333333333335,1
2023-02-03T13:00,829.9348499649468,556.9712854686168,3.3333333333333335,1
2023-02-03T14:00,826.3978208106837,554.5975766469265,3.3333333333333335,1
2023-02-03T15:00,824.3698476413676,553.2365989472222,3.3333333333333335,1
2023-02-03T16:00,823.8620743578094,552.8958310682954,3.3333333333333335,1
2023-02-03T17:00,825.3844570686132,553.9175057882416,3.3333333333333335,1
2023-02-03T18:00,834.9617575298446,560.34485529578,3.3333333333333335,1
2023-02-03T19:00,839.95858105523,563.6982356512517,3.3333333333333335,1
2023-02-03T20:00,841.4518419336972,564.7003666390697,3.3333333333333335,1
2023-02-03T21:00,837.46389606527,562.024046519712,3.3333333333333335,1
2023-02-03T22:00,839.4602371483813,563.3637958498447,3.3333333333333335,1
2023-02-03T23:00,841.4518419336972,564.7003666390697,3.3333333333333335,1
2023-02-04T00:00,842.942457525369,565.7007223685199,3.3333333333333335,1
2023-02-04T01:00,852.8133145072754,572.3250783672125,3.3333333333333335,1
2023-02-04T02:00,857.2181184603919,575.2811529556072,3.3333333333333335,1
2023-02-04T03:00,860.6284910241274,577.5698622330051,3.3333333333333335,1
2023-02-04T04:00,861.1145845342332,577.8960807635236,3.3333333333333335,1
2023-02-04T05:00,860.6284910241274,577.5698622330051,3.3333333333333335,1
2023-02-04T06:00,862.0859492926229,578.5479660026626,3.3333333333333335,1
2023-02-04T07:00,862.0859492926229,578.5479660026626,3.3333333333333335,1
2023-02-04T08:00,853.7941237037666,572.983301791608,3.3333333333333335,1
2023-02-04T09:00,846.4103518061438,568.0280346093712,3.3333333333333335,1
2023-02-04T10:00,836.9640667780919,561.6886098759729,3.3333333333333335,1
2023-02-04T11:00,826.3978208106837,554.5975766469265,3.3333333333333335,1
2023-02-04T12:00,818.7670219385759,549.4765290645412,3.3333333333333335,1
2023-02-04T13:00,813.6400646865762,546.0358156503383,3.3333333333333335,1
2023-02-04T14:00,812.0956658287739,544.999365840883,3.3333333333333335,1
2023-02-04T15:00,811.064432821266,544.3073028749362,3.3333333333333335,1
2023-02-04T16:00,810.5483243166833,543.9609412090165,3.3333333333333335,1
2023-02-04T17:00,813.6400646865762,546.0358156503383,3.3333333333333335,1
2023-02-04T18:00,817.7442020240601,548.7901121456532,3.3333333333333335,1
2023-02-04T19:00,820.298860549898,550.5045496621997,3.3333333333333335,1
2023-02-04T20:00,825.3844570686132,553.9175057882416,3.3333333333333335,1
2023-02-04T21:00,825.8912943635792,554.2576455229599,3.3333333333333335,1
2023-02-04T22:00,826.3978208106837,554.5975766469265,3.3333333333333335,1
2023-02-04T23:00,831.9492579038304,558.3231595093629,3.3333333333333335,1
2023-02-05T00:00,832.9546350173771,558.9978705223256,3.3333333333333335,1
2023-02-05T01:00,834.9617575298446,560.34485529578,3.3333333333333335,1
2023-02-05T02:00,834.4604295005415,560.0084128425752,3.3333333333333335,1
2023-02-05T03:00,834.9617575298446,560.34485529578,3.3333333333333335,1
2023-02-05T04:00,836.463938817821,561.3529727919986,3.3333333333333335,1
2023-02-05T05:00,833.9588001017373,559.671768139569,3.3333333333333335,1
2023-02-05T06:00,840.9543829236595,564.3665206940532,3.3333333333333335,1
2023-02-05T07:00,846.9046060682981,568.3597298403305,3.3333333333333335,1
2023-02-05T08:00,841.4518419336972,564.7003666390697,3.3333333333333335,1
2023-02-05T09:00,831.446113462343,557.9854980575471,3.3333333333333335,1
2023-02-05T10:00,825.3844570686132,553.9175057882416,3.3333333333333335,1
2023-02-05T11:00,821.3184990548177,551.1888315294118,3.3333333333333335,1
2023-02-05T12:00,816.7201011814079,548.1028355927941,3.3333333333333335,1
2023-02-05T13:00,813.6400646865762,546.0358156503383,3.3333333333333335,1
2023-02-05T14:00,811.5802131168433,544.6534442789986,3.3333333333333335,1
2023-02-05T15:00,810.5483243166833,543.9609412090165,3.3333333333333335,1
2023-02-05T16:00,810.031886975744,543.6143588602223,3.3333333333333335,1
2023-02-05T17:00,813.1255909932224,545.690551110189,3.3333333333333335,1
2023-02-05T18:00,818.7670219385759,549.4765290645412,3.3333333333333335,1
2023-02-05T19:00,822.3368732823892,551.8722649370371,3.3333333333333335,1
2023-02-05T20:00,826.3978208106837,554.5975766469265,3.3333333333333335,1
2023-02-05T21:00,825.3844570686132,553.9175057882416,3.3333333333333335,1
2023-02-05T22:00,826.3978208106837,554.5975766469265,3.3333333333333335,1
2023-02-05T23:00,827.9155407684673,555.6161221820415,3.3333333333333335,1
2023-02-06T00:00,827.9155407684673,555.6161221820415,3.3333333333333335,1
2023-02-06T01:00,828.9258102605692,556.2941164820875,3.3333333333333335,1
2023-02-06T02:00,829.430483555578,556.6328039511998,3.3333333333333335,1
2023-02-06T03:00,829.430483555578,556.6328039511998,3.3333333333333335,1
2023-02-06T04:00,829.430483555578,556.6328039511998,3.3333333333333335,1
2023-02-06T05:00,832.9546350173771,558.9978705223256,3.3333333333333335,1
2023-02-06T06:00,834.9617575298446,560.34485529578,3.3333333333333335,1
2023-02-06T07:00,833.9588001017373,559.671768139569,3.3333333333333335,1
2023-02-06T08:00,833.4568687892797,559.3349208215799,3.3333333333333335,1
2023-02-06T09:00,826.3978208106837,554.5975766469265,3.3333333333333335,1
2023-02-06T10:00,819.2779530472326,549.8194161675306,3.3333333333333335,1
2023-02-06T11:00,813.1255909932224,545.690551110189,3.3333333333333335,1
2023-02-06T12:00,806.407565051192,541.1820676492255,3.3333333333333335,1
2023-02-06T13:00,802.2454336990656,538.3888512303934,3.3333333333333335,1
2023-02-06T14:00,801.2015224778372,537.6882798845494,3.3333333333333335,1
2023-02-06T15:00,799.1096089275919,536.284391640528,3.3333333333333335,1
2023-02-06T16:00,799.6331003751081,536.6357080173103,3.3333333333333335,1
2023-02-06T17:00,800.6790564800015,537.3376516895283,3.3333333333333335,1
2023-02-06T18:00,806.407565051192,541.1820676492255,3.3333333333333335,1
2023-02-06T19:00,808.4805956312048,542.5732834862448,3.3333333333333335,1
2023-02-06T20:00,818.7670219385759,549.4765290645412,3.3333333333333335,1
2023-02-06T21:00,827.9155407684673,555.6161221820415,3.3333333333333335,1
2023-02-06T22:00,832.452098238591,558.6606168744187,3.3333333333333335,1
2023-02-06T23:00,834.4604295005415,560.0084128425752,3.3333333333333335,1
2023-02-07T00:00,834.4604295005415,560.0084128425752,3.3333333333333335,1
2023-02-07T01:00,834.9617575298446,560.34485529578,3.3333333333333335,1
2023-02-07T02:00,837.46389606527,562.024046519712,3.3333333333333335,1
2023-02-07T03:00,834.9617575298446,560.34485529578,3.3333333333333335,1
2023-02-07T04:00,836.9640667780919,561.6886098759729,3.3333333333333335,1
2023-02-07T05:00,837.9634272138136,562.3592830818924,3.3333333333333335,1
2023-02-07T06:00,839.95858105523,563.6982356512517,3.3333333333333335,1
2023-02-07T07:00,842.4458787149532,565.367467127599,3.3333333333333335,1
2023-02-07T08:00,832.452098238591,558.6606168744187,3.3333333333333335,1
2023-02-07T09:00,822.8455877593044,552.2136644531028,3.3333333333333335,1
2023-02-07T10:00,813.6400646865762,546.0358156503383,3.3333333333333335,1
2023-02-07T11:00,804.849288107094,540.1363042224854,3.3333333333333335,1
2023-02-07T12:00,797.0122047622693,534.8768186314464,3.3333333333333335,1
2023-02-07T13:00,793.328404630971,532.4046114520211,3.3333333333333335,1
2023-02-07T14:00,792.2727442769466,531.6961552347359,3.3333333333333335,1
2023-02-07T15:00,792.8007501631307,532.0505012622287,3.3333333333333335,1
2023-02-07T16:00,792.8007501631307,532.0505012622287,3.3333333333333335,1
2023-02-07T17:00,792.8007501631307,532.0505012622287,3.3333333333333335,1
2023-02-07T18:00,799.1096089275919,536.284391640528,3.3333333333333335,1
2023-02-07T19:00,804.3291915822757,539.7872661865382,3.3333333333333335,1
2023-02-07T20:00,815.1815376150718,547.0703018615577,3.3333333333333335,1
2023-02-07T21:00,815.1815376150718,547.0703018615577,3.3333333333333335,1
2023-02-07T22:00,817.7442020240601,548.7901121456532,3.3333333333333335,1
2023-02-07T23:00,821.3184990548177,551.1888315294118,3.3333333333333335,1
2023-02-08T00:00,820.808838131364,550.8467968507848,3.3333333333333335,1
2023-02-08T01:00,821.8278439093905,551.5306540934482,3.3333333333333335,1
2023-02-08T02:00,822.3368732823892,551.8722649370371,3.3333333333333335,1
2023-02-08T03:00,822.3368732823892,551.8722649370371,3.3333333333333335,1
2023-02-08T04:00,822.8455877593044,552.2136644531028,3.3333333333333335,1
2023-02-08T05:00,822.8455877593044,552.2136644531028,3.3333333333333335,1
2023-02-08T06:00,823.3539879238176,552.5548530333549,3.3333333333333335,1
2023-02-08T07:00,822.8455877593044,552.2136644531028,3.3333333333333335,1
2023-02-08T08:00,822.8455877593044,552.2136644531028,3.3333333333333335,1
2023-02-08T09:00,821.8278439093905,551.5306540934482,3.3333333333333335,1
2023-02-08T10:00,820.298860549898,550.5045496621997,3.3333333333333335,1
2023-02-08T11:00,818.7670219385759,549.4765290645412,3.3333333333333335,1
2023-02-08T12:00,817.7442020240601,548.7901121456532,3.3333333333333335,1
2023-02-08T13:00,816.2075689055268,547.7588739426071,3.3333333333333335,1
2023-02-08T14:00,815.1815376150718,547.0703018615577,3.3333333333333335,1
2023-02-08T15:00,814.6680373829415,546.7256906135904,3.3333333333333335,1
2023-02-08T16:00,815.1815376150718,547.0703018615577,3.3333333333333335,1
2023-02-08T17:00,815.1815376150718,547.0703018615577,3.3333333333333335,1
2023-02-08T18:00,817.2323120195798,548.4465815253569,3.3333333333333335,1
2023-02-08T19:00,818.7670219385759,549.4765290645412,3.3333333333333335,1
2023-02-08T20:00,821.3184990548177,551.1888315294118,3.3333333333333335,1
2023-02-08T21:00,821.3184990548177,551.1888315294118,3.3333333333333335,1
2023-02-08T22:00,822.3368732823892,551.8722649370371,3.3333333333333335,1
2023-02-08T23:00,823.3539879238176,552.5548530333549,3.3333333333333335,1
2023-02-09T00:00,824.3698476413676,553.2365989472222,3.3333333333333335,1
2023-02-09T01:00,825.3844570686132,553.9175057882416,3.3333333333333335,1
2023-02-09T02:00,827.4099434445084,555.2768145948655,3.3333333333333335,1
2023-02-09T03:00,829.430483555578,556.6328039511998,3.3333333333333335,1
2023-02-09T04:00,831.9492579038304,558.3231595093629,3.3333333333333335,1
2023-02-09T05:00,832.452098238591,558.6606168744187,3.3333333333333335,1
2023-02-09T06:00,833.9588001017373,559.671768139569,3.3333333333333335,1
2023-02-09T07:00,834.4604295005415,560.0084128425752,3.3333333333333335,1
2023-02-09T08:00,837.46389606527,562.024046519712,3.3333333333333335,1
2023-02-09T09:00,837.9634272138136,562.3592830818924,3.3333333333333335,1
2023-02-09T10:00,836.463938817821,561.3529727919986,3.3333333333333335,1
2023-02-09T11:00,832.452098238591,558.6606168744187,3.3333333333333335,1
2023-02-09T12:00,830.9426643617094,557.6476321482414,3.3333333333333335,1
2023-02-09T13:00,824.3698476413676,553.2365989472222,3.3333333333333335,1
2023-02-09T14:00,825.3844570686132,553.9175057882416,3.3333333333333335,1
2023-02-09T15:00,823.8620743578094,552.8958310682954,3.3333333333333335,1
2023-02-09T16:00,821.3184990548177,551.1888315294118,3.3333333333333335,1
2023-02-09T17:00,820.808838131364,550.8467968507848,3.3333333333333335,1
2023-02-09T18:00,823.8620743578094,552.8958310682954,3.3333333333333335,1
2023-02-09T19:00,827.4099434445084,555.2768145948655,3.3333333333333335,1
2023-02-09T20:00,832.452098238591,558.6606168744187,3.3333333333333335,1
2023-02-09T21:00,834.9617575298446,560.34485529578,3.3333333333333335,1
2023-02-09T22:00,836.9640667780919,561.6886098759729,3.3333333333333335,1
2023-02-09T23:00,838.4626607565891,562.6943199201219,3.3333333333333335,1
2023-02-10T00:00,837.9634272138136,562.3592830818924,3.3333333333333335,1
2023-02-10T01:00,837.9634272138136,562.3592830818924,3.3333333333333335,1
2023-02-10T02:00,838.9615972248776,563.0291573909445,3.3333333333333335,1
2023-02-10T03:00,839.4602371483813,563.3637958498447,3.3333333333333335,1
2023-02-10T04:00,840.4566294719879,564.0324771485439,3.3333333333333335,1
2023-02-10T05:00,841.4518419336972,564.7003666390697,3.3333333333333335,1
2023-02-10T06:00,841.9490070240066,565.0340153338453,3.3333333333333335,1
2023-02-10T07:00,841.4518419336972,564.7003666390697,3.3333333333333335,1
2023-02-10T08:00,839.4602371483813,563.3637958498447,3.3333333333333335,1
2023-02-10T09:00,836.9640667780919,561.6886098759729,3.3333333333333335,1
2023-02-10T10:00,832.9546350173771,558.9978705223256,3.3333333333333335,1
2023-02-10T11:00,826.3978208106837,554.5975766469265,3.3333333333333335,1
2023-02-10T12:00,823.8620743578094,552.8958310682954,3.3333333333333335,1
2023-02-10T13:00,821.8278439093905,551.5306540934482,3.3333333333333335,1
2023-02-10T14:00,820.298860549898,550.5045496621997,3.3333333333333335,1
2023-02-10T15:00,821.3184990548177,551.1888315294118,3.3333333333333335,1
2023-02-10T16:00,822.8455877593044,552.2136644531028,3.3333333333333335,1
2023-02-10T17:00,824.3698476413676,553.2365989472222,3.3333333333333335,1
2023-02-10T18:00,825.8912943635792,554.2576455229599,3.3333333333333335,1
2023-02-10T19:00,827.4099434445084,555.2768145948655,3.3333333333333335,1
2023-02-10T20:00,831.446113462343,557.9854980575471,3.3333333333333335,1
2023-02-10T21:00,832.452098238591,558.6606168744187,3.3333333333333335,1
2023-02-10T22:00,831.446113462343,557.9854980575471,3.3333333333333335,1
2023-02-10T23:00,831.9492579038304,558.3231595093629,3.3333333333333335,1
2023-02-11T00:00,831.446113462343,557.9854980575471,3.3333333333333335,1
2023-02-11T01:00,832.452098238591,558.6606168744187,3.3333333333333335,1
2023-02-11T02:00,832.9546350173771,558.9978705223256,3.3333333333333335,1
2023-02-11T03:00,833.4568687892797,559.3349208215799,3.3333333333333335,1
2023-02-11T04:00,834.4604295005415,560.0084128425752,3.3333333333333335,1
2023-02-11T05:00,834.9617575298446,560.34485529578,3.3333333333333335,1
2023-02-11T06:00,835.4627847321663,560.6810958632699,3.3333333333333335,1
2023-02-11T07:00,836.9640667780919,561.6886098759729,3.3333333333333335,1
2023-02-11T08:00,832.452098238591,558.6606168744187,3.3333333333333335,1
2023-02-11T09:00,828.9258102605692,556.2941164820875,3.3333333333333335,1
2023-02-11T10:00,823.3539879238176,552.5548530333549,3.3333333333333335,1
2023-02-11T11:00,818.7670219385759,549.4765290645412,3.3333333333333335,1
2023-02-11T12:00,816.2075689055268,547.7588739426071,3.3333333333333335,1
2023-02-11T13:00,814.154213277973,546.3808620137777,3.3333333333333335,1
2023-02-11T14:00,813.6400646865762,546.0358156503383,3.3333333333333335,1
2023-02-11T15:00,811.064432821266,544.3073028749362,3.3333333333333335,1
2023-02-11T16:00,811.064432821266,544.3073028749362,3.3333333333333335,1
2023-02-11T17:00,811.5802131168433,544.6534442789986,3.3333333333333335,1
2023-02-11T18:00,814.154213277973,546.3808620137777,3.3333333333333335,1
2023-02-11T19:00,816.2075689055268,547.7588739426071,3.3333333333333335,1
2023-02-11T20:00,819.2779530472326,549.8194161675306,3.3333333333333335,1
2023-02-11T21:00,821.3184990548177,551.1888315294118,3.3333333333333335,1
2023-02-11T22:00,821.3184990548177,551.1888315294118,3.3333333333333335,1
2023-02-11T23:00,821.3184990548177,551.1888315294118,3.3333333333333335,1
2023-02-12T00:00,821.3184990548177,551.1888315294118,3.3333333333333335,1
2023-02-12T01:00,821.3184990548177,551.1888315294118,3.3333333333333335,1
2023-02-12T02:00,822.8455877593044,552.2136644531028,3.3333333333333335,1
2023-02-12T03:00,823.3539879238176,552.5548530333549,3.3333333333333335,1
2023-02-12T04:00,822.8455877593044,552.2136644531028,3.3333333333333335,1
2023-02-12T05:00,823.8620743578094,552.8958310682954,3.3333333333333335,1
2023-02-12T06:00,824.877308352794,553.5771570582352,3.3333333333333335,1
2023-02-12T07:00,825.3844570686132,553.9175057882416,3.3333333333333335,1
2023-02-12T08:00,827.4099434445084,555.2768145948655,3.3333333333333335,1
2023-02-12T09:00,824.877308352794,553.5771570582352,3.3333333333333335,1
2023-02-12T10:00,821.3184990548177,551.1888315294118,3.3333333333333335,1
2023-02-12T11:00,823.8620743578094,552.8958310682954,3.3333333333333335,1
2023-02-12T12:00,822.3368732823892,551.8722649370371,3.3333333333333335,1
2023-02-12T13:00,819.2779530472326,549.8194161675306,3.3333333333333335,1
2023-02-12T14:00,815.1815376150718,547.0703018615577,3.3333333333333335,1
2023-02-12T15:00,817.2323120195798,548.4465815253569,3.3333333333333335,1
2023-02-12T16:00,821.3184990548177,551.1888315294118,3.3333333333333335,1
2023-02-12T17:00,822.8455877593044,552.2136644531028,3.3333333333333335,1
2023-02-12T18:00,823.8620743578094,552.8958310682954,3.3333333333333335,1
2023-02-12T19:00,825.3844570686132,553.9175057882416,3.3333333333333335,1
2023-02-12T20:00,830.4389100478359,557.3095614095921,3.3333333333333335,1
2023-02-12T21:00,831.446113462343,557.9854980575471,3.3333333333333335,1
2023-02-12T22:00,830.9426643617094,557.6476321482414,3.3333333333333335,1
2023-02-12T23:00,831.9492579038304,558.3231595093629,3.3333333333333335,1
2023-02-13T00:00,832.9546350173771,558.9978705223256,3.3333333333333335,1
2023-02-13T01:00,834.9617575298446,560.34485529578,3.3333333333333335,1
2023-02-13T02:00,837.46389606527,562.024046519712,3.3333333333333335,1
2023-02-13T03:00,838.9615972248776,563.0291573909445,3.3333333333333335,1
2023-02-13T04:00,839.4602371483813,563.3637958498447,3.3333333333333335,1
2023-02-13T05:00,839.95858105523,563.6982356512517,3.3333333333333335,1
2023-02-13T06:00,840.4566294719879,564.0324771485439,3.3333333333333335,1
2023-02-13T07:00,840.9543829236595,564.3665206940532,3.3333333333333335,1
2023-02-13T08:00,842.4458787149532,565.367467127599,3.3333333333333335,1
2023-02-13T09:00,841.4518419336972,564.7003666390697,3.3333333333333335,1
2023-02-13T10:00,841.4518419336972,564.7003666390697,3.3333333333333335,1
2023-02-13T11:00,839.4602371483813,563.3637958498447,3.3333333333333335,1
2023-02-13T12:00,835.4627847321663,560.6810958632699,3.3333333333333335,1
2023-02-13T13:00,837.46389606527,562.024046519712,3.3333333333333335,1
2023-02-13T14:00,839.4602371483813,563.3637958498447,3.3333333333333335,1
2023-02-13T15:00,839.95858105523,563.6982356512517,3.3333333333333335,1
2023-02-13T16:00,841.9490070240066,565.0340153338453,3.3333333333333335,1
2023-02-13T17:00,843.9347385723057,566.3666445795005,3.3333333333333335,1
2023-02-13T18:00,845.9158087596551,567.6961455745462,3.3333333333333335,1
2023-02-13T19:00,846.9046060682981,568.3597298403305,3.3333333333333335,1
2023-02-13T20:00,849.8640953648365,570.3458502664017,3.3333333333333335,1
2023-02-13T21:00,850.3563422033088,570.676198310472,3.3333333333333335,1
2023-02-13T22:00,850.8483042590434,571.0063552361582,3.3333333333333335,1
2023-02-13T23:00,851.3399820257407,571.3363213747839,3.3333333333333335,1
2023-02-14T00:00,850.8483042590434,571.0063552361582,3.3333333333333335,1
2023-02-14T01:00,852.3224866597069,571.9956826113703,3.3333333333333335,1
2023-02-14T02:00,852.3224866597069,571.9956826113703,3.3333333333333335,1
2023-02-14T03:00,856.2412313983583,574.6255616851339,3.3333333333333335,1
2023-02-14T04:00,858.6813652467782,576.2631414136239,3.3333333333333335,1
2023-02-14T05:00,860.142122807253,577.2434593461098,3.3333333333333335,1
2023-02-14T06:00,861.6004038025192,578.2221152496933,3.3333333333333335,1
2023-02-14T07:00,863.5409477106799,579.5244189607403,3.3333333333333335,1
2023-02-14T08:00,860.142122807253,577.2434593461098,3.3333333333333335,1
2023-02-14T09:00,850.8483042590434,571.0063552361582,3.3333333333333335,1
2023-02-14T10:00,842.942457525369,565.7007223685199,3.3333333333333335,1
2023-02-14T11:00,836.463938817821,561.3529727919986,3.3333333333333335,1
2023-02-14T12:00,831.446113462343,557.9854980575471,3.3333333333333335,1
2023-02-14T13:00,827.9155407684673,555.6161221820415,3.3333333333333335,1
2023-02-14T14:00,827.9155407684673,555.6161221820415,3.3333333333333335,1
2023-02-14T15:00,824.3698476413676,553.2365989472222,3.3333333333333335,1
2023-02-14T16:00,823.8620743578094,552.8958310682954,3.3333333333333335,1
2023-02-14T17:00,825.8912943635792,554.2576455229599,3.3333333333333335,1
2023-02-14T18:00,837.46389606527,562.024046519712,3.3333333333333335,1
2023-02-14T19:00,844.9258542850395,567.0317847318785,3.3333333333333335,1
2023-02-14T20:00,849.8640953648365,570.3458502664017,3.3333333333333335,1
2023-02-14T21:00,852.3224866597069,571.9956826113703,3.3333333333333335,1
2023-02-14T22:00,854.28410602456,573.3121301123861,3.3333333333333335,1
2023-02-14T23:00,857.2181184603919,575.2811529556072,3.3333333333333335,1
2023-02-15T00:00,859.1685603868253,576.5900992506608,3.3333333333333335,1
2023-02-15T01:00,860.142122807253,577.2434593461098,3.3333333333333335,1
2023-02-15T02:00,862.0859492926229,578.5479660026626,3.3333333333333335,1
2023-02-15T03:00,864.9934986913809,580.4992294376879,3.3333333333333335,1
2023-02-15T04:00,866.9264474675756,581.7964360372994,3.3333333333333335,1
2023-02-15T05:00,868.3733354520092,582.7674460637528,3.3333333333333335,1
2023-02-15T06:00,869.3365895867062,583.4138882437117,3.3333333333333335,1
2023-02-15T07:00,868.8550960080435,583.0907567383122,3.3333333333333335,1
2023-02-15T08:00,864.025402698415,579.849537874932,3.3333333333333335,1
2023-02-15T09:00,854.28410602456,573.3121301123861,3.3333333333333335,1
2023-02-15T10:00,843.4387439725587,566.0337814037725,3.3333333333333335,1
2023-02-15T11:00,834.9617575298446,560.34485529578,3.3333333333333335,1
2023-02-15T12:00,828.9258102605692,556.2941164820875,3.3333333333333335,1
2023-02-15T13:00,824.877308352794,553.5771570582352,3.3333333333333335,1
2023-02-15T14:00,821.8278439093905,551.5306540934482,3.3333333333333335,1
2023-02-15T15:00,820.298860549898,550.5045496621997,3.3333333333333335,1
2023-02-15T16:00,820.298860549898,550.5045496621997,3.3333333333333335,1
2023-02-15T17:00,821.3184990548177,551.1888315294118,3.3333333333333335,1
2023-02-15T18:00,832.452098238591,558.6606168744187,3.3333333333333335,1
2023-02-15T19:00,836.463938817821,561.3529727919986,3.3333333333333335,1
2023-02-15T20:00,828.9258102605692,556.2941164820875,3.3333333333333335,1
2023-02-15T21:00,830.4389100478359,557.3095614095921,3.3333333333333335,1
2023-02-15T22:00,832.452098238591,558.6606168744187,3.3333333333333335,1
2023-02-15T23:00,832.9546350173771,558.9978705223256,3.3333333333333335,1
2023-02-16T00:00,840.4566294719879,564.0324771485439,3.3333333333333335,1
2023-02-16T01:00,839.4602371483813,563.3637958498447,3.3333333333333335,1
2023-02-16T02:00,841.4518419336972,564.7003666390697,3.3333333333333335,1
2023-02-16T03:00,851.3399820257407,571.3363213747839,3.3333333333333335,1
2023-02-16T04:00,854.7738074726439,573.6407699388094,3.3333333333333335,1
2023-02-16T05:00,856.2412313983583,574.6255616851339,3.3333333333333335,1
2023-02-16T06:00,857.2181184603919,575.2811529556072,3.3333333333333335,1
2023-02-16T07:00,859.1685603868253,576.5900992506608,3.3333333333333335,1
2023-02-16T08:00,844.4304418388793,566.699312240831,3.3333333333333335,1
2023-02-16T09:00,833.9588001017373,559.671768139569,3.3333333333333335,1
2023-02-16T10:00,830.4389100478359,557.3095614095921,3.3333333333333335,1
2023-02-16T11:00,823.3539879238176,552.5548530333549,3.3333333333333335,1
2023-02-16T12:00,821.3184990548177,551.1888315294118,3.3333333333333335,1
2023-02-16T13:00,818.2557717969764,549.1334278577722,3.3333333333333335,1
2023-02-16T14:00,816.2075689055268,547.7588739426071,3.3333333333333335,1
2023-02-16T15:00,818.7670219385759,549.4765290645412,3.3333333333333335,1
2023-02-16T16:00,818.7670219385759,549.4765290645412,3.3333333333333335,1
2023-02-16T17:00,820.298860549898,550.5045496621997,3.3333333333333335,1
2023-02-16T18:00,823.8620743578094,552.8958310682954,3.3333333333333335,1
2023-02-16T19:00,823.8620743578094,552.8958310682954,3.3333333333333335,1
2023-02-16T20:00,833.4568687892797,559.3349208215799,3.3333333333333335,1
2023-02-16T21:00,832.452098238591,558.6606168744187,3.3333333333333335,1
2023-02-16T22:00,839.95858105523,563.6982356512517,3.3333333333333335,1
2023-02-16T23:00,837.9634272138136,562.3592830818924,3.3333333333333335,1
2023-02-17T00:00,839.95858105523,563.6982356512517,3.3333333333333335,1
2023-02-17T01:00,839.4602371483813,563.3637958498447,3.3333333333333335,1
2023-02-17T02:00,839.4602371483813,563.3637958498447,3.3333333333333335,1
2023-02-17T03:00,834.9617575298446,560.34485529578,3.3333333333333335,1
2023-02-17T04:00,839.4602371483813,563.3637958498447,3.3333333333333335,1
2023-02-17T05:00,838.9615972248776,563.0291573909445,3.3333333333333335,1
2023-02-17T06:00,840.4566294719879,564.0324771485439,3.3333333333333335,1
2023-02-17T07:00,838.9615972248776,563.0291573909445,3.3333333333333335,1
2023-02-17T08:00,834.4604295005415,560.0084128425752,3.3333333333333335,1
2023-02-17T09:00,826.9040369811637,554.9372995435,3.3333333333333335,1
2023-02-17T10:00,817.2323120195798,548.4465815253569,3.3333333333333335,1
2023-02-17T11:00,811.064432821266,544.3073028749362,3.3333333333333335,1
2023-02-17T12:00,806.9263219816859,541.5302066801809,3.3333333333333335,1
2023-02-17T13:00,806.407565051192,541.1820676492255,3.3333333333333335,1
2023-02-17T14:00,803.808758534204,539.4380023090217,3.3333333333333335,1
2023-02-17T15:00,801.7236479959307,538.0386795827917,3.3333333333333335,1
2023-02-17T16:00,801.2015224778372,537.6882798845494,3.3333333333333335,1
2023-02-17T17:00,801.2015224778372,537.6882798845494,3.3333333333333335,1
2023-02-17T18:00,807.4447456278294,541.8781220432026,3.3333333333333335,1
2023-02-17T19:00,813.6400646865762,546.0358156503383,3.3333333333333335,1
2023-02-17T20:00,823.8620743578094,552.8958310682954,3.3333333333333335,1
2023-02-17T21:00,823.8620743578094,552.8958310682954,3.3333333333333335,1
2023-02-17T22:00,823.8620743578094,552.8958310682954,3.3333333333333335,1
2023-02-17T23:00,818.7670219385759,549.4765290645412,3.3333333333333335,1
2023-02-18T00:00,818.2557717969764,549.1334278577722,3.3333333333333335,1
2023-02-18T01:00,817.7442020240601,548.7901121456532,3.3333333333333335,1
2023-02-18T02:00,817.2323120195798,548.4465815253569,3.3333333333333335,1
2023-02-18T03:00,817.7442020240601,548.7901121456532,3.3333333333333335,1
2023-02-18T04:00,818.7670219385759,549.4765290645412,3.3333333333333335,1
2023-02-18T05:00,819.7885657194556,550.1620895670591,3.3333333333333335,1
2023-02-18T06:00,820.298860549898,550.5045496621997,3.3333333333333335,1
2023-02-18T07:00,820.298860549898,550.5045496621997,3.3333333333333335,1
2023-02-18T08:00,819.2779530472326,549.8194161675306,3.3333333333333335,1
2023-02-18T09:00,816.2075689055268,547.7588739426071,3.3333333333333335,1
2023-02-18T10:00,815.1815376150718,547.0703018615577,3.3333333333333335,1
2023-02-18T11:00,808.9980232653766,542.9205304232227,3.3333333333333335,1
2023-02-18T12:00,804.849288107094,540.1363042224854,3.3333333333333335,1
2023-02-18T13:00,801.7236479959307,538.0386795827917,3.3333333333333335,1
2023-02-18T14:00,800.6790564800015,537.3376516895283,3.3333333333333335,1
2023-02-18T15:00,799.6331003751081,536.6357080173103,3.3333333333333335,1
2023-02-18T16:00,798.5857743193965,535.932844967784,3.3333333333333335,1
2023-02-18T17:00,803.2879883088004,539.0885121509821,3.3333333333333335,1
2023-02-18T18:00,807.4447456278294,541.8781220432026,3.3333333333333335,1
2023-02-18T19:00,811.064432821266,544.3073028749362,3.3333333333333335,1
2023-02-18T20:00,816.7201011814079,548.1028355927941,3.3333333333333335,1
2023-02-18T21:00,819.2779530472326,549.8194161675306,3.3333333333333335,1
2023-02-18T22:00,818.2557717969764,549.1334278577722,3.3333333333333335,1
2023-02-18T23:00,817.7442020240601,548.7901121456532,3.3333333333333335,1
2023-02-19T00:00,818.7670219385759,549.4765290645412,3.3333333333333335,1
2023-02-19T01:00,818.7670219385759,549.4765290645412,3.3333333333333335,1
2023-02-19T02:00,820.298860549898,550.5045496621997,3.3333333333333335,1
2023-02-19T03:00,826.3978208106837,554.5975766469265,3.3333333333333335,1
2023-02-19T04:00,824.3698476413676,553.2365989472222,3.3333333333333335,1
2023-02-19T05:00,827.4099434445084,555.2768145948655,3.3333333333333335,1
2023-02-19T06:00,830.4389100478359,557.3095614095921,3.3333333333333335,1
2023-02-19T07:00,834.4604295005415,560.0084128425752,3.3333333333333335,1
2023-02-19T08:00,831.9492579038304,558.3231595093629,3.3333333333333335,1
2023-02-19T09:00,822.8455877593044,552.2136644531028,3.3333333333333335,1
2023-02-19T10:00,813.6400646865762,546.0358156503383,3.3333333333333335,1
2023-02-19T11:00,805.3690487606256,540.4851168543994,3.3333333333333335,1
2023-02-19T12:00,798.0615958747866,535.5810675455904,3.3333333333333335,1
2023-02-19T13:00,792.8007501631307,532.0505012622287,3.3333333333333335,1
2023-02-19T14:00,790.1571924520644,530.2764032874235,3.3333333333333335,1
2023-02-19T15:00,789.097289637679,529.5650999447275,3.3333333333333335,1
2023-02-19T16:00,790.6866110658682,530.6316973998395,3.3333333333333335,1
2023-02-19T17:00,795.43552229877,533.8187032161121,3.3333333333333335,1
2023-02-19T18:00,810.031886975744,543.6143588602223,3.3333333333333335,1
2023-02-19T19:00,820.298860549898,550.5045496621997,3.3333333333333335,1
2023-02-19T20:00,828.420829519057,555.955222684883,3.3333333333333335,1
2023-02-19T21:00,829.9348499649468,556.9712854686168,3.3333333333333335,1
2023-02-19T22:00,836.9640667780919,561.6886098759729,3.3333333333333335,1
2023-02-19T23:00,839.4602371483813,563.3637958498447,3.3333333333333335,1
2023-02-20T00:00,841.4518419336972,564.7003666390697,3.3333333333333335,1
2023-02-20T01:00,844.9258542850395,567.0317847318785,3.3333333333333335,1
2023-02-20T02:00,849.3715632484957,570.0153107716636,3.3333333333333335,1
2023-02-20T03:00,850.3563422033088,570.676198310472,3.3333333333333335,1
2023-02-20T04:00,851.8313759956765,571.6660970567162,3.3333333333333335,1
2023-02-20T05:00,851.8313759956765,571.6660970567162,3.3333333333333335,1
2023-02-20T06:00,850.8483042590434,571.0063552361582,3.3333333333333335,1
2023-02-20T07:00,850.8483042590434,571.0063552361582,3.3333333333333335,1
2023-02-20T08:00,842.4458787149532,565.367467127599,3.3333333333333335,1
2023-02-20T09:00,830.9426643617094,557.6476321482414,3.3333333333333335,1
2023-02-20T10:00,817.7442020240601,548.7901121456532,3.3333333333333335,1
2023-02-20T11:00,805.8884741927345,540.8337045184057,3.3333333333333335,1
2023-02-20T12:00,798.0615958747866,535.5810675455904,3.3333333333333335,1
2023-02-20T13:00,792.8007501631307,532.0505012622287,3.3333333333333335,1
2023-02-20T14:00,790.1571924520644,530.2764032874235,3.3333333333333335,1
2023-02-20T15:00,788.0359612627672,528.8528399049136,3.3333333333333335,1
2023-02-20T16:00,787.504760689251,528.4963499150241,3.3333333333333335,1
2023-02-20T17:00,789.6274188809745,529.9208709623143,3.3333333333333335,1
2023-02-20T18:00,805.8884741927345,540.8337045184057,3.3333333333333335,1
2023-02-20T19:00,818.2557717969764,549.1334278577722,3.3333333333333335,1
2023-02-20T20:00,813.6400646865762,546.0358156503383,3.3333333333333335,1
2023-02-20T21:00,819.2779530472326,549.8194161675306,3.3333333333333335,1
2023-02-20T22:00,824.3698476413676,553.2365989472222,3.3333333333333335,1
2023-02-20T23:00,827.9155407684673,555.6161221820415,3.3333333333333335,1
2023-02-21T00:00,829.9348499649468,556.9712854686168,3.3333333333333335,1
2023-02-21T01:00,827.4099434445084,555.2768145948655,3.3333333333333335,1
2023-02-21T02:00,826.9040369811637,554.9372995435,3.3333333333333335,1
2023-02-21T03:00,829.430483555578,556.6328039511998,3.3333333333333335,1
2023-02-21T04:00,827.9155407684673,555.6161221820415,3.3333333333333335,1
2023-02-21T05:00,827.4099434445084,555.2768145948655,3.3333333333333335,1
2023-02-21T06:00,826.3978208106837,554.5975766469265,3.3333333333333335,1
2023-02-21T07:00,826.3978208106837,554.5975766469265,3.3333333333333335,1
2023-02-21T08:00,823.8620743578094,552.8958310682954,3.3333333333333335,1
2023-02-21T09:00,820.298860549898,550.5045496621997,3.3333333333333335,1
2023-02-21T10:00,817.2323120195798,548.4465815253569,3.3333333333333335,1
2023-02-21T11:00,815.1815376150718,547.0703018615577,3.3333333333333335,1
2023-02-21T12:00,816.2075689055268,547.7588739426071,3.3333333333333335,1
2023-02-21T13:00,814.154213277973,546.3808620137777,3.3333333333333335,1
2023-02-21T14:00,815.1815376150718,547.0703018615577,3.3333333333333335,1
2023-02-21T15:00,816.2075689055268,547.7588739426071,3.3333333333333335,1
2023-02-21T16:00,813.1255909932224,545.690551110189,3.3333333333333335,1
2023-02-21T17:00,815.1815376150718,547.0703018615577,3.3333333333333335,1
2023-02-21T18:00,818.7670219385759,549.4765290645412,3.3333333333333335,1
2023-02-21T19:00,822.8455877593044,552.2136644531028,3.3333333333333335,1
2023-02-21T20:00,823.8620743578094,552.8958310682954,3.3333333333333335,1
2023-02-21T21:00,825.3844570686132,553.9175057882416,3.3333333333333335,1
2023-02-21T22:00,826.9040369811637,554.9372995435,3.3333333333333335,1
2023-02-21T23:00,829.430483555578,556.6328039511998,3.3333333333333335,1
2023-02-22T00:00,829.9348499649468,556.9712854686168,3.3333333333333335,1
2023-02-22T01:00,831.9492579038304,558.3231595093629,3.3333333333333335,1
2023-02-22T02:00,832.452098238591,558.6606168744187,3.3333333333333335,1
2023-02-22T03:00,832.9546350173771,558.9978705223256,3.3333333333333335,1
2023-02-22T04:00,834.4604295005415,560.0084128425752,3.3333333333333335,1
2023-02-22T05:00,836.463938817821,561.3529727919986,3.3333333333333335,1
2023-02-22T06:00,837.46389606527,562.024046519712,3.3333333333333335,1
2023-02-22T07:00,837.9634272138136,562.3592830818924,3.3333333333333335,1
2023-02-22T08:00,837.46389606527,562.024046519712,3.3333333333333335,1
2023-02-22T09:00,835.4627847321663,560.6810958632699,3.3333333333333335,1
2023-02-22T10:00,836.463938817821,561.3529727919986,3.3333333333333335,1
2023-02-22T11:00,836.9640667780919,561.6886098759729,3.3333333333333335,1
2023-02-22T12:00,837.9634272138136,562.3592830818924,3.3333333333333335,1
2023-02-22T13:00,839.4602371483813,563.3637958498447,3.3333333333333335,1
2023-02-22T14:00,838.9615972248776,563.0291573909445,3.3333333333333335,1
2023-02-22T15:00,837.46389606527,562.024046519712,3.3333333333333335,1
2023-02-22T16:00,836.9640667780919,561.6886098759729,3.3333333333333335,1
2023-02-22T17:00,835.4627847321663,560.6810958632699,3.3333333333333335,1
2023-02-22T18:00,836.463938817821,561.3529727919986,3.3333333333333335,1
2023-02-22T19:00,837.46389606527,562.024046519712,3.3333333333333335,1
2023-02-22T20:00,838.9615972248776,563.0291573909445,3.3333333333333335,1
2023-02-22T21:00,839.4602371483813,563.3637958498447,3.3333333333333335,1
2023-02-22T22:00,840.4566294719879,564.0324771485439,3.3333333333333335,1
2023-02-22T23:00,841.4518419336972,564.7003666390697,3.3333333333333335,1
2023-02-23T00:00,840.4566294719879,564.0324771485439,3.3333333333333335,1
2023-02-23T01:00,839.95858105523,563.6982356512517,3.3333333333333335,1
2023-02-23T02:00,840.4566294719879,564.0324771485439,3.3333333333333335,1
2023-02-23T03:00,841.4518419336972,564.7003666390697,3.3333333333333335,1
2023-02-23T04:00,840.9543829236595,564.3665206940532,3.3333333333333335,1
2023-02-23T05:00,840.9543829236595,564.3665206940532,3.3333333333333335,1
2023-02-23T06:00,841.4518419336972,564.7003666390697,3.3333333333333335,1
2023-02-23T07:00,840.9543829236595,564.3665206940532,3.3333333333333335,1
2023-02-23T08:00,840.4566294719879,564.0324771485439,3.3333333333333335,1
2023-02-23T09:00,842.4458787149532,565.367467127599,3.3333333333333335,1
2023-02-23T10:00,842.942457525369,565.7007223685199,3.3333333333333335,1
2023-02-23T11:00,841.4518419336972,564.7003666390697,3.3333333333333335,1
2023-02-23T12:00,840.9543829236595,564.3665206940532,3.3333333333333335,1
2023-02-23T13:00,841.4518419336972,564.7003666390697,3.3333333333333335,1
2023-02-23T14:00,840.4566294719879,564.0324771485439,3.3333333333333335,1
2023-02-23T15:00,839.4602371483813,563.3637958498447,3.3333333333333335,1
2023-02-23T16:00,837.46389606527,562.024046519712,3.3333333333333335,1
2023-02-23T17:00,836.463938817821,561.3529727919986,3.3333333333333335,1
2023-02-23T18:00,836.463938817821,561.3529727919986,3.3333333333333335,1
2023-02-23T19:00,836.9640667780919,561.6886098759729,3.3333333333333335,1
2023-02-23T20:00,840.4566294719879,564.0324771485439,3.3333333333333335,1
2023-02-23T21:00,841.4518419336972,564.7003666390697,3.3333333333333335,1
2023-02-23T22:00,841.9490070240066,565.0340153338453,3.3333333333333335,1
2023-02-23T23:00,844.4304418388793,566.699312240831,3.3333333333333335,1
2023-02-24T00:00,845.9158087596551,567.6961455745462,3.3333333333333335,1
2023-02-24T01:00,846.9046060682981,568.3597298403305,3.3333333333333335,1
2023-02-24T02:00,851.3399820257407,571.3363213747839,3.3333333333333335,1
2023-02-24T03:00,856.7298141664476,574.9534507627067,3.3333333333333335,1
2023-02-24T04:00,854.28410602456,573.3121301123861,3.3333333333333335,1
2023-02-24T05:00,857.2181184603919,575.2811529556072,3.3333333333333335,1
2023-02-24T06:00,861.1145845342332,577.8960807635236,3.3333333333333335,1
2023-02-24T07:00,863.5409477106799,579.5244189607403,3.3333333333333335,1
2023-02-24T08:00,850.8483042590434,571.0063552361582,3.3333333333333335,1
2023-02-24T09:00,842.942457525369,565.7007223685199,3.3333333333333335,1
2023-02-24T10:00,832.9546350173771,558.9978705223256,3.3333333333333335,1
2023-02-24T11:00,823.8620743578094,552.8958310682954,3.3333333333333335,1
2023-02-24T12:00,814.154213277973,546.3808620137777,3.3333333333333335,1
2023-02-24T13:00,805.8884741927345,540.8337045184057,3.3333333333333335,1
2023-02-24T14:00,803.808758534204,539.4380023090217,3.3333333333333335,1
2023-02-24T15:00,801.7236479959307,538.0386795827917,3.3333333333333335,1
2023-02-24T16:00,799.1096089275919,536.284391640528,3.3333333333333335,1
2023-02-24T17:00,803.2879883088004,539.0885121509821,3.3333333333333335,1
2023-02-24T18:00,813.1255909932224,545.690551110189,3.3333333333333335,1
2023-02-24T19:00,822.8455877593044,552.2136644531028,3.3333333333333335,1
2023-02-24T20:00,831.9492579038304,558.3231595093629,3.3333333333333335,1
2023-02-24T21:00,834.4604295005415,560.0084128425752,3.3333333333333335,1
2023-02-24T22:00,837.46389606527,562.024046519712,3.3333333333333335,1
2023-02-24T23:00,839.95858105523,563.6982356512517,3.3333333333333335,1
2023-02-25T00:00,842.942457525369,565.7007223685199,3.3333333333333335,1
2023-02-25T01:00,845.9158087596551,567.6961455745462,3.3333333333333335,1
2023-02-25T02:00,848.3856411944957,569.3536560962256,3.3333333333333335,1
2023-02-25T03:00,853.3038600264175,572.6542846517648,3.3333333333333335,1
2023-02-25T04:00,854.28410602456,573.3121301123861,3.3333333333333335,1
2023-02-25T05:00,855.7523696791485,574.2974854027894,3.3333333333333335,1
2023-02-25T06:00,857.2181184603919,575.2811529556072,3.3333333333333335,1
2023-02-25T07:00,857.2181184603919,575.2811529556072,3.3333333333333335,1
2023-02-25T08:00,847.8922502593692,569.022540246123,3.3333333333333335,1
2023-02-25T09:00,836.463938817821,561.3529727919986,3.3333333333333335,1
2023-02-25T10:00,824.877308352794,553.5771570582352,3.3333333333333335,1
2023-02-25T11:00,814.6680373829415,546.7256906135904,3.3333333333333335,1
2023-02-25T12:00,806.407565051192,541.1820676492255,3.3333333333333335,1
2023-02-25T13:00,800.6790564800015,537.3376516895283,3.3333333333333335,1
2023-02-25T14:00,801.2015224778372,537.6882798845494,3.3333333333333335,1
2023-02-25T15:00,801.7236479959307,538.0386795827917,3.3333333333333335,1
2023-02-25T16:00,803.808758534204,539.4380023090217,3.3333333333333335,1
2023-02-25T17:00,805.8884741927345,540.8337045184057,3.3333333333333335,1
2023-02-25T18:00,810.031886975744,543.6143588602223,3.3333333333333335,1
2023-02-25T19:00,818.7670219385759,549.4765290645412,3.3333333333333335,1
2023-02-25T20:00,829.430483555578,556.6328039511998,3.3333333333333335,1
2023-02-25T21:00,829.430483555578,556.6328039511998,3.3333333333333335,1
2023-02-25T22:00,831.9492579038304,558.3231595093629,3.3333333333333335,1
2023-02-25T23:00,831.446113462343,557.9854980575471,3.3333333333333335,1
2023-02-26T00:00,835.4627847321663,560.6810958632699,3.3333333333333335,1
2023-02-26T01:00,845.4209764220442,567.3640623957496,3.3333333333333335,1
2023-02-26T02:00,849.3715632484957,570.0153107716636,3.3333333333333335,1
2023-02-26T03:00,850.8483042590434,571.0063552361582,3.3333333333333335,1
2023-02-26T04:00,851.3399820257407,571.3363213747839,3.3333333333333335,1
2023-02-26T05:00,852.3224866597069,571.9956826113703,3.3333333333333335,1
2023-02-26T06:00,853.3038600264175,572.6542846517648,3.3333333333333335,1
2023-02-26T07:00,855.2632285304795,573.9692215946588,3.3333333333333335,1
2023-02-26T08:00,840.4566294719879,564.0324771485439,3.3333333333333335,1
2023-02-26T09:00,832.9546350173771,558.9978705223256,3.3333333333333335,1
2023-02-26T10:00,825.8912943635792,554.2576455229599,3.3333333333333335,1
2023-02-26T11:00,819.2779530472326,549.8194161675306,3.3333333333333335,1
2023-02-26T12:00,814.154213277973,546.3808620137777,3.3333333333333335,1
2023-02-26T13:00,810.031886975744,543.6143588602223,3.3333333333333335,1
2023-02-26T14:00,807.4447456278294,541.8781220432026,3.3333333333333335,1
2023-02-26T15:00,805.8884741927345,540.8337045184057,3.3333333333333335,1
2023-02-26T16:00,805.8884741927345,540.8337045184057,3.3333333333333335,1
2023-02-26T17:00,808.4805956312048,542.5732834862448,3.3333333333333335,1
2023-02-26T18:00,822.3368732823892,551.8722649370371,3.3333333333333335,1
2023-02-26T19:00,834.9617575298446,560.34485529578,3.3333333333333335,1
2023-02-26T20:00,826.9040369811637,554.9372995435,3.3333333333333335,1
2023-02-26T21:00,829.430483555578,556.6328039511998,3.3333333333333335,1
2023-02-26T22:00,834.9617575298446,560.34485529578,3.3333333333333335,1
2023-02-26T23:00,839.4602371483813,563.3637958498447,3.3333333333333335,1
2023-02-27T00:00,839.95858105523,563.6982356512517,3.3333333333333335,1
2023-02-27T01:00,845.4209764220442,567.3640623957496,3.3333333333333335,1
2023-02-27T02:00,849.3715632484957,570.0153107716636,3.3333333333333335,1
2023-02-27T03:00,851.3399820257407,571.3363213747839,3.3333333333333335,1
2023-02-27T04:00,852.3224866597069,571.9956826113703,3.3333333333333335,1
2023-02-27T05:00,853.3038600264175,572.6542846517648,3.3333333333333335,1
2023-02-27T06:00,853.7941237037666,572.983301791608,3.3333333333333335,1
2023-02-27T07:00,854.28410602456,573.3121301123861,3.3333333333333335,1
2023-02-27T08:00,844.9258542850395,567.0317847318785,3.3333333333333335,1
2023-02-27T09:00,834.4604295005415,560.0084128425752,3.3333333333333335,1
2023-02-27T10:00,822.3368732823892,551.8722649370371,3.3333333333333335,1
2023-02-27T11:00,811.5802131168433,544.6534442789986,3.3333333333333335,1
2023-02-27T12:00,802.2454336990656,538.3888512303934,3.3333333333333335,1
2023-02-27T13:00,797.0122047622693,534.8768186314464,3.3333333333333335,1
2023-02-27T14:00,793.328404630971,532.4046114520211,3.3333333333333335,1
2023-02-27T15:00,791.7443862693472,531.3415728977094,3.3333333333333335,1
2023-02-27T16:00,791.7443862693472,531.3415728977094,3.3333333333333335,1
2023-02-27T17:00,794.3826621122338,533.1121261980021,3.3333333333333335,1
2023-02-27T18:00,812.0956658287739,544.999365840883,3.3333333333333335,1
2023-02-27T19:00,823.3539879238176,552.5548530333549,3.3333333333333335,1
2023-02-27T20:00,823.8620743578094,552.8958310682954,3.3333333333333335,1
2023-02-27T21:00,822.8455877593044,552.2136644531028,3.3333333333333335,1
2023-02-27T22:00,823.8620743578094,552.8958310682954,3.3333333333333335,1
2023-02-27T23:00,827.9155407684673,555.6161221820415,3.3333333333333335,1
2023-02-28T00:00,834.4604295005415,560.0084128425752,3.3333333333333335,1
2023-02-28T01:00,835.4627847321663,560.6810958632699,3.3333333333333335,1
2023-02-28T02:00,831.9492579038304,558.3231595093629,3.3333333333333335,1
2023-02-28T03:00,827.9155407684673,555.6161221820415,3.3333333333333335,1
2023-02-28T04:00,827.9155407684673,555.6161221820415,3.3333333333333335,1
2023-02-28T05:00,827.9155407684673,555.6161221820415,3.3333333333333335,1
2023-02-28T06:00,826.9040369811637,554.9372995435,3.3333333333333335,1
2023-02-28T07:00,826.3978208106837,554.5975766469265,3.3333333333333335,1
2023-02-28T08:00,823.8620743578094,552.8958310682954,3.3333333333333335,1
2023-02-28T09:00,817.7442020240601,548.7901121456532,3.3333333333333335,1
2023-02-28T10:00,808.4805956312048,542.5732834862448,3.3333333333333335,1
2023-02-28T11:00,800.6790564800015,537.3376516895283,3.3333333333333335,1
2023-02-28T12:00,791.2156754349135,530.986753777741,3.3333333333333335,1
2023-02-28T13:00,784.3100020385062,526.3523396562158,3.3333333333333335,1
2023-02-28T14:00,780.5662575028142,523.8399036419931,3.3333333333333335,1
2023-02-28T15:00,778.9562875711661,522.75944892626,3.3333333333333335,1
2023-02-28T16:00,778.9562875711661,522.75944892626,3.3333333333333335,1
2023-02-28T17:00,779.4933136863665,523.1198484512661,3.3333333333333335,1
2023-02-28T18:00,790.1571924520644,530.2764032874235,3.3333333333333335,1
2023-02-28T19:00,799.1096089275919,536.284391640528,3.3333333333333335,1
2023-02-28T20:00,808.4805956312048,542.5732834862448,3.3333333333333335,1
2023-02-28T21:00,808.9980232653766,542.9205304232227,3.3333333333333335,1
2023-02-28T22:00,810.5483243166833,543.9609412090165,3.3333333333333335,1
2023-02-28T23:00,812.6107915804333,545.3450679789387,3.3333333333333335,1
2023-03-01T00:00,812.6107915804333,545.3450679789387,3.3333333333333335,1
2023-03-01T01:00,815.6947145860217,547.414696168165,3.3333333333333335,1
2023-03-01T02:00,815.1815376150718,547.0703018615577,3.3333333333333335,1
2023-03-01T03:00,816.2075689055268,547.7588739426071,3.3333333333333335,1
2023-03-01T04:00,817.2323120195798,548.4465815253569,3.3333333333333335,1
2023-03-01T05:00,817.7442020240601,548.7901121456532,3.3333333333333335,1
2023-03-01T06:00,819.2779530472326,549.8194161675306,3.3333333333333335,1
2023-03-01T07:00,824.877308352794,553.5771570582352,3.3333333333333335,1
2023-03-01T08:00,818.7670219385759,549.4765290645412,3.3333333333333335,1
2023-03-01T09:00,807.4447456278294,541.8781220432026,3.3333333333333335,1
2023-03-01T10:00,797.0122047622693,534.8768186314464,3.3333333333333335,1
2023-03-01T11:00,792.8007501631307,532.0505012622287,3.3333333333333335,1
2023-03-01T12:00,783.2421867005402,525.635726199804,3.3333333333333335,1
2023-03-01T13:00,773.5655218503891,519.1416930104937,3.3333333333333335,1
2023-03-01T14:00,770.3129544445375,516.9588871562908,3.3333333333333335,1
2023-03-01T15:00,770.3129544445375,516.9588871562908,3.3333333333333335,1
2023-03-01T16:00,770.8560020653473,517.3233277282777,3.3333333333333335,1
2023-03-01T17:00,776.2655842372243,520.9537114098952,3.3333333333333335,1
2023-03-01T18:00,786.4412831470871,527.7826475638684,3.3333333333333335,1
2023-03-01T19:00,797.5370729158064,535.2290589189695,3.3333333333333335,1
2023-03-01T20:00,808.9980232653766,542.9205304232227,3.3333333333333335,1
2023-03-01T21:00,809.5151201690958,543.267555406194,3.3333333333333335,1
2023-03-01T22:00,811.5802131168433,544.6534442789986,3.3333333333333335,1
2023-03-01T23:00,811.064432821266,544.3073028749362,3.3333333333333335,1
2023-03-02T00:00,811.5802131168433,544.6534442789986,3.3333333333333335,1
2023-03-02T01:00,812.0956658287739,544.999365840883,3.3333333333333335,1
2023-03-02T02:00,816.2075689055268,547.7588739426071,3.3333333333333335,1
2023-03-02T03:00,822.8455877593044,552.2136644531028,3.3333333333333335,1
2023-03-02T04:00,825.8912943635792,554.2576455229599,3.3333333333333335,1
2023-03-02T05:00,827.9155407684673,555.6161221820415,3.3333333333333335,1
2023-03-02T06:00,830.4389100478359,557.3095614095921,3.3333333333333335,1
2023-03-02T07:00,828.9258102605692,556.2941164820875,3.3333333333333335,1
2023-03-02T08:00,820.298860549898,550.5045496621997,3.3333333333333335,1
2023-03-02T09:00,809.5151201690958,543.267555406194,3.3333333333333335,1
2023-03-02T10:00,800.1562493354699,536.9867945501345,3.3333333333333335,1
2023-03-02T11:00,795.43552229877,533.8187032161121,3.3333333333333335,1
2023-03-02T12:00,789.097289637679,529.5650999447275,3.3333333333333335,1
2023-03-02T13:00,783.2421867005402,525.635726199804,3.3333333333333335,1
2023-03-02T14:00,778.9562875711661,522.75944892626,3.3333333333333335,1
2023-03-02T15:00,777.8811231007315,522.0379034492706,3.3333333333333335,1
2023-03-02T16:00,778.9562875711661,522.75944892626,3.3333333333333335,1
2023-03-02T17:00,781.6377285048026,524.5589704233736,3.3333333333333335,1
2023-03-02T18:00,798.0615958747866,535.5810675455904,3.3333333333333335,1
2023-03-02T19:00,803.2879883088004,539.0885121509821,3.3333333333333335,1
2023-03-02T20:00,800.6790564800015,537.3376516895283,3.3333333333333335,1
2023-03-02T21:00,806.407565051192,541.1820676492255,3.3333333333333335,1
2023-03-02T22:00,814.154213277973,546.3808620137777,3.3333333333333335,1
2023-03-02T23:00,817.7442020240601,548.7901121456532,3.3333333333333335,1
2023-03-03T00:00,817.2323120195798,548.4465815253569,3.3333333333333335,1
2023-03-03T01:00,820.808838131364,550.8467968507848,3.3333333333333335,1
2023-03-03T02:00,824.877308352794,553.5771570582352,3.3333333333333335,1
2023-03-03T03:00,827.4099434445084,555.2768145948655,3.3333333333333335,1
2023-03-03T04:00,828.9258102605692,556.2941164820875,3.3333333333333335,1
2023-03-03T05:00,826.3978208106837,554.5975766469265,3.3333333333333335,1
2023-03-03T06:00,829.430483555578,556.6328039511998,3.3333333333333335,1
2023-03-03T07:00,823.3539879238176,552.5548530333549,3.3333333333333335,1
2023-03-03T08:00,816.2075689055268,547.7588739426071,3.3333333333333335,1
2023-03-03T09:00,808.9980232653766,542.9205304232227,3.3333333333333335,1
2023-03-03T10:00,801.7236479959307,538.0386795827917,3.3333333333333335,1
2023-03-03T11:00,790.1571924520644,530.2764032874235,3.3333333333333335,1
2023-03-03T12:00,781.6377285048026,524.5589704233736,3.3333333333333335,1
2023-03-03T13:00,776.2655842372243,520.9537114098952,3.3333333333333335,1
2023-03-03T14:00,774.1062877478543,519.5046023124244,3.3333333333333335,1
2023-03-03T15:00,772.4828543893174,518.4151122583374,3.3333333333333335,1
2023-03-03T16:00,770.8560020653473,517.3233277282777,3.3333333333333335,1
2023-03-03T17:00,771.940951232909,518.0514397391789,3.3333333333333335,1
2023-03-03T18:00,788.0359612627672,528.8528399049136,3.3333333333333335,1
2023-03-03T19:00,799.6331003751081,536.6357080173103,3.3333333333333335,1
2023-03-03T20:00,807.4447456278294,541.8781220432026,3.3333333333333335,1
2023-03-03T21:00,807.4447456278294,541.8781220432026,3.3333333333333335,1
2023-03-03T22:00,812.6107915804333,545.3450679789387,3.3333333333333335,1
2023-03-03T23:00,813.1255909932224,545.690551110189,3.3333333333333335,1
2023-03-04T00:00,811.5802131168433,544.6534442789986,3.3333333333333335,1
2023-03-04T01:00,813.6400646865762,546.0358156503383,3.3333333333333335,1
2023-03-04T02:00,816.2075689055268,547.7588739426071,3.3333333333333335,1
2023-03-04T03:00,820.298860549898,550.5045496621997,3.3333333333333335,1
2023-03-04T04:00,822.8455877593044,552.2136644531028,3.3333333333333335,1
2023-03-04T05:00,825.3844570686132,553.9175057882416,3.3333333333333335,1
2023-03-04T06:00,830.4389100478359,557.3095614095921,3.3333333333333335,1
2023-03-04T07:00,828.9258102605692,556.2941164820875,3.3333333333333335,1
2023-03-04T08:00,817.2323120195798,548.4465815253569,3.3333333333333335,1
2023-03-04T09:00,808.4805956312048,542.5732834862448,3.3333333333333335,1
2023-03-04T10:00,798.0615958747866,535.5810675455904,3.3333333333333335,1
2023-03-04T11:00,785.9090047218813,527.4254342251025,3.3333333333333335,1
2023-03-04T12:00,774.1062877478543,519.5046023124244,3.3333333333333335,1
2023-03-04T13:00,765.4081882036425,513.6672866671321,3.3333333333333335,1
2023-03-04T14:00,759.3704531275202,509.6153480519399,3.3333333333333335,1
2023-03-04T15:00,757.1629762096796,508.1339049523715,3.3333333333333335,1
2023-03-04T16:00,756.0568207962298,507.39156137855565,3.3333333333333335,1
2023-03-04T17:00,759.3704531275202,509.6153480519399,3.3333333333333335,1
2023-03-04T18:00,775.1866878378146,520.2296614263429,3.3333333333333335,1
2023-03-04T19:00,786.4412831470871,527.7826475638684,3.3333333333333335,1
2023-03-04T20:00,797.5370729158064,535.2290589189695,3.3333333333333335,1
2023-03-04T21:00,799.6331003751081,536.6357080173103,3.3333333333333335,1
2023-03-04T22:00,805.8884741927345,540.8337045184057,3.3333333333333335,1
2023-03-04T23:00,810.031886975744,543.6143588602223,3.3333333333333335,1
2023-03-05T00:00,814.154213277973,546.3808620137777,3.3333333333333335,1
2023-03-05T01:00,815.1815376150718,547.0703018615577,3.3333333333333335,1
2023-03-05T02:00,821.3184990548177,551.1888315294118,3.3333333333333335,1
2023-03-05T03:00,820.808838131364,550.8467968507848,3.3333333333333335,1
2023-03-05T04:00,821.3184990548177,551.1888315294118,3.3333333333333335,1
2023-03-05T05:00,819.7885657194556,550.1620895670591,3.3333333333333335,1
2023-03-05T06:00,808.4805956312048,542.5732834862448,3.3333333333333335,1
2023-03-05T07:00,810.5483243166833,543.9609412090165,3.3333333333333335,1
2023-03-05T08:00,811.064432821266,544.3073028749362,3.3333333333333335,1
2023-03-05T09:00,800.1562493354699,536.9867945501345,3.3333333333333335,1
2023-03-05T10:00,786.9732015597073,528.1396192973172,3.3333333333333335,1
2023-03-05T11:00,773.5655218503891,519.1416930104937,3.3333333333333335,1
2023-03-05T12:00,762.6696885898169,511.8294729517157,3.3333333333333335,1
2023-03-05T13:00,754.3945465518728,506.2760051120367,3.3333333333333335,1
2023-03-05T14:00,749.9438024188314,503.28909995776263,3.3333333333333335,1
2023-03-05T15:00,748.267948251907,502.16443017235815,3.3333333333333335,1
2023-03-05T16:00,748.267948251907,502.16443017235815,3.3333333333333335,1
2023-03-05T17:00,752.1724664774764,504.7847617987778,3.3333333333333335,1
2023-03-05T18:00,771.940951232909,518.0514397391789,3.3333333333333335,1
2023-03-05T19:00,789.097289637679,529.5650999447275,3.3333333333333335,1
2023-03-05T20:00,796.4869907317474,534.5243462250421,3.3333333333333335,1
2023-03-05T21:00,796.4869907317474,534.5243462250421,3.3333333333333335,1
2023-03-05T22:00,798.5857743193965,535.932844967784,3.3333333333333335,1
2023-03-05T23:00,800.6790564800015,537.3376516895283,3.3333333333333335,1
2023-03-06T00:00,805.8884741927345,540.8337045184057,3.3333333333333335,1
2023-03-06T01:00,812.0956658287739,544.999365840883,3.3333333333333335,1
2023-03-06T02:00,808.4805956312048,542.5732834862448,3.3333333333333335,1
2023-03-06T03:00,800.1562493354699,536.9867945501345,3.3333333333333335,1
2023-03-06T04:00,817.7442020240601,548.7901121456532,3.3333333333333335,1
2023-03-06T05:00,820.298860549898,550.5045496621997,3.3333333333333335,1
2023-03-06T06:00,822.3368732823892,551.8722649370371,3.3333333333333335,1
2023-03-06T07:00,819.2779530472326,549.8194161675306,3.3333333333333335,1
2023-03-06T08:00,804.3291915822757,539.7872661865382,3.3333333333333335,1
2023-03-06T09:00,791.2156754349135,530.986753777741,3.3333333333333335,1
2023-03-06T10:00,776.2655842372243,520.9537114098952,3.3333333333333335,1
2023-03-06T11:00,761.021858745458,510.7236103569772,3.3333333333333335,1
2023-03-06T12:00,749.9438024188314,503.28909995776263,3.3333333333333335,1
2023-03-06T13:00,743.2177131670297,498.775205190106,3.3333333333333335,1
2023-03-06T14:00,739.8317378665478,496.50286897509585,3.3333333333333335,1
2023-03-06T15:00,739.8317378665478,496.50286897509585,3.3333333333333335,1
2023-03-06T16:00,743.7805437764072,499.1529221735768,3.3333333333333335,1
2023-03-06T17:00,745.4664859707809,500.2843620586061,3.3333333333333335,1
2023-03-06T18:00,762.1208078504283,511.4611177597399,3.3333333333333335,1
2023-03-06T19:00,775.7263236065025,520.5918122961174,3.3333333333333335,1
2023-03-06T20:00,778.9562875711661,522.75944892626,3.3333333333333335,1
2023-03-06T21:00,777.8811231007315,522.0379034492706,3.3333333333333335,1
2023-03-06T22:00,781.1021767266102,524.1995603295001,3.3333333333333335,1
2023-03-06T23:00,782.7077327408648,525.277052854593,3.3333333333333335,1
2023-03-07T00:00,786.4412831470871,527.7826475638684,3.3333333333333335,1
2023-03-07T01:00,792.8007501631307,532.0505012622287,3.3333333333333335,1
2023-03-07T02:00,792.2727442769466,531.6961552347359,3.3333333333333335,1
2023-03-07T03:00,791.2156754349135,530.986753777741,3.3333333333333335,1
2023-03-07T04:00,789.097289637679,529.5650999447275,3.3333333333333335,1
2023-03-07T05:00,794.3826621122338,533.1121261980021,3.3333333333333335,1
2023-03-07T06:00,795.43552229877,533.8187032161121,3.3333333333333335,1
2023-03-07T07:00,795.43552229877,533.8187032161121,3.3333333333333335,1
2023-03-07T08:00,791.7443862693472,531.3415728977094,3.3333333333333335,1
2023-03-07T09:00,784.3100020385062,526.3523396562158,3.3333333333333335,1
2023-03-07T10:00,779.4933136863665,523.1198484512661,3.3333333333333335,1
2023-03-07T11:00,775.7263236065025,520.5918122961174,3.3333333333333335,1
2023-03-07T12:00,771.940951232909,518.0514397391789,3.3333333333333335,1
2023-03-07T13:00,770.3129544445375,516.9588871562908,3.3333333333333335,1
2023-03-07T14:00,767.5919535206044,515.1328168539914,3.3333333333333335,1
2023-03-07T15:00,765.4081882036425,513.6672866671321,3.3333333333333335,1
2023-03-07T16:00,762.6696885898169,511.8294729517157,3.3333333333333335,1
2023-03-07T17:00,762.6696885898169,511.8294729517157,3.3333333333333335,1
2023-03-07T18:00,770.8560020653473,517.3233277282777,3.3333333333333335,1
2023-03-07T19:00,778.9562875711661,522.75944892626,3.3333333333333335,1
2023-03-07T20:00,785.3763655521086,527.0679787897852,3.3333333333333335,1
2023-03-07T21:00,783.2421867005402,525.635726199804,3.3333333333333335,1
2023-03-07T22:00,786.9732015597073,528.1396192973172,3.3333333333333335,1
2023-03-07T23:00,788.5668040048555,529.2090897532663,3.3333333333333335,1
2023-03-08T00:00,788.5668040048555,529.2090897532663,3.3333333333333335,1
2023-03-08T01:00,788.0359612627672,528.8528399049136,3.3333333333333335,1
2023-03-08T02:00,787.504760689251,528.4963499150241,3.3333333333333335,1
2023-03-08T03:00,787.504760689251,528.4963499150241,3.3333333333333335,1
2023-03-08T04:00,791.7443862693472,531.3415728977094,3.3333333333333335,1
2023-03-08T05:00,792.8007501631307,532.0505012622287,3.3333333333333335,1
2023-03-08T06:00,790.6866110658682,530.6316973998395,3.3333333333333335,1
2023-03-08T07:00,791.2156754349135,530.986753777741,3.3333333333333335,1
2023-03-08T08:00,786.9732015597073,528.1396192973172,3.3333333333333335,1
2023-03-08T09:00,776.8044705112463,521.3153592919864,3.3333333333333335,1
2023-03-08T10:00,769.2257090834096,516.2292341643328,3.3333333333333335,1
2023-03-08T11:00,763.218174592814,512.1975632351442,3.3333333333333335,1
2023-03-08T12:00,757.1629762096796,508.1339049523715,3.3333333333333335,1
2023-03-08T13:00,753.2843258670713,505.5309333247828,3.3333333333333335,1
2023-03-08T14:00,751.0589611053268,504.0374856498987,3.3333333333333335,1
2023-03-08T15:00,747.1486238432893,501.4132488540287,3.3333333333333335,1
2023-03-08T16:00,746.0276200253737,500.66094048005687,3.3333333333333335,1
2023-03-08T17:00,751.0589611053268,504.0374856498987,3.3333333333333335,1
2023-03-08T18:00,768.6815097163294,515.8640206526376,3.3333333333333335,1
2023-03-08T19:00,776.8044705112463,521.3153592919864,3.3333333333333335,1
2023-03-08T20:00,783.7762762182476,525.9941549671288,3.3333333333333335,1
2023-03-08T21:00,784.8433649033037,526.710280765015,3.3333333333333335,1
2023-03-08T22:00,788.5668040048555,529.2090897532663,3.3333333333333335,1
2023-03-08T23:00,793.8557083812022,532.7584862743774,3.3333333333333335,1
2023-03-09T00:00,796.4869907317474,534.5243462250421,3.3333333333333335,1
2023-03-09T01:00,798.5857743193965,535.932844967784,3.3333333333333335,1
2023-03-09T02:00,801.2015224778372,537.6882798845494,3.3333333333333335,1
2023-03-09T03:00,794.3826621122338,533.1121261980021,3.3333333333333335,1
2023-03-09T04:00,799.1096089275919,536.284391640528,3.3333333333333335,1
2023-03-09T05:00,798.0615958747866,535.5810675455904,3.3333333333333335,1
2023-03-09T06:00,796.4869907317474,534.5243462250421,3.3333333333333335,1
2023-03-09T07:00,794.9092665201597,533.4655316900456,3.3333333333333335,1
2023-03-09T08:00,795.9614301395615,534.1716412402667,3.3333333333333335,1
2023-03-09T09:00,792.2727442769466,531.6961552347359,3.3333333333333335,1
2023-03-09T10:00,783.2421867005402,525.635726199804,3.3333333333333335,1
2023-03-09T11:00,773.5655218503891,519.1416930104937,3.3333333333333335,1
2023-03-09T12:00,760.4717886636512,510.35445699442744,3.3333333333333335,1
2023-03-09T13:00,752.1724664774764,504.7847617987778,3.3333333333333335,1
2023-03-09T14:00,746.0276200253737,500.66094048005687,3.3333333333333335,1
2023-03-09T15:00,742.0907713312647,498.01891179799117,3.3333333333333335,1
2023-03-09T16:00,740.9621155125502,497.2614681477725,3.3333333333333335,1
2023-03-09T17:00,743.7805437764072,499.1529221735768,3.3333333333333335,1
2023-03-09T18:00,755.5031357561685,507.01998200877654,3.3333333333333335,1
2023-03-09T19:00,768.6815097163294,515.8640206526376,3.3333333333333335,1
2023-03-09T20:00,777.8811231007315,522.0379034492706,3.3333333333333335,1
2023-03-09T21:00,782.1729135921585,524.9181344301397,3.3333333333333335,1
2023-03-09T22:00,784.3100020385062,526.3523396562158,3.3333333333333335,1
2023-03-09T23:00,790.1571924520644,530.2764032874235,3.3333333333333335,1
2023-03-10T00:00,794.3826621122338,533.1121261980021,3.3333333333333335,1
2023-03-10T01:00,794.9092665201597,533.4655316900456,3.3333333333333335,1
2023-03-10T02:00,795.43552229877,533.8187032161121,3.3333333333333335,1
2023-03-10T03:00,799.6331003751081,536.6357080173103,3.3333333333333335,1
2023-03-10T04:00,800.6790564800015,537.3376516895283,3.3333333333333335,1
2023-03-10T05:00,803.2879883088004,539.0885121509821,3.3333333333333335,1
2023-03-10T06:00,804.849288107094,540.1363042224854,3.3333333333333335,1
2023-03-10T07:00,804.849288107094,540.1363042224854,3.3333333333333335,1
2023-03-10T08:00,794.9092665201597,533.4655316900456,3.3333333333333335,1
2023-03-10T09:00,787.504760689251,528.4963499150241,3.3333333333333335,1
2023-03-10T10:00,776.2655842372243,520.9537114098952,3.3333333333333335,1
2023-03-10T11:00,763.218174592814,512.1975632351442,3.3333333333333335,1
2023-03-10T12:00,751.6159199961851,504.4112621088672,3.3333333333333335,1
2023-03-10T13:00,747.1486238432893,501.4132488540287,3.3333333333333335,1
2023-03-10T14:00,746.0276200253737,500.66094048005687,3.3333333333333335,1
2023-03-10T15:00,746.5883323330348,501.0372358661216,3.3333333333333335,1
2023-03-10T16:00,748.8269830316062,502.5395997653495,3.3333333333333335,1
2023-03-10T17:00,751.0589611053268,504.0374856498987,3.3333333333333335,1
2023-03-10T18:00,760.4717886636512,510.35445699442744,3.3333333333333335,1
2023-03-10T19:00,768.6815097163294,515.8640206526376,3.3333333333333335,1
2023-03-10T20:00,770.8560020653473,517.3233277282777,3.3333333333333335,1
2023-03-10T21:00,767.5919535206044,515.1328168539914,3.3333333333333335,1
2023-03-10T22:00,764.3139657882648,512.9329513571892,3.3333333333333335,1
2023-03-10T23:00,766.5008485575082,514.4005736738158,3.3333333333333335,1
2023-03-11T00:00,767.046595047836,514.766825463665,3.3333333333333335,1
2023-03-11T01:00,774.6466761471727,519.8672582744357,3.3333333333333335,1
2023-03-11T02:00,775.1866878378146,520.2296614263429,3.3333333333333335,1
2023-03-11T03:00,781.6377285048026,524.5589704233736,3.3333333333333335,1
2023-03-11T04:00,785.9090047218813,527.4254342251025,3.3333333333333335,1
2023-03-11T05:00,786.9732015597073,528.1396192973172,3.3333333333333335,1
2023-03-11T06:00,787.504760689251,528.4963499150241,3.3333333333333335,1
2023-03-11T07:00,788.0359612627672,528.8528399049136,3.3333333333333335,1
2023-03-11T08:00,782.7077327408648,525.277052854593,3.3333333333333335,1
2023-03-11T09:00,776.8044705112463,521.3153592919864,3.3333333333333335,1
2023-03-11T10:00,771.3986673927234,517.6875117422165,3.3333333333333335,1
2023-03-11T11:00,765.9547132202276,514.034060927836,3.3333333333333335,1
2023-03-11T12:00,763.218174592814,512.1975632351442,3.3333333333333335,1
2023-03-11T13:00,758.8191859382553,509.2453913076792,3.3333333333333335,1
2023-03-11T14:00,754.9490446396396,506.6481301200978,3.3333333333333335,1
2023-03-11T15:00,754.3945465518728,506.2760051120367,3.3333333333333335,1
2023-03-11T16:00,753.2843258670713,505.5309333247828,3.3333333333333335,1
2023-03-11T17:00,752.1724664774764,504.7847617987778,3.3333333333333335,1
2023-03-11T18:00,758.8191859382553,509.2453913076792,3.3333333333333335,1
2023-03-11T19:00,771.940951232909,518.0514397391789,3.3333333333333335,1
2023-03-11T20:00,781.1021767266102,524.1995603295001,3.3333333333333335,1
2023-03-11T21:00,775.1866878378146,520.2296614263429,3.3333333333333335,1
2023-03-11T22:00,784.3100020385062,526.3523396562158,3.3333333333333335,1
2023-03-11T23:00,790.1571924520644,530.2764032874235,3.3333333333333335,1
2023-03-12T00:00,795.43552229877,533.8187032161121,3.3333333333333335,1
2023-03-12T01:00,799.6331003751081,536.6357080173103,3.3333333333333335,1
2023-03-12T02:00,803.2879883088004,539.0885121509821,3.3333333333333335,1
2023-03-12T03:00,807.4447456278294,541.8781220432026,3.3333333333333335,1
2023-03-12T04:00,809.5151201690958,543.267555406194,3.3333333333333335,1
2023-03-12T05:00,811.064432821266,544.3073028749362,3.3333333333333335,1
2023-03-12T06:00,811.5802131168433,544.6534442789986,3.3333333333333335,1
2023-03-12T07:00,810.031886975744,543.6143588602223,3.3333333333333335,1
2023-03-12T08:00,804.849288107094,540.1363042224854,3.3333333333333335,1
2023-03-12T09:00,799.1096089275919,536.284391640528,3.3333333333333335,1
2023-03-12T10:00,790.1571924520644,530.2764032874235,3.3333333333333335,1
2023-03-12T11:00,792.8007501631307,532.0505012622287,3.3333333333333335,1
2023-03-12T12:00,783.2421867005402,525.635726199804,3.3333333333333335,1
2023-03-12T13:00,778.9562875711661,522.75944892626,3.3333333333333335,1
2023-03-12T14:00,778.9562875711661,522.75944892626,3.3333333333333335,1
2023-03-12T15:00,779.4933136863665,523.1198484512661,3.3333333333333335,1
2023-03-12T16:00,782.1729135921585,524.9181344301397,3.3333333333333335,1
2023-03-12T17:00,785.9090047218813,527.4254342251025,3.3333333333333335,1
2023-03-12T18:00,792.8007501631307,532.0505012622287,3.3333333333333335,1
2023-03-12T19:00,799.6331003751081,536.6357080173103,3.3333333333333335,1
2023-03-12T20:00,807.4447456278294,541.8781220432026,3.3333333333333335,1
2023-03-12T21:00,808.4805956312048,542.5732834862448,3.3333333333333335,1
2023-03-12T22:00,810.031886975744,543.6143588602223,3.3333333333333335,1
2023-03-12T23:00,812.6107915804333,545.3450679789387,3.3333333333333335,1
2023-03-13T00:00,816.2075689055268,547.7588739426071,3.3333333333333335,1
2023-03-13T01:00,820.298860549898,550.5045496621997,3.3333333333333335,1
2023-03-13T02:00,826.3978208106837,554.5975766469265,3.3333333333333335,1
2023-03-13T03:00,832.452098238591,558.6606168744187,3.3333333333333335,1
2023-03-13T04:00,834.9617575298446,560.34485529578,3.3333333333333335,1
2023-03-13T05:00,836.463938817821,561.3529727919986,3.3333333333333335,1
2023-03-13T06:00,834.9617575298446,560.34485529578,3.3333333333333335,1
2023-03-13T07:00,832.452098238591,558.6606168744187,3.3333333333333335,1
2023-03-13T08:00,823.3539879238176,552.5548530333549,3.3333333333333335,1
2023-03-13T09:00,813.6400646865762,546.0358156503383,3.3333333333333335,1
2023-03-13T10:00,803.2879883088004,539.0885121509821,3.3333333333333335,1
2023-03-13T11:00,793.8557083812022,532.7584862743774,3.3333333333333335,1
2023-03-13T12:00,786.9732015597073,528.1396192973172,3.3333333333333335,1
2023-03-13T13:00,781.1021767266102,524.1995603295001,3.3333333333333335,1
2023-03-13T14:00,776.2655842372243,520.9537114098952,3.3333333333333335,1
2023-03-13T15:00,773.5655218503891,519.1416930104937,3.3333333333333335,1
2023-03-13T16:00,773.5655218503891,519.1416930104937,3.3333333333333335,1
2023-03-13T17:00,775.1866878378146,520.2296614263429,3.3333333333333335,1
2023-03-13T18:00,785.9090047218813,527.4254342251025,3.3333333333333335,1
2023-03-13T19:00,798.5857743193965,535.932844967784,3.3333333333333335,1
2023-03-13T20:00,803.808758534204,539.4380023090217,3.3333333333333335,1
2023-03-13T21:00,805.8884741927345,540.8337045184057,3.3333333333333335,1
2023-03-13T22:00,808.4805956312048,542.5732834862448,3.3333333333333335,1
2023-03-13T23:00,808.9980232653766,542.9205304232227,3.3333333333333335,1
2023-03-14T00:00,808.9980232653766,542.9205304232227,3.3333333333333335,1
2023-03-14T01:00,811.064432821266,544.3073028749362,3.3333333333333335,1
2023-03-14T02:00,812.0956658287739,544.999365840883,3.3333333333333335,1
2023-03-14T03:00,812.0956658287739,544.999365840883,3.3333333333333335,1
2023-03-14T04:00,812.6107915804333,545.3450679789387,3.3333333333333335,1
2023-03-14T05:00,813.1255909932224,545.690551110189,3.3333333333333335,1
2023-03-14T06:00,814.154213277973,546.3808620137777,3.3333333333333335,1
2023-03-14T07:00,813.1255909932224,545.690551110189,3.3333333333333335,1
2023-03-14T08:00,800.6790564800015,537.3376516895283,3.3333333333333335,1
2023-03-14T09:00,788.0359612627672,528.8528399049136,3.3333333333333335,1
2023-03-14T10:00,776.8044705112463,521.3153592919864,3.3333333333333335,1
2023-03-14T11:00,765.4081882036425,513.6672866671321,3.3333333333333335,1
2023-03-14T12:00,757.1629762096796,508.1339049523715,3.3333333333333335,1
2023-03-14T13:00,747.7084955021039,501.7889800786189,3.3333333333333335,1
2023-03-14T14:00,744.3429488048012,499.53035354862016,3.3333333333333335,1
2023-03-14T15:00,743.2177131670297,498.775205190106,3.3333333333333335,1
2023-03-14T16:00,743.7805437764072,499.1529221735768,3.3333333333333335,1
2023-03-14T17:00,747.7084955021039,501.7889800786189,3.3333333333333335,1
2023-03-14T18:00,759.3704531275202,509.6153480519399,3.3333333333333335,1
2023-03-14T19:00,773.5655218503891,519.1416930104937,3.3333333333333335,1
2023-03-14T20:00,776.2655842372243,520.9537114098952,3.3333333333333335,1
2023-03-14T21:00,775.7263236065025,520.5918122961174,3.3333333333333335,1
2023-03-14T22:00,785.3763655521086,527.0679787897852,3.3333333333333335,1
2023-03-14T23:00,791.7443862693472,531.3415728977094,3.3333333333333335,1
2023-03-15T00:00,795.43552229877,533.8187032161121,3.3333333333333335,1
2023-03-15T01:00,794.9092665201597,533.4655316900456,3.3333333333333335,1
2023-03-15T02:00,801.2015224778372,537.6882798845494,3.3333333333333335,1
2023-03-15T03:00,802.7668802498647,538.7387952720419,3.3333333333333335,1
2023-03-15T04:00,798.0615958747866,535.5810675455904,3.3333333333333335,1
2023-03-15T05:00,792.2727442769466,531.6961552347359,3.3333333333333335,1
2023-03-15T06:00,793.8557083812022,532.7584862743774,3.3333333333333335,1
2023-03-15T07:00,807.4447456278294,541.8781220432026,3.3333333333333335,1
2023-03-15T08:00,792.2727442769466,531.6961552347359,3.3333333333333335,1
2023-03-15T09:00,776.2655842372243,520.9537114098952,3.3333333333333335,1
2023-03-15T10:00,764.3139657882648,512.9329513571892,3.3333333333333335,1
2023-03-15T11:00,752.7286014639734,505.15798533353643,3.3333333333333335,1
2023-03-15T12:00,747.1486238432893,501.4132488540287,3.3333333333333335,1
2023-03-15T13:00,744.3429488048012,499.53035354862016,3.3333333333333335,1
2023-03-15T14:00,741.5266581586482,497.64033408322797,3.3333333333333335,1
2023-03-15T15:00,741.5266581586482,497.64033408322797,3.3333333333333335,1
2023-03-15T16:00,743.2177131670297,498.775205190106,3.3333333333333335,1
2023-03-15T17:00,748.267948251907,502.16443017235815,3.3333333333333335,1
2023-03-15T18:00,758.8191859382553,509.2453913076792,3.3333333333333335,1
2023-03-15T19:00,769.7695237212065,516.5941894832752,3.3333333333333335,1
2023-03-15T20:00,785.9090047218813,527.4254342251025,3.3333333333333335,1
2023-03-15T21:00,790.1571924520644,530.2764032874235,3.3333333333333335,1
2023-03-15T22:00,794.3826621122338,533.1121261980021,3.3333333333333335,1
2023-03-15T23:00,795.9614301395615,534.1716412402667,3.3333333333333335,1
2023-03-16T00:00,796.4869907317474,534.5243462250421,3.3333333333333335,1
2023-03-16T01:00,799.1096089275919,536.284391640528,3.3333333333333335,1
2023-03-16T02:00,798.5857743193965,535.932844967784,3.3333333333333335,1
2023-03-16T03:00,800.6790564800015,537.3376516895283,3.3333333333333335,1
2023-03-16T04:00,800.6790564800015,537.3376516895283,3.3333333333333335,1
2023-03-16T05:00,804.849288107094,540.1363042224854,3.3333333333333335,1
2023-03-16T06:00,809.5151201690958,543.267555406194,3.3333333333333335,1
2023-03-16T07:00,810.031886975744,543.6143588602223,3.3333333333333335,1
2023-03-16T08:00,805.8884741927345,540.8337045184057,3.3333333333333335,1
2023-03-16T09:00,795.43552229877,533.8187032161121,3.3333333333333335,1
2023-03-16T10:00,787.504760689251,528.4963499150241,3.3333333333333335,1
2023-03-16T11:00,788.0359612627672,528.8528399049136,3.3333333333333335,1
2023-03-16T12:00,783.2421867005402,525.635726199804,3.3333333333333335,1
2023-03-16T13:00,780.5662575028142,523.8399036419931,3.3333333333333335,1
2023-03-16T14:00,774.6466761471727,519.8672582744357,3.3333333333333335,1
2023-03-16T15:00,774.6466761471727,519.8672582744357,3.3333333333333335,1
2023-03-16T16:00,780.5662575028142,523.8399036419931,3.3333333333333335,1
2023-03-16T17:00,808.4805956312048,542.5732834862448,3.3333333333333335,1
2023-03-16T18:00,812.0956658287739,544.999365840883,3.3333333333333335,1
2023-03-16T19:00,816.2075689055268,547.7588739426071,3.3333333333333335,1
2023-03-16T20:00,827.4099434445084,555.2768145948655,3.3333333333333335,1
2023-03-16T21:00,830.4389100478359,557.3095614095921,3.3333333333333335,1
2023-03-16T22:00,831.9492579038304,558.3231595093629,3.3333333333333335,1
2023-03-16T23:00,831.9492579038304,558.3231595093629,3.3333333333333335,1
2023-03-17T00:00,831.9492579038304,558.3231595093629,3.3333333333333335,1
2023-03-17T01:00,830.9426643617094,557.6476321482414,3.3333333333333335,1
2023-03-17T02:00,833.9588001017373,559.671768139569,3.3333333333333335,1
2023-03-17T03:00,837.46389606527,562.024046519712,3.3333333333333335,1
2023-03-17T04:00,839.4602371483813,563.3637958498447,3.3333333333333335,1
2023-03-17T05:00,840.4566294719879,564.0324771485439,3.3333333333333335,1
2023-03-17T06:00,839.95858105523,563.6982356512517,3.3333333333333335,1
2023-03-17T07:00,839.4602371483813,563.3637958498447,3.3333333333333335,1
2023-03-17T08:00,838.4626607565891,562.6943199201219,3.3333333333333335,1
2023-03-17T09:00,837.9634272138136,562.3592830818924,3.3333333333333335,1
2023-03-17T10:00,832.452098238591,558.6606168744187,3.3333333333333335,1
2023-03-17T11:00,826.3978208106837,554.5975766469265,3.3333333333333335,1
2023-03-17T12:00,824.3698476413676,553.2365989472222,3.3333333333333335,1
2023-03-17T13:00,818.7670219385759,549.4765290645412,3.3333333333333335,1
2023-03-17T14:00,817.7442020240601,548.7901121456532,3.3333333333333335,1
2023-03-17T15:00,816.2075689055268,547.7588739426071,3.3333333333333335,1
2023-03-17T16:00,815.6947145860217,547.414696168165,3.3333333333333335,1
2023-03-17T17:00,815.6947145860217,547.414696168165,3.3333333333333335,1
2023-03-17T18:00,817.7442020240601,548.7901121456532,3.3333333333333335,1
2023-03-17T19:00,820.298860549898,550.5045496621997,3.3333333333333335,1
2023-03-17T20:00,828.420829519057,555.955222684883,3.3333333333333335,1
2023-03-17T21:00,829.430483555578,556.6328039511998,3.3333333333333335,1
2023-03-17T22:00,829.430483555578,556.6328039511998,3.3333333333333335,1
2023-03-17T23:00,830.4389100478359,557.3095614095921,3.3333333333333335,1
2023-03-18T00:00,830.4389100478359,557.3095614095921,3.3333333333333335,1
2023-03-18T01:00,831.9492579038304,558.3231595093629,3.3333333333333335,1
2023-03-18T02:00,832.452098238591,558.6606168744187,3.3333333333333335,1
2023-03-18T03:00,832.452098238591,558.6606168744187,3.3333333333333335,1
2023-03-18T04:00,833.4568687892797,559.3349208215799,3.3333333333333335,1
2023-03-18T05:00,833.9588001017373,559.671768139569,3.3333333333333335,1
2023-03-18T06:00,833.4568687892797,559.3349208215799,3.3333333333333335,1
2023-03-18T07:00,832.9546350173771,558.9978705223256,3.3333333333333335,1
2023-03-18T08:00,832.452098238591,558.6606168744187,3.3333333333333335,1
2023-03-18T09:00,827.9155407684673,555.6161221820415,3.3333333333333335,1
2023-03-18T10:00,822.8455877593044,552.2136644531028,3.3333333333333335,1
2023-03-18T11:00,817.7442020240601,548.7901121456532,3.3333333333333335,1
2023-03-18T12:00,815.1815376150718,547.0703018615577,3.3333333333333335,1
2023-03-18T13:00,816.7201011814079,548.1028355927941,3.3333333333333335,1
2023-03-18T14:00,817.7442020240601,548.7901121456532,3.3333333333333335,1
2023-03-18T15:00,817.7442020240601,548.7901121456532,3.3333333333333335,1
2023-03-18T16:00,818.7670219385759,549.4765290645412,3.3333333333333335,1
2023-03-18T17:00,817.7442020240601,548.7901121456532,3.3333333333333335,1
2023-03-18T18:00,818.7670219385759,549.4765290645412,3.3333333333333335,1
2023-03-18T19:00,819.2779530472326,549.8194161675306,3.3333333333333335,1
2023-03-18T20:00,822.3368732823892,551.8722649370371,3.3333333333333335,1
2023-03-18T21:00,824.877308352794,553.5771570582352,3.3333333333333335,1
2023-03-18T22:00,823.8620743578094,552.8958310682954,3.3333333333333335,1
2023-03-18T23:00,823.8620743578094,552.8958310682954,3.3333333333333335,1
2023-03-19T00:00,824.877308352794,553.5771570582352,3.3333333333333335,1
2023-03-19T01:00,824.877308352794,553.5771570582352,3.3333333333333335,1
2023-03-19T02:00,824.877308352794,553.5771570582352,3.3333333333333335,1
2023-03-19T03:00,825.3844570686132,553.9175057882416,3.3333333333333335,1
2023-03-19T04:00,826.3978208106837,554.5975766469265,3.3333333333333335,1
2023-03-19T05:00,826.3978208106837,554.5975766469265,3.3333333333333335,1
2023-03-19T06:00,827.9155407684673,555.6161221820415,3.3333333333333335,1
2023-03-19T07:00,825.3844570686132,553.9175057882416,3.3333333333333335,1
2023-03-19T08:00,824.877308352794,553.5771570582352,3.3333333333333335,1
2023-03-19T09:00,819.2779530472326,549.8194161675306,3.3333333333333335,1
2023-03-19T10:00,812.6107915804333,545.3450679789387,3.3333333333333335,1
2023-03-19T11:00,808.9980232653766,542.9205304232227,3.3333333333333335,1
2023-03-19T12:00,806.407565051192,541.1820676492255,3.3333333333333335,1
2023-03-19T13:00,804.3291915822757,539.7872661865382,3.3333333333333335,1
2023-03-19T14:00,803.2879883088004,539.0885121509821,3.3333333333333335,1
2023-03-19T15:00,805.8884741927345,540.8337045184057,3.3333333333333335,1
2023-03-19T16:00,808.9980232653766,542.9205304232227,3.3333333333333335,1
2023-03-19T17:00,810.031886975744,543.6143588602223,3.3333333333333335,1
2023-03-19T18:00,811.5802131168433,544.6534442789986,3.3333333333333335,1
2023-03-19T19:00,813.6400646865762,546.0358156503383,3.3333333333333335,1
2023-03-19T20:00,817.2323120195798,548.4465815253569,3.3333333333333335,1
2023-03-19T21:00,817.7442020240601,548.7901121456532,3.3333333333333335,1
2023-03-19T22:00,817.7442020240601,548.7901121456532,3.3333333333333335,1
2023-03-19T23:00,821.3184990548177,551.1888315294118,3.3333333333333335,1
2023-03-20T00:00,819.7885657194556,550.1620895670591,3.3333333333333335,1
2023-03-20T01:00,820.298860549898,550.5045496621997,3.3333333333333335,1
2023-03-20T02:00,820.298860549898,550.5045496621997,3.3333333333333335,1
2023-03-20T03:00,821.3184990548177,551.1888315294118,3.3333333333333335,1
2023-03-20T04:00,822.3368732823892,551.8722649370371,3.3333333333333335,1
2023-03-20T05:00,826.9040369811637,554.9372995435,3.3333333333333335,1
2023-03-20T06:00,827.4099434445084,555.2768145948655,3.3333333333333335,1
2023-03-20T07:00,823.8620743578094,552.8958310682954,3.3333333333333335,1
2023-03-20T08:00,820.298860549898,550.5045496621997,3.3333333333333335,1
2023-03-20T09:00,816.7201011814079,548.1028355927941,3.3333333333333335,1
2023-03-20T10:00,815.6947145860217,547.414696168165,3.3333333333333335,1
2023-03-20T11:00,812.0956658287739,544.999365840883,3.3333333333333335,1
2023-03-20T12:00,811.064432821266,544.3073028749362,3.3333333333333335,1
2023-03-20T13:00,810.031886975744,543.6143588602223,3.3333333333333335,1
2023-03-20T14:00,808.9980232653766,542.9205304232227,3.3333333333333335,1
2023-03-20T15:00,805.8884741927345,540.8337045184057,3.3333333333333335,1
2023-03-20T16:00,805.8884741927345,540.8337045184057,3.3333333333333335,1
2023-03-20T17:00,805.8884741927345,540.8337045184057,3.3333333333333335,1
2023-03-20T18:00,806.9263219816859,541.5302066801809,3.3333333333333335,1
2023-03-20T19:00,808.9980232653766,542.9205304232227,3.3333333333333335,1
2023-03-20T20:00,811.064432821266,544.3073028749362,3.3333333333333335,1
2023-03-20T21:00,812.6107915804333,545.3450679789387,3.3333333333333335,1
2023-03-20T22:00,813.6400646865762,546.0358156503383,3.3333333333333335,1
2023-03-20T23:00,813.6400646865762,546.0358156503383,3.3333333333333335,1
2023-03-21T00:00,814.154213277973,546.3808620137777,3.3333333333333335,1
2023-03-21T01:00,814.154213277973,546.3808620137777,3.3333333333333335,1
2023-03-21T02:00,814.6680373829415,546.7256906135904,3.3333333333333335,1
2023-03-21T03:00,815.1815376150718,547.0703018615577,3.3333333333333335,1
2023-03-21T04:00,815.1815376150718,547.0703018615577,3.3333333333333335,1
2023-03-21T05:00,815.1815376150718,547.0703018615577,3.3333333333333335,1
2023-03-21T06:00,815.6947145860217,547.414696168165,3.3333333333333335,1
2023-03-21T07:00,815.1815376150718,547.0703018615577,3.3333333333333335,1
2023-03-21T08:00,813.6400646865762,546.0358156503383,3.3333333333333335,1
2023-03-21T09:00,811.064432821266,544.3073028749362,3.3333333333333335,1
2023-03-21T10:00,810.031886975744,543.6143588602223,3.3333333333333335,1
2023-03-21T11:00,806.407565051192,541.1820676492255,3.3333333333333335,1
2023-03-21T12:00,803.808758534204,539.4380023090217,3.3333333333333335,1
2023-03-21T13:00,799.6331003751081,536.6357080173103,3.3333333333333335,1
2023-03-21T14:00,797.0122047622693,534.8768186314464,3.3333333333333335,1
2023-03-21T15:00,795.43552229877,533.8187032161121,3.3333333333333335,1
2023-03-21T16:00,795.9614301395615,534.1716412402667,3.3333333333333335,1
2023-03-21T17:00,795.9614301395615,534.1716412402667,3.3333333333333335,1
2023-03-21T18:00,797.0122047622693,534.8768186314464,3.3333333333333335,1
2023-03-21T19:00,805.8884741927345,540.8337045184057,3.3333333333333335,1
2023-03-21T20:00,804.849288107094,540.1363042224854,3.3333333333333335,1
2023-03-21T21:00,806.407565051192,541.1820676492255,3.3333333333333335,1
2023-03-21T22:00,810.031886975744,543.6143588602223,3.3333333333333335,1
2023-03-21T23:00,812.6107915804333,545.3450679789387,3.3333333333333335,1
2023-03-22T00:00,812.6107915804333,545.3450679789387,3.3333333333333335,1
2023-03-22T01:00,815.1815376150718,547.0703018615577,3.3333333333333335,1
2023-03-22T02:00,813.1255909932224,545.690551110189,3.3333333333333335,1
2023-03-22T03:00,810.031886975744,543.6143588602223,3.3333333333333335,1
2023-03-22T04:00,810.031886975744,543.6143588602223,3.3333333333333335,1
2023-03-22T05:00,808.4805956312048,542.5732834862448,3.3333333333333335,1
2023-03-22T06:00,807.4447456278294,541.8781220432026,3.3333333333333335,1
2023-03-22T07:00,805.8884741927345,540.8337045184057,3.3333333333333335,1
2023-03-22T08:00,807.4447456278294,541.8781220432026,3.3333333333333335,1
2023-03-22T09:00,803.2879883088004,539.0885121509821,3.3333333333333335,1
2023-03-22T10:00,798.5857743193965,535.932844967784,3.3333333333333335,1
2023-03-22T11:00,789.097289637679,529.5650999447275,3.3333333333333335,1
2023-03-22T12:00,786.4412831470871,527.7826475638684,3.3333333333333335,1
2023-03-22T13:00,780.5662575028142,523.8399036419931,3.3333333333333335,1
2023-03-22T14:00,778.4188909652402,522.3988007640318,3.3333333333333335,1
2023-03-22T15:00,776.2655842372243,520.9537114098952,3.3333333333333335,1
2023-03-22T16:00,776.2655842372243,520.9537114098952,3.3333333333333335,1
2023-03-22T17:00,778.4188909652402,522.3988007640318,3.3333333333333335,1
2023-03-22T18:00,781.6377285048026,524.5589704233736,3.3333333333333335,1
2023-03-22T19:00,784.8433649033037,526.710280765015,3.3333333333333335,1
2023-03-22T20:00,790.1571924520644,530.2764032874235,3.3333333333333335,1
2023-03-22T21:00,797.0122047622693,534.8768186314464,3.3333333333333335,1
2023-03-22T22:00,798.0615958747866,535.5810675455904,3.3333333333333335,1
2023-03-22T23:00,800.6790564800015,537.3376516895283,3.3333333333333335,1
2023-03-23T00:00,804.3291915822757,539.7872661865382,3.3333333333333335,1
2023-03-23T01:00,803.2879883088004,539.0885121509821,3.3333333333333335,1
2023-03-23T02:00,806.407565051192,541.1820676492255,3.3333333333333335,1
2023-03-23T03:00,807.4447456278294,541.8781220432026,3.3333333333333335,1
2023-03-23T04:00,806.407565051192,541.1820676492255,3.3333333333333335,1
2023-03-23T05:00,805.8884741927345,540.8337045184057,3.3333333333333335,1
2023-03-23T06:00,806.9263219816859,541.5302066801809,3.3333333333333335,1
2023-03-23T07:00,804.849288107094,540.1363042224854,3.3333333333333335,1
2023-03-23T08:00,803.2879883088004,539.0885121509821,3.3333333333333335,1
2023-03-23T09:00,798.0615958747866,535.5810675455904,3.3333333333333335,1
2023-03-23T10:00,789.097289637679,529.5650999447275,3.3333333333333335,1
2023-03-23T11:00,784.3100020385062,526.3523396562158,3.3333333333333335,1
2023-03-23T12:00,778.4188909652402,522.3988007640318,3.3333333333333335,1
2023-03-23T13:00,775.7263236065025,520.5918122961174,3.3333333333333335,1
2023-03-23T14:00,774.1062877478543,519.5046023124244,3.3333333333333335,1
2023-03-23T15:00,777.3429832071276,521.6767564648836,3.3333333333333335,1
2023-03-23T16:00,777.3429832071276,521.6767564648836,3.3333333333333335,1
2023-03-23T17:00,781.6377285048026,524.5589704233736,3.3333333333333335,1
2023-03-23T18:00,786.9732015597073,528.1396192973172,3.3333333333333335,1
2023-03-23T19:00,792.2727442769466,531.6961552347359,3.3333333333333335,1
2023-03-23T20:00,797.0122047622693,534.8768186314464,3.3333333333333335,1
2023-03-23T21:00,799.6331003751081,536.6357080173103,3.3333333333333335,1
2023-03-23T22:00,803.2879883088004,539.0885121509821,3.3333333333333335,1
2023-03-23T23:00,805.3690487606256,540.4851168543994,3.3333333333333335,1
2023-03-24T00:00,805.8884741927345,540.8337045184057,3.3333333333333335,1
2023-03-24T01:00,806.407565051192,541.1820676492255,3.3333333333333335,1
2023-03-24T02:00,807.4447456278294,541.8781220432026,3.3333333333333335,1
2023-03-24T03:00,808.9980232653766,542.9205304232227,3.3333333333333335,1
2023-03-24T04:00,810.031886975744,543.6143588602223,3.3333333333333335,1
2023-03-24T05:00,812.6107915804333,545.3450679789387,3.3333333333333335,1
2023-03-24T06:00,816.2075689055268,547.7588739426071,3.3333333333333335,1
2023-03-24T07:00,817.7442020240601,548.7901121456532,3.3333333333333335,1
2023-03-24T08:00,817.2323120195798,548.4465815253569,3.3333333333333335,1
2023-03-24T09:00,815.1815376150718,547.0703018615577,3.3333333333333335,1
2023-03-24T10:00,812.0956658287739,544.999365840883,3.3333333333333335,1
2023-03-24T11:00,811.064432821266,544.3073028749362,3.3333333333333335,1
2023-03-24T12:00,808.4805956312048,542.5732834862448,3.3333333333333335,1
2023-03-24T13:00,803.808758534204,539.4380023090217,3.3333333333333335,1
2023-03-24T14:00,798.5857743193965,535.932844967784,3.3333333333333335,1
2023-03-24T15:00,801.7236479959307,538.0386795827917,3.3333333333333335,1
2023-03-24T16:00,803.2879883088004,539.0885121509821,3.3333333333333335,1
2023-03-24T17:00,803.2879883088004,539.0885121509821,3.3333333333333335,1
2023-03-24T18:00,803.808758534204,539.4380023090217,3.3333333333333335,1
2023-03-24T19:00,806.407565051192,541.1820676492255,3.3333333333333335,1
2023-03-24T20:00,808.9980232653766,542.9205304232227,3.3333333333333335,1
2023-03-24T21:00,811.064432821266,544.3073028749362,3.3333333333333335,1
2023-03-24T22:00,815.6947145860217,547.414696168165,3.3333333333333335,1
2023-03-24T23:00,820.298860549898,550.5045496621997,3.3333333333333335,1
2023-03-25T00:00,822.3368732823892,551.8722649370371,3.3333333333333335,1
2023-03-25T01:00,823.8620743578094,552.8958310682954,3.3333333333333335,1
2023-03-25T02:00,823.8620743578094,552.8958310682954,3.3333333333333335,1
2023-03-25T03:00,824.3698476413676,553.2365989472222,3.3333333333333335,1
2023-03-25T04:00,825.3844570686132,553.9175057882416,3.3333333333333335,1
2023-03-25T05:00,826.9040369811637,554.9372995435,3.3333333333333335,1
2023-03-25T06:00,827.4099434445084,555.2768145948655,3.3333333333333335,1
2023-03-25T07:00,827.4099434445084,555.2768145948655,3.3333333333333335,1
2023-03-25T08:00,826.3978208106837,554.5975766469265,3.3333333333333335,1
2023-03-25T09:00,821.3184990548177,551.1888315294118,3.3333333333333335,1
2023-03-25T10:00,816.2075689055268,547.7588739426071,3.3333333333333335,1
2023-03-25T11:00,811.064432821266,544.3073028749362,3.3333333333333335,1
2023-03-25T12:00,804.849288107094,540.1363042224854,3.3333333333333335,1
2023-03-25T13:00,803.2879883088004,539.0885121509821,3.3333333333333335,1
2023-03-25T14:00,802.2454336990656,538.3888512303934,3.3333333333333335,1
2023-03-25T15:00,802.7668802498647,538.7387952720419,3.3333333333333335,1
2023-03-25T16:00,803.2879883088004,539.0885121509821,3.3333333333333335,1
2023-03-25T17:00,804.849288107094,540.1363042224854,3.3333333333333335,1
2023-03-25T18:00,807.4447456278294,541.8781220432026,3.3333333333333335,1
2023-03-25T19:00,811.064432821266,544.3073028749362,3.3333333333333335,1
2023-03-25T20:00,818.2557717969764,549.1334278577722,3.3333333333333335,1
2023-03-25T21:00,821.3184990548177,551.1888315294118,3.3333333333333335,1
2023-03-25T22:00,816.2075689055268,547.7588739426071,3.3333333333333335,1
2023-03-25T23:00,817.2323120195798,548.4465815253569,3.3333333333333335,1
2023-03-26T00:00,817.2323120195798,548.4465815253569,3.3333333333333335,1
2023-03-26T01:00,818.7670219385759,549.4765290645412,3.3333333333333335,1
2023-03-26T02:00,830.9426643617094,557.6476321482414,3.3333333333333335,1
2023-03-26T03:00,831.446113462343,557.9854980575471,3.3333333333333335,1
2023-03-26T04:00,831.9492579038304,558.3231595093629,3.3333333333333335,1
2023-03-26T05:00,834.9617575298446,560.34485529578,3.3333333333333335,1
2023-03-26T06:00,836.9640667780919,561.6886098759729,3.3333333333333335,1
2023-03-26T07:00,827.9155407684673,555.6161221820415,3.3333333333333335,1
2023-03-26T08:00,825.3844570686132,553.9175057882416,3.3333333333333335,1
2023-03-26T09:00,815.1815376150718,547.0703018615577,3.3333333333333335,1
2023-03-26T10:00,804.849288107094,540.1363042224854,3.3333333333333335,1
2023-03-26T11:00,797.0122047622693,534.8768186314464,3.3333333333333335,1
2023-03-26T12:00,791.7443862693472,531.3415728977094,3.3333333333333335,1
2023-03-26T13:00,787.504760689251,528.4963499150241,3.3333333333333335,1
2023-03-26T14:00,784.8433649033037,526.710280765015,3.3333333333333335,1
2023-03-26T15:00,784.3100020385062,526.3523396562158,3.3333333333333335,1
2023-03-26T16:00,784.3100020385062,526.3523396562158,3.3333333333333335,1
2023-03-26T17:00,787.504760689251,528.4963499150241,3.3333333333333335,1
2023-03-26T18:00,796.4869907317474,534.5243462250421,3.3333333333333335,1
2023-03-26T19:00,794.3826621122338,533.1121261980021,3.3333333333333335,1
2023-03-26T20:00,807.4447456278294,541.8781220432026,3.3333333333333335,1
2023-03-26T21:00,804.3291915822757,539.7872661865382,3.3333333333333335,1
2023-03-26T22:00,802.2454336990656,538.3888512303934,3.3333333333333335,1
2023-03-26T23:00,803.808758534204,539.4380023090217,3.3333333333333335,1
2023-03-27T00:00,807.4447456278294,541.8781220432026,3.3333333333333335,1
2023-03-27T01:00,811.064432821266,544.3073028749362,3.3333333333333335,1
2023-03-27T02:00,811.5802131168433,544.6534442789986,3.3333333333333335,1
2023-03-27T03:00,817.2323120195798,548.4465815253569,3.3333333333333335,1
2023-03-27T04:00,820.298860549898,550.5045496621997,3.3333333333333335,1
2023-03-27T05:00,827.4099434445084,555.2768145948655,3.3333333333333335,1
2023-03-27T06:00,823.8620743578094,552.8958310682954,3.3333333333333335,1
2023-03-27T07:00,820.808838131364,550.8467968507848,3.3333333333333335,1
2023-03-27T08:00,810.031886975744,543.6143588602223,3.3333333333333335,1
2023-03-27T09:00,797.5370729158064,535.2290589189695,3.3333333333333335,1
2023-03-27T10:00,790.6866110658682,530.6316973998395,3.3333333333333335,1
2023-03-27T11:00,782.7077327408648,525.277052854593,3.3333333333333335,1
2023-03-27T12:00,778.4188909652402,522.3988007640318,3.3333333333333335,1
2023-03-27T13:00,774.6466761471727,519.8672582744357,3.3333333333333335,1
2023-03-27T14:00,773.0243776625457,518.778529836975,3.3333333333333335,1
2023-03-27T15:00,771.940951232909,518.0514397391789,3.3333333333333335,1
2023-03-27T16:00,771.940951232909,518.0514397391789,3.3333333333333335,1
2023-03-27T17:00,773.5655218503891,519.1416930104937,3.3333333333333335,1
2023-03-27T18:00,782.1729135921585,524.9181344301397,3.3333333333333335,1
2023-03-27T19:00,791.2156754349135,530.986753777741,3.3333333333333335,1
2023-03-27T20:00,798.0615958747866,535.5810675455904,3.3333333333333335,1
2023-03-27T21:00,797.0122047622693,534.8768186314464,3.3333333333333335,1
2023-03-27T22:00,797.5370729158064,535.2290589189695,3.3333333333333335,1
2023-03-27T23:00,804.3291915822757,539.7872661865382,3.3333333333333335,1
2023-03-28T00:00,798.5857743193965,535.932844967784,3.3333333333333335,1
2023-03-28T01:00,801.2015224778372,537.6882798845494,3.3333333333333335,1
2023-03-28T02:00,803.2879883088004,539.0885121509821,3.3333333333333335,1
2023-03-28T03:00,805.8884741927345,540.8337045184057,3.3333333333333335,1
2023-03-28T04:00,820.298860549898,550.5045496621997,3.3333333333333335,1
2023-03-28T05:00,819.7885657194556,550.1620895670591,3.3333333333333335,1
2023-03-28T06:00,826.3978208106837,554.5975766469265,3.3333333333333335,1
2023-03-28T07:00,817.2323120195798,548.4465815253569,3.3333333333333335,1
2023-03-28T08:00,805.3690487606256,540.4851168543994,3.3333333333333335,1
2023-03-28T09:00,797.5370729158064,535.2290589189695,3.3333333333333335,1
2023-03-28T10:00,790.1571924520644,530.2764032874235,3.3333333333333335,1
2023-03-28T11:00,780.5662575028142,523.8399036419931,3.3333333333333335,1
2023-03-28T12:00,778.9562875711661,522.75944892626,3.3333333333333335,1
2023-03-28T13:00,777.3429832071276,521.6767564648836,3.3333333333333335,1
2023-03-28T14:00,778.4188909652402,522.3988007640318,3.3333333333333335,1
2023-03-28T15:00,779.4933136863665,523.1198484512661,3.3333333333333335,1
2023-03-28T16:00,779.4933136863665,523.1198484512661,3.3333333333333335,1
2023-03-28T17:00,782.1729135921585,524.9181344301397,3.3333333333333335,1
2023-03-28T18:00,788.0359612627672,528.8528399049136,3.3333333333333335,1
2023-03-28T19:00,787.504760689251,528.4963499150241,3.3333333333333335,1
2023-03-28T20:00,788.0359612627672,528.8528399049136,3.3333333333333335,1
2023-03-28T21:00,788.0359612627672,528.8528399049136,3.3333333333333335,1
2023-03-28T22:00,789.6274188809745,529.9208709623143,3.3333333333333335,1
2023-03-28T23:00,791.7443862693472,531.3415728977094,3.3333333333333335,1
2023-03-29T00:00,792.8007501631307,532.0505012622287,3.3333333333333335,1
2023-03-29T01:00,798.0615958747866,535.5810675455904,3.3333333333333335,1
2023-03-29T02:00,799.6331003751081,536.6357080173103,3.3333333333333335,1
2023-03-29T03:00,805.8884741927345,540.8337045184057,3.3333333333333335,1
2023-03-29T04:00,802.2454336990656,538.3888512303934,3.3333333333333335,1
2023-03-29T05:00,806.407565051192,541.1820676492255,3.3333333333333335,1
2023-03-29T06:00,805.8884741927345,540.8337045184057,3.3333333333333335,1
2023-03-29T07:00,808.4805956312048,542.5732834862448,3.3333333333333335,1
2023-03-29T08:00,803.2879883088004,539.0885121509821,3.3333333333333335,1
2023-03-29T09:00,795.43552229877,533.8187032161121,3.3333333333333335,1
2023-03-29T10:00,788.0359612627672,528.8528399049136,3.3333333333333335,1
2023-03-29T11:00,777.8811231007315,522.0379034492706,3.3333333333333335,1
2023-03-29T12:00,773.0243776625457,518.778529836975,3.3333333333333335,1
2023-03-29T13:00,775.1866878378146,520.2296614263429,3.3333333333333335,1
2023-03-29T14:00,775.1866878378146,520.2296614263429,3.3333333333333335,1
2023-03-29T15:00,772.4828543893174,518.4151122583374,3.3333333333333335,1
2023-03-29T16:00,774.1062877478543,519.5046023124244,3.3333333333333335,1
2023-03-29T17:00,777.8811231007315,522.0379034492706,3.3333333333333335,1
2023-03-29T18:00,789.6274188809745,529.9208709623143,3.3333333333333335,1
2023-03-29T19:00,797.0122047622693,534.8768186314464,3.3333333333333335,1
2023-03-29T20:00,799.1096089275919,536.284391640528,3.3333333333333335,1
2023-03-29T21:00,800.6790564800015,537.3376516895283,3.3333333333333335,1
2023-03-29T22:00,802.2454336990656,538.3888512303934,3.3333333333333335,1
2023-03-29T23:00,802.2454336990656,538.3888512303934,3.3333333333333335,1
2023-03-30T00:00,804.3291915822757,539.7872661865382,3.3333333333333335,1
2023-03-30T01:00,803.2879883088004,539.0885121509821,3.3333333333333335,1
2023-03-30T02:00,804.849288107094,540.1363042224854,3.3333333333333335,1
2023-03-30T03:00,805.8884741927345,540.8337045184057,3.3333333333333335,1
2023-03-30T04:00,806.407565051192,541.1820676492255,3.3333333333333335,1
2023-03-30T05:00,806.9263219816859,541.5302066801809,3.3333333333333335,1
2023-03-30T06:00,812.6107915804333,545.3450679789387,3.3333333333333335,1
2023-03-30T07:00,807.4447456278294,541.8781220432026,3.3333333333333335,1
2023-03-30T08:00,802.2454336990656,538.3888512303934,3.3333333333333335,1
2023-03-30T09:00,796.4869907317474,534.5243462250421,3.3333333333333335,1
2023-03-30T10:00,788.0359612627672,528.8528399049136,3.3333333333333335,1
2023-03-30T11:00,778.4188909652402,522.3988007640318,3.3333333333333335,1
2023-03-30T12:00,770.8560020653473,517.3233277282777,3.3333333333333335,1
2023-03-30T13:00,765.4081882036425,513.6672866671321,3.3333333333333335,1
2023-03-30T14:00,761.021858745458,510.7236103569772,3.3333333333333335,1
2023-03-30T15:00,758.8191859382553,509.2453913076792,3.3333333333333335,1
2023-03-30T16:00,759.3704531275202,509.6153480519399,3.3333333333333335,1
2023-03-30T17:00,761.021858745458,510.7236103569772,3.3333333333333335,1
2023-03-30T18:00,770.3129544445375,516.9588871562908,3.3333333333333335,1
2023-03-30T19:00,785.9090047218813,527.4254342251025,3.3333333333333335,1
2023-03-30T20:00,791.2156754349135,530.986753777741,3.3333333333333335,1
2023-03-30T21:00,790.1571924520644,530.2764032874235,3.3333333333333335,1
2023-03-30T22:00,783.7762762182476,525.9941549671288,3.3333333333333335,1
2023-03-30T23:00,784.8433649033037,526.710280765015,3.3333333333333335,1
2023-03-31T00:00,794.3826621122338,533.1121261980021,3.3333333333333335,1
2023-03-31T01:00,796.4869907317474,534.5243462250421,3.3333333333333335,1
2023-03-31T02:00,798.5857743193965,535.932844967784,3.3333333333333335,1
2023-03-31T03:00,800.6790564800015,537.3376516895283,3.3333333333333335,1
2023-03-31T04:00,802.2454336990656,538.3888512303934,3.3333333333333335,1
2023-03-31T05:00,803.808758534204,539.4380023090217,3.3333333333333335,1
2023-03-31T06:00,804.849288107094,540.1363042224854,3.3333333333333335,1
2023-03-31T07:00,802.2454336990656,538.3888512303934,3.3333333333333335,1
2023-03-31T08:00,792.8007501631307,532.0505012622287,3.3333333333333335,1
2023-03-31T09:00,786.4412831470871,527.7826475638684,3.3333333333333335,1
2023-03-31T10:00,778.4188909652402,522.3988007640318,3.3333333333333335,1
2023-03-31T11:00,773.5655218503891,519.1416930104937,3.3333333333333335,1
2023-03-31T12:00,767.5919535206044,515.1328168539914,3.3333333333333335,1
2023-03-31T13:00,762.6696885898169,511.8294729517157,3.3333333333333335,1
2023-03-31T14:00,761.5715315211636,511.09249708644126,3.3333333333333335,1
2023-03-31T15:00,759.9213204129716,509.98503641978397,3.3333333333333335,1
2023-03-31T16:00,760.4717886636512,510.35445699442744,3.3333333333333335,1
2023-03-31T17:00,764.8612726724264,513.3002503311149,3.3333333333333335,1
2023-03-31T18:00,770.8560020653473,517.3233277282777,3.3333333333333335,1
2023-03-31T19:00,781.1021767266102,524.1995603295001,3.3333333333333335,1
2023-03-31T20:00,780.0299700760548,523.4799998525867,3.3333333333333335,1
2023-03-31T21:00,779.4933136863665,523.1198484512661,3.3333333333333335,1
2023-03-31T22:00,780.5662575028142,523.8399036419931,3.3333333333333335,1
2023-03-31T23:00,781.6377285048026,524.5589704233736,3.3333333333333335,1
2023-04-01T00:00,785.9090047218813,527.4254342251025,3.3333333333333335,1
2023-04-01T01:00,791.7443862693472,531.3415728977094,3.3333333333333335,1
2023-04-01T02:00,797.0122047622693,534.8768186314464,3.3333333333333335,1
2023-04-01T03:00,797.0122047622693,534.8768186314464,3.3333333333333335,1
2023-04-01T04:00,800.6790564800015,537.3376516895283,3.3333333333333335,1
2023-04-01T05:00,798.0615958747866,535.5810675455904,3.3333333333333335,1
2023-04-01T06:00,800.6790564800015,537.3376516895283,3.3333333333333335,1
2023-04-01T07:00,797.0122047622693,534.8768186314464,3.3333333333333335,1
2023-04-01T08:00,788.5668040048555,529.2090897532663,3.3333333333333335,1
2023-04-01T09:00,776.2655842372243,520.9537114098952,3.3333333333333335,1
2023-04-01T10:00,765.4081882036425,513.6672866671321,3.3333333333333335,1
2023-04-01T11:00,757.1629762096796,508.1339049523715,3.3333333333333335,1
2023-04-01T12:00,751.0589611053268,504.0374856498987,3.3333333333333335,1
2023-04-01T13:00,746.5883323330348,501.0372358661216,3.3333333333333335,1
2023-04-01T14:00,743.7805437764072,499.1529221735768,3.3333333333333335,1
2023-04-01T15:00,742.6544560090717,498.39720194885103,3.3333333333333335,1
2023-04-01T16:00,742.6544560090717,498.39720194885103,3.3333333333333335,1
2023-04-01T17:00,743.7805437764072,499.1529221735768,3.3333333333333335,1
2023-04-01T18:00,753.8396405948065,505.9036063819021,3.3333333333333335,1
2023-04-01T19:00,765.4081882036425,513.6672866671321,3.3333333333333335,1
2023-04-01T20:00,768.6815097163294,515.8640206526376,3.3333333333333335,1
2023-04-01T21:00,769.7695237212065,516.5941894832752,3.3333333333333335,1
2023-04-01T22:00,770.3129544445375,516.9588871562908,3.3333333333333335,1
2023-04-01T23:00,773.5655218503891,519.1416930104937,3.3333333333333335,1
2023-04-02T00:00,776.8044705112463,521.3153592919864,3.3333333333333335,1
2023-04-02T01:00,780.5662575028142,523.8399036419931,3.3333333333333335,1
2023-04-02T02:00,783.7762762182476,525.9941549671288,3.3333333333333335,1
2023-04-02T03:00,785.9090047218813,527.4254342251025,3.3333333333333335,1
2023-04-02T04:00,786.4412831470871,527.7826475638684,3.3333333333333335,1
2023-04-02T05:00,786.4412831470871,527.7826475638684,3.3333333333333335,1
2023-04-02T06:00,786.9732015597073,528.1396192973172,3.3333333333333335,1
2023-04-02T07:00,785.3763655521086,527.0679787897852,3.3333333333333335,1
2023-04-02T08:00,777.3429832071276,521.6767564648836,3.3333333333333335,1
2023-04-02T09:00,767.046595047836,514.766825463665,3.3333333333333335,1
2023-04-02T10:00,756.0568207962298,507.39156137855565,3.3333333333333335,1
2023-04-02T11:00,747.7084955021039,501.7889800786189,3.3333333333333335,1
2023-04-02T12:00,740.3971424105681,496.88231333233193,3.3333333333333335,1
2023-04-02T13:00,735.2928500086516,493.45681035384735,3.3333333333333335,1
2023-04-02T14:00,734.7235174803831,493.0747299168802,3.3333333333333335,1
2023-04-02T15:00,743.7805437764072,499.1529221735768,3.3333333333333335,1
2023-04-02T16:00,751.0589611053268,504.0374856498987,3.3333333333333335,1
2023-04-02T17:00,754.9490446396396,506.6481301200978,3.3333333333333335,1
2023-04-02T18:00,761.021858745458,510.7236103569772,3.3333333333333335,1
2023-04-02T19:00,764.3139657882648,512.9329513571892,3.3333333333333335,1
2023-04-02T20:00,768.1369248022625,515.498548399427,3.3333333333333335,1
2023-04-02T21:00,767.5919535206044,515.1328168539914,3.3333333333333335,1
2023-04-02T22:00,768.6815097163294,515.8640206526376,3.3333333333333335,1
2023-04-02T23:00,769.7695237212065,516.5941894832752,3.3333333333333335,1
2023-04-03T00:00,769.7695237212065,516.5941894832752,3.3333333333333335,1
2023-04-03T01:00,768.6815097163294,515.8640206526376,3.3333333333333335,1
2023-04-03T02:00,768.1369248022625,515.498548399427,3.3333333333333335,1
2023-04-03T03:00,769.7695237212065,516.5941894832752,3.3333333333333335,1
2023-04-03T04:00,770.8560020653473,517.3233277282777,3.3333333333333335,1
2023-04-03T05:00,770.8560020653473,517.3233277282777,3.3333333333333335,1
2023-04-03T06:00,770.8560020653473,517.3233277282777,3.3333333333333335,1
2023-04-03T07:00,770.8560020653473,517.3233277282777,3.3333333333333335,1
2023-04-03T08:00,769.7695237212065,516.5941894832752,3.3333333333333335,1
2023-04-03T09:00,764.8612726724264,513.3002503311149,3.3333333333333335,1
2023-04-03T10:00,761.021858745458,510.7236103569772,3.3333333333333335,1
2023-04-03T11:00,759.9213204129716,509.98503641978397,3.3333333333333335,1
2023-04-03T12:00,753.2843258670713,505.5309333247828,3.3333333333333335,1
2023-04-03T13:00,756.0568207962298,507.39156137855565,3.3333333333333335,1
2023-04-03T14:00,757.7154483563066,508.5046703464327,3.3333333333333335,1
2023-04-03T15:00,761.021858745458,510.7236103569772,3.3333333333333335,1
2023-04-03T16:00,758.8191859382553,509.2453913076792,3.3333333333333335,1
2023-04-03T17:00,756.6101006513204,507.76286882772075,3.3333333333333335,1
2023-04-03T18:00,764.3139657882648,512.9329513571892,3.3333333333333335,1
2023-04-03T19:00,764.3139657882648,512.9329513571892,3.3333333333333335,1
2023-04-03T20:00,768.1369248022625,515.498548399427,3.3333333333333335,1
2023-04-03T21:00,769.7695237212065,516.5941894832752,3.3333333333333335,1
2023-04-03T22:00,776.8044705112463,521.3153592919864,3.3333333333333335,1
2023-04-03T23:00,791.2156754349135,530.986753777741,3.3333333333333335,1
2023-04-04T00:00,796.4869907317474,534.5243462250421,3.3333333333333335,1
2023-04-04T01:00,797.0122047622693,534.8768186314464,3.3333333333333335,1
2023-04-04T02:00,800.6790564800015,537.3376516895283,3.3333333333333335,1
2023-04-04T03:00,800.6790564800015,537.3376516895283,3.3333333333333335,1
2023-04-04T04:00,801.2015224778372,537.6882798845494,3.3333333333333335,1
2023-04-04T05:00,800.6790564800015,537.3376516895283,3.3333333333333335,1
2023-04-04T06:00,800.6790564800015,537.3376516895283,3.3333333333333335,1
2023-04-04T07:00,800.6790564800015,537.3376516895283,3.3333333333333335,1
2023-04-04T08:00,800.6790564800015,537.3376516895283,3.3333333333333335,1
2023-04-04T09:00,800.6790564800015,537.3376516895283,3.3333333333333335,1
2023-04-04T10:00,796.4869907317474,534.5243462250421,3.3333333333333335,1
2023-04-04T11:00,793.8557083812022,532.7584862743774,3.3333333333333335,1
2023-04-04T12:00,789.097289637679,529.5650999447275,3.3333333333333335,1
2023-04-04T13:00,788.0359612627672,528.8528399049136,3.3333333333333335,1
2023-04-04T14:00,788.5668040048555,529.2090897532663,3.3333333333333335,1
2023-04-04T15:00,787.504760689251,528.4963499150241,3.3333333333333335,1
2023-04-04T16:00,790.1571924520644,530.2764032874235,3.3333333333333335,1
2023-04-04T17:00,788.0359612627672,528.8528399049136,3.3333333333333335,1
2023-04-04T18:00,790.1571924520644,530.2764032874235,3.3333333333333335,1
2023-04-04T19:00,793.328404630971,532.4046114520211,3.3333333333333335,1
2023-04-04T20:00,800.6790564800015,537.3376516895283,3.3333333333333335,1
2023-04-04T21:00,802.2454336990656,538.3888512303934,3.3333333333333335,1
2023-04-04T22:00,804.849288107094,540.1363042224854,3.3333333333333335,1
2023-04-04T23:00,805.8884741927345,540.8337045184057,3.3333333333333335,1
2023-04-05T00:00,807.9628366311714,542.2258141688354,3.3333333333333335,1
2023-04-05T01:00,811.064432821266,544.3073028749362,3.3333333333333335,1
2023-04-05T02:00,813.6400646865762,546.0358156503383,3.3333333333333335,1
2023-04-05T03:00,815.6947145860217,547.414696168165,3.3333333333333335,1
2023-04-05T04:00,816.7201011814079,548.1028355927941,3.3333333333333335,1
2023-04-05T05:00,817.7442020240601,548.7901121456532,3.3333333333333335,1
2023-04-05T06:00,819.2779530472326,549.8194161675306,3.3333333333333335,1
2023-04-05T07:00,821.3184990548177,551.1888315294118,3.3333333333333335,1
2023-04-05T08:00,814.154213277973,546.3808620137777,3.3333333333333335,1
2023-04-05T09:00,808.4805956312048,542.5732834862448,3.3333333333333335,1
2023-04-05T10:00,800.6790564800015,537.3376516895283,3.3333333333333335,1
2023-04-05T11:00,792.8007501631307,532.0505012622287,3.3333333333333335,1
2023-04-05T12:00,786.4412831470871,527.7826475638684,3.3333333333333335,1
2023-04-05T13:00,781.1021767266102,524.1995603295001,3.3333333333333335,1
2023-04-05T14:00,777.3429832071276,521.6767564648836,3.3333333333333335,1
2023-04-05T15:00,775.1866878378146,520.2296614263429,3.3333333333333335,1
2023-04-05T16:00,776.2655842372243,520.9537114098952,3.3333333333333335,1
2023-04-05T17:00,778.9562875711661,522.75944892626,3.3333333333333335,1
2023-04-05T18:00,783.2421867005402,525.635726199804,3.3333333333333335,1
2023-04-05T19:00,790.1571924520644,530.2764032874235,3.3333333333333335,1
2023-04-05T20:00,796.4869907317474,534.5243462250421,3.3333333333333335,1
2023-04-05T21:00,797.5370729158064,535.2290589189695,3.3333333333333335,1
2023-04-05T22:00,799.6331003751081,536.6357080173103,3.3333333333333335,1
2023-04-05T23:00,803.2879883088004,539.0885121509821,3.3333333333333335,1
2023-04-06T00:00,803.808758534204,539.4380023090217,3.3333333333333335,1
2023-04-06T01:00,803.808758534204,539.4380023090217,3.3333333333333335,1
2023-04-06T02:00,804.3291915822757,539.7872661865382,3.3333333333333335,1
2023-04-06T03:00,807.4447456278294,541.8781220432026,3.3333333333333335,1
2023-04-06T04:00,808.4805956312048,542.5732834862448,3.3333333333333335,1
2023-04-06T05:00,808.4805956312048,542.5732834862448,3.3333333333333335,1
2023-04-06T06:00,808.4805956312048,542.5732834862448,3.3333333333333335,1
2023-04-06T07:00,806.9263219816859,541.5302066801809,3.3333333333333335,1
2023-04-06T08:00,807.4447456278294,541.8781220432026,3.3333333333333335,1
2023-04-06T09:00,805.8884741927345,540.8337045184057,3.3333333333333335,1
2023-04-06T10:00,802.2454336990656,538.3888512303934,3.3333333333333335,1
2023-04-06T11:00,799.6331003751081,536.6357080173103,3.3333333333333335,1
2023-04-06T12:00,791.7443862693472,531.3415728977094,3.3333333333333335,1
2023-04-06T13:00,789.097289637679,529.5650999447275,3.3333333333333335,1
2023-04-06T14:00,785.9090047218813,527.4254342251025,3.3333333333333335,1
2023-04-06T15:00,781.6377285048026,524.5589704233736,3.3333333333333335,1
2023-04-06T16:00,784.3100020385062,526.3523396562158,3.3333333333333335,1
2023-04-06T17:00,784.8433649033037,526.710280765015,3.3333333333333335,1
2023-04-06T18:00,790.1571924520644,530.2764032874235,3.3333333333333335,1
2023-04-06T19:00,797.0122047622693,534.8768186314464,3.3333333333333335,1
2023-04-06T20:00,794.3826621122338,533.1121261980021,3.3333333333333335,1
2023-04-06T21:00,799.6331003751081,536.6357080173103,3.3333333333333335,1
2023-04-06T22:00,797.0122047622693,534.8768186314464,3.3333333333333335,1
2023-04-06T23:00,799.1096089275919,536.284391640528,3.3333333333333335,1
2023-04-07T00:00,812.0956658287739,544.999365840883,3.3333333333333335,1
2023-04-07T01:00,812.6107915804333,545.3450679789387,3.3333333333333335,1
2023-04-07T02:00,803.2879883088004,539.0885121509821,3.3333333333333335,1
2023-04-07T03:00,804.849288107094,540.1363042224854,3.3333333333333335,1
2023-04-07T04:00,807.4447456278294,541.8781220432026,3.3333333333333335,1
2023-04-07T05:00,813.6400646865762,546.0358156503383,3.3333333333333335,1
2023-04-07T06:00,815.1815376150718,547.0703018615577,3.3333333333333335,1
2023-04-07T07:00,813.6400646865762,546.0358156503383,3.3333333333333335,1
2023-04-07T08:00,810.5483243166833,543.9609412090165,3.3333333333333335,1
2023-04-07T09:00,805.8884741927345,540.8337045184057,3.3333333333333335,1
2023-04-07T10:00,794.3826621122338,533.1121261980021,3.3333333333333335,1
2023-04-07T11:00,781.6377285048026,524.5589704233736,3.3333333333333335,1
2023-04-07T12:00,774.1062877478543,519.5046023124244,3.3333333333333335,1
2023-04-07T13:00,769.7695237212065,516.5941894832752,3.3333333333333335,1
2023-04-07T14:00,764.3139657882648,512.9329513571892,3.3333333333333335,1
2023-04-07T15:00,762.1208078504283,511.4611177597399,3.3333333333333335,1
2023-04-07T16:00,762.6696885898169,511.8294729517157,3.3333333333333335,1
2023-04-07T17:00,764.8612726724264,513.3002503311149,3.3333333333333335,1
2023-04-07T18:00,774.1062877478543,519.5046023124244,3.3333333333333335,1
2023-04-07T19:00,775.7263236065025,520.5918122961174,3.3333333333333335,1
2023-04-07T20:00,791.7443862693472,531.3415728977094,3.3333333333333335,1
2023-04-07T21:00,783.7762762182476,525.9941549671288,3.3333333333333335,1
2023-04-07T22:00,787.504760689251,528.4963499150241,3.3333333333333335,1
2023-04-07T23:00,790.6866110658682,530.6316973998395,3.3333333333333335,1
2023-04-08T00:00,791.7443862693472,531.3415728977094,3.3333333333333335,1
2023-04-08T01:00,792.8007501631307,532.0505012622287,3.3333333333333335,1
2023-04-08T02:00,795.9614301395615,534.1716412402667,3.3333333333333335,1
2023-04-08T03:00,800.6790564800015,537.3376516895283,3.3333333333333335,1
2023-04-08T04:00,803.808758534204,539.4380023090217,3.3333333333333335,1
2023-04-08T05:00,810.5483243166833,543.9609412090165,3.3333333333333335,1
2023-04-08T06:00,811.064432821266,544.3073028749362,3.3333333333333335,1
2023-04-08T07:00,803.2879883088004,539.0885121509821,3.3333333333333335,1
2023-04-08T08:00,791.2156754349135,530.986753777741,3.3333333333333335,1
2023-04-08T09:00,781.6377285048026,524.5589704233736,3.3333333333333335,1
2023-04-08T10:00,774.6466761471727,519.8672582744357,3.3333333333333335,1
2023-04-08T11:00,769.7695237212065,516.5941894832752,3.3333333333333335,1
2023-04-08T12:00,765.9547132202276,514.034060927836,3.3333333333333335,1
2023-04-08T13:00,763.218174592814,512.1975632351442,3.3333333333333335,1
2023-04-08T14:00,762.1208078504283,511.4611177597399,3.3333333333333335,1
2023-04-08T15:00,761.021858745458,510.7236103569772,3.3333333333333335,1
2023-04-08T16:00,762.6696885898169,511.8294729517157,3.3333333333333335,1
2023-04-08T17:00,765.9547132202276,514.034060927836,3.3333333333333335,1
2023-04-08T18:00,775.1866878378146,520.2296614263429,3.3333333333333335,1
2023-04-08T19:00,791.7443862693472,531.3415728977094,3.3333333333333335,1
2023-04-08T20:00,790.1571924520644,530.2764032874235,3.3333333333333335,1
2023-04-08T21:00,788.5668040048555,529.2090897532663,3.3333333333333335,1
2023-04-08T22:00,798.5857743193965,535.932844967784,3.3333333333333335,1
2023-04-08T23:00,799.1096089275919,536.284391640528,3.3333333333333335,1
2023-04-09T00:00,802.7668802498647,538.7387952720419,3.3333333333333335,1
2023-04-09T01:00,808.4805956312048,542.5732834862448,3.3333333333333335,1
2023-04-09T02:00,810.5483243166833,543.9609412090165,3.3333333333333335,1
2023-04-09T03:00,812.0956658287739,544.999365840883,3.3333333333333335,1
2023-04-09T04:00,813.6400646865762,546.0358156503383,3.3333333333333335,1
2023-04-09T05:00,812.6107915804333,545.3450679789387,3.3333333333333335,1
2023-04-09T06:00,811.064432821266,544.3073028749362,3.3333333333333335,1
2023-04-09T07:00,803.2879883088004,539.0885121509821,3.3333333333333335,1
2023-04-09T08:00,791.7443862693472,531.3415728977094,3.3333333333333335,1
2023-04-09T09:00,781.6377285048026,524.5589704233736,3.3333333333333335,1
2023-04-09T10:00,770.3129544445375,516.9588871562908,3.3333333333333335,1
2023-04-09T11:00,759.9213204129716,509.98503641978397,3.3333333333333335,1
2023-04-09T12:00,753.8396405948065,505.9036063819021,3.3333333333333335,1
2023-04-09T13:00,749.9438024188314,503.28909995776263,3.3333333333333335,1
2023-04-09T14:00,748.267948251907,502.16443017235815,3.3333333333333335,1
2023-04-09T15:00,746.5883323330348,501.0372358661216,3.3333333333333335,1
2023-04-09T16:00,747.1486238432893,501.4132488540287,3.3333333333333335,1
2023-04-09T17:00,749.385600776607,502.914489485346,3.3333333333333335,1
2023-04-09T18:00,760.4717886636512,510.35445699442744,3.3333333333333335,1
2023-04-09T19:00,779.4933136863665,523.1198484512661,3.3333333333333335,1
2023-04-09T20:00,782.7077327408648,525.277052854593,3.3333333333333335,1
2023-04-09T21:00,783.7762762182476,525.9941549671288,3.3333333333333335,1
2023-04-09T22:00,788.0359612627672,528.8528399049136,3.3333333333333335,1
2023-04-09T23:00,791.7443862693472,531.3415728977094,3.3333333333333335,1
2023-04-10T00:00,794.3826621122338,533.1121261980021,3.3333333333333335,1
2023-04-10T01:00,795.43552229877,533.8187032161121,3.3333333333333335,1
2023-04-10T02:00,792.8007501631307,532.0505012622287,3.3333333333333335,1
2023-04-10T03:00,792.8007501631307,532.0505012622287,3.3333333333333335,1
2023-04-10T04:00,792.8007501631307,532.0505012622287,3.3333333333333335,1
2023-04-10T05:00,799.6331003751081,536.6357080173103,3.3333333333333335,1
2023-04-10T06:00,802.2454336990656,538.3888512303934,3.3333333333333335,1
2023-04-10T07:00,788.0359612627672,528.8528399049136,3.3333333333333335,1
2023-04-10T08:00,780.5662575028142,523.8399036419931,3.3333333333333335,1
2023-04-10T09:00,765.4081882036425,513.6672866671321,3.3333333333333335,1
2023-04-10T10:00,751.6159199961851,504.4112621088672,3.3333333333333335,1
2023-04-10T11:00,742.6544560090717,498.39720194885103,3.3333333333333335,1
2023-04-10T12:00,738.6996304889008,495.74310897532814,3.3333333333333335,1
2023-04-10T13:00,735.2928500086516,493.45681035384735,3.3333333333333335,1
2023-04-10T14:00,733.0128666902446,491.92670803346175,3.3333333333333335,1
2023-04-10T15:00,730.7257694874697,490.3918315680682,3.3333333333333335,1
2023-04-10T16:00,733.5835268519523,492.30967944844156,3.3333333333333335,1
2023-04-10T17:00,735.8617420473389,493.8385951771909,3.3333333333333335,1
2023-04-10T18:00,743.7805437764072,499.1529221735768,3.3333333333333335,1
2023-04-10T19:00,755.5031357561685,507.01998200877654,3.3333333333333335,1
2023-04-10T20:00,756.6101006513204,507.76286882772075,3.3333333333333335,1
2023-04-10T21:00,757.1629762096796,508.1339049523715,3.3333333333333335,1
2023-04-10T22:00,760.4717886636512,510.35445699442744,3.3333333333333335,1
2023-04-10T23:00,768.1369248022625,515.498548399427,3.3333333333333335,1
2023-04-11T00:00,774.1062877478543,519.5046023124244,3.3333333333333335,1
2023-04-11T01:00,776.8044705112463,521.3153592919864,3.3333333333333335,1
2023-04-11T02:00,781.6377285048026,524.5589704233736,3.3333333333333335,1
2023-04-11T03:00,783.2421867005402,525.635726199804,3.3333333333333335,1
2023-04-11T04:00,781.6377285048026,524.5589704233736,3.3333333333333335,1
2023-04-11T05:00,785.3763655521086,527.0679787897852,3.3333333333333335,1
2023-04-11T06:00,788.5668040048555,529.2090897532663,3.3333333333333335,1
2023-04-11T07:00,778.4188909652402,522.3988007640318,3.3333333333333335,1
2023-04-11T08:00,766.5008485575082,514.4005736738158,3.3333333333333335,1
2023-04-11T09:00,757.1629762096796,508.1339049523715,3.3333333333333335,1
2023-04-11T10:00,749.9438024188314,503.28909995776263,3.3333333333333335,1
2023-04-11T11:00,742.6544560090717,498.39720194885103,3.3333333333333335,1
2023-04-11T12:00,734.1537434377407,492.6923531785488,3.3333333333333335,1
2023-04-11T13:00,730.7257694874697,490.3918315680682,3.3333333333333335,1
2023-04-11T14:00,730.7257694874697,490.3918315680682,3.3333333333333335,1
2023-04-11T15:00,730.1528758129739,490.00736123725335,3.3333333333333335,1
2023-04-11T16:00,730.7257694874697,490.3918315680682,3.3333333333333335,1
2023-04-11T17:00,737.5657854145899,494.9821828031258,3.3333333333333335,1
2023-04-11T18:00,740.3971424105681,496.88231333233193,3.3333333333333335,1
2023-04-11T19:00,747.7084955021039,501.7889800786189,3.3333333333333335,1
2023-04-11T20:00,755.5031357561685,507.01998200877654,3.3333333333333335,1
2023-04-11T21:00,759.3704531275202,509.6153480519399,3.3333333333333335,1
2023-04-11T22:00,762.6696885898169,511.8294729517157,3.3333333333333335,1
2023-04-11T23:00,765.4081882036425,513.6672866671321,3.3333333333333335,1
2023-04-12T00:00,768.1369248022625,515.498548399427,3.3333333333333335,1
2023-04-12T01:00,769.7695237212065,516.5941894832752,3.3333333333333335,1
2023-04-12T02:00,773.0243776625457,518.778529836975,3.3333333333333335,1
2023-04-12T03:00,776.2655842372243,520.9537114098952,3.3333333333333335,1
2023-04-12T04:00,777.3429832071276,521.6767564648836,3.3333333333333335,1
2023-04-12T05:00,777.3429832071276,521.6767564648836,3.3333333333333335,1
2023-04-12T06:00,777.8811231007315,522.0379034492706,3.3333333333333335,1
2023-04-12T07:00,773.0243776625457,518.778529836975,3.3333333333333335,1
2023-04-12T08:00,762.6696885898169,511.8294729517157,3.3333333333333335,1
2023-04-12T09:00,753.8396405948065,505.9036063819021,3.3333333333333335,1
2023-04-12T10:00,746.0276200253737,500.66094048005687,3.3333333333333335,1
2023-04-12T11:00,740.3971424105681,496.88231333233193,3.3333333333333335,1
2023-04-12T12:00,734.1537434377407,492.6923531785488,3.3333333333333335,1
2023-04-12T13:00,729.5795322806536,489.62258900576427,3.3333333333333335,1
2023-04-12T14:00,727.8567919017867,488.4664537701048,3.3333333333333335,1
2023-04-12T15:00,726.7060294557649,487.6941743088232,3.3333333333333335,1
2023-04-12T16:00,728.4314913927456,488.8521359887164,3.3333333333333335,1
2023-04-12T17:00,731.2982143613874,490.77600070772934,3.3333333333333335,1
2023-04-12T18:00,738.6996304889008,495.74310897532814,3.3333333333333335,1
2023-04-12T19:00,746.0276200253737,500.66094048005687,3.3333333333333335,1
2023-04-12T20:00,746.0276200253737,500.66094048005687,3.3333333333333335,1
2023-04-12T21:00,748.8269830316062,502.5395997653495,3.3333333333333335,1
2023-04-12T22:00,750.5015888867351,503.66343180568833,3.3333333333333335,1
2023-04-12T23:00,753.8396405948065,505.9036063819021,3.3333333333333335,1
2023-04-13T00:00,761.021858745458,510.7236103569772,3.3333333333333335,1
2023-04-13T01:00,762.1208078504283,511.4611177597399,3.3333333333333335,1
2023-04-13T02:00,763.218174592814,512.1975632351442,3.3333333333333335,1
2023-04-13T03:00,766.5008485575082,514.4005736738158,3.3333333333333335,1
2023-04-13T04:00,768.1369248022625,515.498548399427,3.3333333333333335,1
2023-04-13T05:00,769.7695237212065,516.5941894832752,3.3333333333333335,1
2023-04-13T06:00,770.8560020653473,517.3233277282777,3.3333333333333335,1
2023-04-13T07:00,769.7695237212065,516.5941894832752,3.3333333333333335,1
2023-04-13T08:00,765.9547132202276,514.034060927836,3.3333333333333335,1
2023-04-13T09:00,767.046595047836,514.766825463665,3.3333333333333335,1
2023-04-13T10:00,762.6696885898169,511.8294729517157,3.3333333333333335,1
2023-04-13T11:00,756.6101006513204,507.76286882772075,3.3333333333333335,1
2023-04-13T12:00,746.5883323330348,501.0372358661216,3.3333333333333335,1
2023-04-13T13:00,740.9621155125502,497.2614681477725,3.3333333333333335,1
2023-04-13T14:00,742.6544560090717,498.39720194885103,3.3333333333333335,1
2023-04-13T15:00,738.1329256640295,495.3627919964675,3.3333333333333335,1
2023-04-13T16:00,736.4301946172787,494.22008507199496,3.3333333333333335,1
2023-04-13T17:00,743.2177131670297,498.775205190106,3.3333333333333335,1
2023-04-13T18:00,752.1724664774764,504.7847617987778,3.3333333333333335,1
2023-04-13T19:00,754.9490446396396,506.6481301200978,3.3333333333333335,1
2023-04-13T20:00,757.1629762096796,508.1339049523715,3.3333333333333335,1
2023-04-13T21:00,756.6101006513204,507.76286882772075,3.3333333333333335,1
2023-04-13T22:00,758.8191859382553,509.2453913076792,3.3333333333333335,1
2023-04-13T23:00,758.8191859382553,509.2453913076792,3.3333333333333335,1
2023-04-14T00:00,761.021858745458,510.7236103569772,3.3333333333333335,1
2023-04-14T01:00,762.6696885898169,511.8294729517157,3.3333333333333335,1
2023-04-14T02:00,764.3139657882648,512.9329513571892,3.3333333333333335,1
2023-04-14T03:00,766.5008485575082,514.4005736738158,3.3333333333333335,1
2023-04-14T04:00,765.9547132202276,514.034060927836,3.3333333333333335,1
2023-04-14T05:00,767.046595047836,514.766825463665,3.3333333333333335,1
2023-04-14T06:00,768.6815097163294,515.8640206526376,3.3333333333333335,1
2023-04-14T07:00,767.5919535206044,515.1328168539914,3.3333333333333335,1
2023-04-14T08:00,764.3139657882648,512.9329513571892,3.3333333333333335,1
2023-04-14T09:00,760.4717886636512,510.35445699442744,3.3333333333333335,1
2023-04-14T10:00,752.7286014639734,505.15798533353643,3.3333333333333335,1
2023-04-14T11:00,745.4664859707809,500.2843620586061,3.3333333333333335,1
2023-04-14T12:00,740.3971424105681,496.88231333233193,3.3333333333333335,1
2023-04-14T13:00,737.5657854145899,494.9821828031258,3.3333333333333335,1
2023-04-14T14:00,732.4417619158204,491.5434382378125,3.3333333333333335,1
2023-04-14T15:00,733.0128666902446,491.92670803346175,3.3333333333333335,1
2023-04-14T16:00,731.8702114878379,491.15986936298214,3.3333333333333335,1
2023-04-14T17:00,736.9982087353686,494.6012807207018,3.3333333333333335,1
2023-04-14T18:00,743.2177131670297,498.775205190106,3.3333333333333335,1
2023-04-14T19:00,748.8269830316062,502.5395997653495,3.3333333333333335,1
2023-04-14T20:00,761.021858745458,510.7236103569772,3.3333333333333335,1
2023-04-14T21:00,761.021858745458,510.7236103569772,3.3333333333333335,1
2023-04-14T22:00,764.8612726724264,513.3002503311149,3.3333333333333335,1
2023-04-14T23:00,770.3129544445375,516.9588871562908,3.3333333333333335,1
2023-04-15T00:00,778.9562875711661,522.75944892626,3.3333333333333335,1
2023-04-15T01:00,783.2421867005402,525.635726199804,3.3333333333333335,1
2023-04-15T02:00,784.3100020385062,526.3523396562158,3.3333333333333335,1
2023-04-15T03:00,788.5668040048555,529.2090897532663,3.3333333333333335,1
2023-04-15T04:00,797.0122047622693,534.8768186314464,3.3333333333333335,1
2023-04-15T05:00,798.0615958747866,535.5810675455904,3.3333333333333335,1
2023-04-15T06:00,797.5370729158064,535.2290589189695,3.3333333333333335,1
2023-04-15T07:00,790.6866110658682,530.6316973998395,3.3333333333333335,1
2023-04-15T08:00,781.6377285048026,524.5589704233736,3.3333333333333335,1
2023-04-15T09:00,771.3986673927234,517.6875117422165,3.3333333333333335,1
2023-04-15T10:00,759.3704531275202,509.6153480519399,3.3333333333333335,1
2023-04-15T11:00,749.9438024188314,503.28909995776263,3.3333333333333335,1
2023-04-15T12:00,742.0907713312647,498.01891179799117,3.3333333333333335,1
2023-04-15T13:00,737.5657854145899,494.9821828031258,3.3333333333333335,1
2023-04-15T14:00,734.7235174803831,493.0747299168802,3.3333333333333335,1
2023-04-15T15:00,733.0128666902446,491.92670803346175,3.3333333333333335,1
2023-04-15T16:00,734.1537434377407,492.6923531785488,3.3333333333333335,1
2023-04-15T17:00,739.2659008905641,496.123134411723,3.3333333333333335,1
2023-04-15T18:00,748.267948251907,502.16443017235815,3.3333333333333335,1
2023-04-15T19:00,755.5031357561685,507.01998200877654,3.3333333333333335,1
2023-04-15T20:00,759.3704531275202,509.6153480519399,3.3333333333333335,1
2023-04-15T21:00,760.4717886636512,510.35445699442744,3.3333333333333335,1
2023-04-15T22:00,762.6696885898169,511.8294729517157,3.3333333333333335,1
2023-04-15T23:00,763.218174592814,512.1975632351442,3.3333333333333335,1
2023-04-16T00:00,763.218174592814,512.1975632351442,3.3333333333333335,1
2023-04-16T01:00,765.4081882036425,513.6672866671321,3.3333333333333335,1
2023-04-16T02:00,766.5008485575082,514.4005736738158,3.3333333333333335,1
2023-04-16T03:00,768.1369248022625,515.498548399427,3.3333333333333335,1
2023-04-16T04:00,770.3129544445375,516.9588871562908,3.3333333333333335,1
2023-04-16T05:00,773.5655218503891,519.1416930104937,3.3333333333333335,1
2023-04-16T06:00,778.9562875711661,522.75944892626,3.3333333333333335,1
2023-04-16T07:00,770.3129544445375,516.9588871562908,3.3333333333333335,1
2023-04-16T08:00,759.9213204129716,509.98503641978397,3.3333333333333335,1
2023-04-16T09:00,751.6159199961851,504.4112621088672,3.3333333333333335,1
2023-04-16T10:00,742.6544560090717,498.39720194885103,3.3333333333333335,1
2023-04-16T11:00,734.7235174803831,493.0747299168802,3.3333333333333335,1
2023-04-16T12:00,727.8567919017867,488.4664537701048,3.3333333333333335,1
2023-04-16T13:00,721.5048856601552,484.20367412574234,3.3333333333333335,1
2023-04-16T14:00,718.0165257296524,481.8626273378512,3.3333333333333335,1
2023-04-16T15:00,715.6815064541526,480.2955902535258,3.3333333333333335,1
2023-04-16T16:00,715.6815064541526,480.2955902535258,3.3333333333333335,1
2023-04-16T17:00,718.0165257296524,481.8626273378512,3.3333333333333335,1
2023-04-16T18:00,729.0057378291054,489.23751416129056,3.3333333333333335,1
2023-04-16T19:00,745.4664859707809,500.2843620586061,3.3333333333333335,1
2023-04-16T20:00,745.4664859707809,500.2843620586061,3.3333333333333335,1
2023-04-16T21:00,746.5883323330348,501.0372358661216,3.3333333333333335,1
2023-04-16T22:00,748.8269830316062,502.5395997653495,3.3333333333333335,1
2023-04-16T23:00,750.5015888867351,503.66343180568833,3.3333333333333335,1
2023-04-17T00:00,753.8396405948065,505.9036063819021,3.3333333333333335,1
2023-04-17T01:00,760.4717886636512,510.35445699442744,3.3333333333333335,1
2023-04-17T02:00,765.9547132202276,514.034060927836,3.3333333333333335,1
2023-04-17T03:00,768.1369248022625,515.498548399427,3.3333333333333335,1
2023-04-17T04:00,768.1369248022625,515.498548399427,3.3333333333333335,1
2023-04-17T05:00,765.9547132202276,514.034060927836,3.3333333333333335,1
2023-04-17T06:00,765.4081882036425,513.6672866671321,3.3333333333333335,1
2023-04-17T07:00,758.2675179729761,508.8751656016658,3.3333333333333335,1
2023-04-17T08:00,743.2177131670297,498.775205190106,3.3333333333333335,1
2023-04-17T09:00,729.0057378291054,489.23751416129056,3.3333333333333335,1
2023-04-17T10:00,718.5990950147234,482.2535909943288,3.3333333333333335,1
2023-04-17T11:00,709.220564559713,475.95963651880066,3.3333333333333335,1
2023-04-17T12:00,702.700220370188,471.5838177601464,3.3333333333333335,1
2023-04-17T13:00,699.7163418363307,469.5813296579117,3.3333333333333335,1
2023-04-17T14:00,696.7196842040008,467.5702654717787,3.3333333333333335,1
2023-04-17T15:00,695.51740602743,466.76341367910635,3.3333333333333335,1
2023-04-17T16:00,698.5192214696881,468.7779392839591,3.3333333333333335,1
2023-04-17T17:00,704.4844811020378,472.7812394535136,3.3333333333333335,1
2023-04-17T18:00,715.0965602947524,479.903031470936,3.3333333333333335,1
2023-04-17T19:00,733.0128666902446,491.92670803346175,3.3333333333333335,1
2023-04-17T20:00,738.1329256640295,495.3627919964675,3.3333333333333335,1
2023-04-17T21:00,736.4301946172787,494.22008507199496,3.3333333333333335,1
2023-04-17T22:00,742.6544560090717,498.39720194885103,3.3333333333333335,1
2023-04-17T23:00,743.2177131670297,498.775205190106,3.3333333333333335,1
2023-04-18T00:00,734.7235174803831,493.0747299168802,3.3333333333333335,1
2023-04-18T01:00,745.4664859707809,500.2843620586061,3.3333333333333335,1
2023-04-18T02:00,751.6159199961851,504.4112621088672,3.3333333333333335,1
2023-04-18T03:00,753.8396405948065,505.9036063819021,3.3333333333333335,1
2023-04-18T04:00,754.3945465518728,506.2760051120367,3.3333333333333335,1
2023-04-18T05:00,755.5031357561685,507.01998200877654,3.3333333333333335,1
2023-04-18T06:00,756.6101006513204,507.76286882772075,3.3333333333333335,1
2023-04-18T07:00,754.3945465518728,506.2760051120367,3.3333333333333335,1
2023-04-18T08:00,745.4664859707809,500.2843620586061,3.3333333333333335,1
2023-04-18T09:00,736.4301946172787,494.22008507199496,3.3333333333333335,1
2023-04-18T10:00,734.1537434377407,492.6923531785488,3.3333333333333335,1
2023-04-18T11:00,732.4417619158204,491.5434382378125,3.3333333333333335,1
2023-04-18T12:00,731.8702114878379,491.15986936298214,3.3333333333333335,1
2023-04-18T13:00,735.8617420473389,493.8385951771909,3.3333333333333335,1
2023-04-18T14:00,744.3429488048012,499.53035354862016,3.3333333333333335,1
2023-04-18T15:00,746.5883323330348,501.0372358661216,3.3333333333333335,1
2023-04-18T16:00,746.0276200253737,500.66094048005687,3.3333333333333335,1
2023-04-18T17:00,746.0276200253737,500.66094048005687,3.3333333333333335,1
2023-04-18T18:00,747.1486238432893,501.4132488540287,3.3333333333333335,1
2023-04-18T19:00,751.0589611053268,504.0374856498987,3.3333333333333335,1
2023-04-18T20:00,754.3945465518728,506.2760051120367,3.3333333333333335,1
2023-04-18T21:00,753.8396405948065,505.9036063819021,3.3333333333333335,1
2023-04-18T22:00,759.3704531275202,509.6153480519399,3.3333333333333335,1
2023-04-18T23:00,759.9213204129716,509.98503641978397,3.3333333333333335,1
2023-04-19T00:00,762.6696885898169,511.8294729517157,3.3333333333333335,1
2023-04-19T01:00,764.8612726724264,513.3002503311149,3.3333333333333335,1
2023-04-19T02:00,759.3704531275202,509.6153480519399,3.3333333333333335,1
2023-04-19T03:00,762.6696885898169,511.8294729517157,3.3333333333333335,1
2023-04-19T04:00,769.2257090834096,516.2292341643328,3.3333333333333335,1
2023-04-19T05:00,770.8560020653473,517.3233277282777,3.3333333333333335,1
2023-04-19T06:00,770.8560020653473,517.3233277282777,3.3333333333333335,1
2023-04-19T07:00,765.4081882036425,513.6672866671321,3.3333333333333335,1
2023-04-19T08:00,761.021858745458,510.7236103569772,3.3333333333333335,1
2023-04-19T09:00,752.1724664774764,504.7847617987778,3.3333333333333335,1
2023-04-19T10:00,746.0276200253737,500.66094048005687,3.3333333333333335,1
2023-04-19T11:00,735.2928500086516,493.45681035384735,3.3333333333333335,1
2023-04-19T12:00,726.1299643398999,487.3075756160336,3.3333333333333335,1
2023-04-19T13:00,720.9246645082791,483.814286307132,3.3333333333333335,1
2023-04-19T14:00,715.6815064541526,480.2955902535258,3.3333333333333335,1
2023-04-19T15:00,715.6815064541526,480.2955902535258,3.3333333333333335,1
2023-04-19T16:00,716.2659749112644,480.68782844895424,3.3333333333333335,1
2023-04-19T17:00,719.1811923924862,482.6442379526704,3.3333333333333335,1
2023-04-19T18:00,726.1299643398999,487.3075756160336,3.3333333333333335,1
2023-04-19T19:00,741.5266581586482,497.64033408322797,3.3333333333333335,1
2023-04-19T20:00,742.0907713312647,498.01891179799117,3.3333333333333335,1
2023-04-19T21:00,746.5883323330348,501.0372358661216,3.3333333333333335,1
2023-04-19T22:00,749.9438024188314,503.28909995776263,3.3333333333333335,1
2023-04-19T23:00,754.3945465518728,506.2760051120367,3.3333333333333335,1
2023-04-20T00:00,757.1629762096796,508.1339049523715,3.3333333333333335,1
2023-04-20T01:00,757.1629762096796,508.1339049523715,3.3333333333333335,1
2023-04-20T02:00,751.6159199961851,504.4112621088672,3.3333333333333335,1
2023-04-20T03:00,757.1629762096796,508.1339049523715,3.3333333333333335,1
2023-04-20T04:00,761.5715315211636,511.09249708644126,3.3333333333333335,1
2023-04-20T05:00,762.6696885898169,511.8294729517157,3.3333333333333335,1
2023-04-20T06:00,766.5008485575082,514.4005736738158,3.3333333333333335,1
2023-04-20T07:00,756.6101006513204,507.76286882772075,3.3333333333333335,1
2023-04-20T08:00,744.3429488048012,499.53035354862016,3.3333333333333335,1
2023-04-20T09:00,736.9982087353686,494.6012807207018,3.3333333333333335,1
2023-04-20T10:00,730.1528758129739,490.00736123725335,3.3333333333333335,1
2023-04-20T11:00,725.5534418477838,486.9206699769356,3.3333333333333335,1
2023-04-20T12:00,720.3439760012405,483.4245848453417,3.3333333333333335,1
2023-04-20T13:00,715.0965602947524,479.903031470936,3.3333333333333335,1
2023-04-20T14:00,712.1646227312139,477.9354010795303,3.3333333333333335,1
2023-04-20T15:00,711.5767855507888,477.54090212573726,3.3333333333333335,1
2023-04-20T16:00,712.1646227312139,477.9354010795303,3.3333333333333335,1
2023-04-20T17:00,714.5111352598275,479.51015131382326,3.3333333333333335,1
2023-04-20T18:00,720.3439760012405,483.4245848453417,3.3333333333333335,1
2023-04-20T19:00,734.7235174803831,493.0747299168802,3.3333333333333335,1
2023-04-20T20:00,736.4301946172787,494.22008507199496,3.3333333333333335,1
2023-04-20T21:00,730.1528758129739,490.00736123725335,3.3333333333333335,1
2023-04-20T22:00,746.5883323330348,501.0372358661216,3.3333333333333335,1
2023-04-20T23:00,750.5015888867351,503.66343180568833,3.3333333333333335,1
2023-04-21T00:00,749.385600776607,502.914489485346,3.3333333333333335,1
2023-04-21T01:00,746.0276200253737,500.66094048005687,3.3333333333333335,1
2023-04-21T02:00,750.5015888867351,503.66343180568833,3.3333333333333335,1
2023-04-21T03:00,757.1629762096796,508.1339049523715,3.3333333333333335,1
2023-04-21T04:00,760.4717886636512,510.35445699442744,3.3333333333333335,1
2023-04-21T05:00,762.1208078504283,511.4611177597399,3.3333333333333335,1
2023-04-21T06:00,763.218174592814,512.1975632351442,3.3333333333333335,1
2023-04-21T07:00,760.4717886636512,510.35445699442744,3.3333333333333335,1
2023-04-21T08:00,755.5031357561685,507.01998200877654,3.3333333333333335,1
2023-04-21T09:00,746.5883323330348,501.0372358661216,3.3333333333333335,1
2023-04-21T10:00,738.6996304889008,495.74310897532814,3.3333333333333335,1
2023-04-21T11:00,733.0128666902446,491.92670803346175,3.3333333333333335,1
2023-04-21T12:00,727.2816382822145,488.08046678468236,3.3333333333333335,1
2023-04-21T13:00,724.3990203658255,486.1459349277856,3.3333333333333335,1
2023-04-21T14:00,722.0846405834792,484.5927490572435,3.3333333333333335,1
2023-04-21T15:00,721.5048856601552,484.20367412574234,3.3333333333333335,1
2023-04-21T16:00,724.9764608882598,486.533456659251,3.3333333333333335,1
2023-04-21T17:00,726.7060294557649,487.6941743088232,3.3333333333333335,1
2023-04-21T18:00,738.1329256640295,495.3627919964675,3.3333333333333335,1
2023-04-21T19:00,744.3429488048012,499.53035354862016,3.3333333333333335,1
2023-04-21T20:00,768.1369248022625,515.498548399427,3.3333333333333335,1
2023-04-21T21:00,767.046595047836,514.766825463665,3.3333333333333335,1
2023-04-21T22:00,766.5008485575082,514.4005736738158,3.3333333333333335,1
2023-04-21T23:00,768.1369248022625,515.498548399427,3.3333333333333335,1
2023-04-22T00:00,768.6815097163294,515.8640206526376,3.3333333333333335,1
2023-04-22T01:00,770.8560020653473,517.3233277282777,3.3333333333333335,1
2023-04-22T02:00,771.940951232909,518.0514397391789,3.3333333333333335,1
2023-04-22T03:00,776.2655842372243,520.9537114098952,3.3333333333333335,1
2023-04-22T04:00,781.6377285048026,524.5589704233736,3.3333333333333335,1
2023-04-22T05:00,788.0359612627672,528.8528399049136,3.3333333333333335,1
2023-04-22T06:00,791.7443862693472,531.3415728977094,3.3333333333333335,1
2023-04-22T07:00,793.328404630971,532.4046114520211,3.3333333333333335,1
2023-04-22T08:00,803.808758534204,539.4380023090217,3.3333333333333335,1
2023-04-22T09:00,803.2879883088004,539.0885121509821,3.3333333333333335,1
2023-04-22T10:00,805.8884741927345,540.8337045184057,3.3333333333333335,1
2023-04-22T11:00,804.849288107094,540.1363042224854,3.3333333333333335,1
2023-04-22T12:00,805.3690487606256,540.4851168543994,3.3333333333333335,1
2023-04-22T13:00,803.2879883088004,539.0885121509821,3.3333333333333335,1
2023-04-22T14:00,805.8884741927345,540.8337045184057,3.3333333333333335,1
2023-04-22T15:00,806.407565051192,541.1820676492255,3.3333333333333335,1
2023-04-22T16:00,805.3690487606256,540.4851168543994,3.3333333333333335,1
2023-04-22T17:00,805.8884741927345,540.8337045184057,3.3333333333333335,1
2023-04-22T18:00,805.8884741927345,540.8337045184057,3.3333333333333335,1
2023-04-22T19:00,807.4447456278294,541.8781220432026,3.3333333333333335,1
2023-04-22T20:00,813.6400646865762,546.0358156503383,3.3333333333333335,1
2023-04-22T21:00,814.154213277973,546.3808620137777,3.3333333333333335,1
2023-04-22T22:00,814.154213277973,546.3808620137777,3.3333333333333335,1
2023-04-22T23:00,814.154213277973,546.3808620137777,3.3333333333333335,1
2023-04-23T00:00,813.6400646865762,546.0358156503383,3.3333333333333335,1
2023-04-23T01:00,815.6947145860217,547.414696168165,3.3333333333333335,1
2023-04-23T02:00,817.2323120195798,548.4465815253569,3.3333333333333335,1
2023-04-23T03:00,817.2323120195798,548.4465815253569,3.3333333333333335,1
2023-04-23T04:00,817.7442020240601,548.7901121456532,3.3333333333333335,1
2023-04-23T05:00,818.7670219385759,549.4765290645412,3.3333333333333335,1
2023-04-23T06:00,819.2779530472326,549.8194161675306,3.3333333333333335,1
2023-04-23T07:00,818.7670219385759,549.4765290645412,3.3333333333333335,1
2023-04-23T08:00,816.2075689055268,547.7588739426071,3.3333333333333335,1
2023-04-23T09:00,814.6680373829415,546.7256906135904,3.3333333333333335,1
2023-04-23T10:00,812.6107915804333,545.3450679789387,3.3333333333333335,1
2023-04-23T11:00,811.064432821266,544.3073028749362,3.3333333333333335,1
2023-04-23T12:00,808.9980232653766,542.9205304232227,3.3333333333333335,1
2023-04-23T13:00,810.5483243166833,543.9609412090165,3.3333333333333335,1
2023-04-23T14:00,808.4805956312048,542.5732834862448,3.3333333333333335,1
2023-04-23T15:00,804.849288107094,540.1363042224854,3.3333333333333335,1
2023-04-23T16:00,803.808758534204,539.4380023090217,3.3333333333333335,1
2023-04-23T17:00,805.8884741927345,540.8337045184057,3.3333333333333335,1
2023-04-23T18:00,808.9980232653766,542.9205304232227,3.3333333333333335,1
2023-04-23T19:00,812.0956658287739,544.999365840883,3.3333333333333335,1
2023-04-23T20:00,815.1815376150718,547.0703018615577,3.3333333333333335,1
2023-04-23T21:00,816.2075689055268,547.7588739426071,3.3333333333333335,1
2023-04-23T22:00,817.2323120195798,548.4465815253569,3.3333333333333335,1
2023-04-23T23:00,817.2323120195798,548.4465815253569,3.3333333333333335,1
2023-04-24T00:00,816.2075689055268,547.7588739426071,3.3333333333333335,1
2023-04-24T01:00,815.1815376150718,547.0703018615577,3.3333333333333335,1
2023-04-24T02:00,814.154213277973,546.3808620137777,3.3333333333333335,1
2023-04-24T03:00,812.6107915804333,545.3450679789387,3.3333333333333335,1
2023-04-24T04:00,812.6107915804333,545.3450679789387,3.3333333333333335,1
2023-04-24T05:00,811.064432821266,544.3073028749362,3.3333333333333335,1
2023-04-24T06:00,812.0956658287739,544.999365840883,3.3333333333333335,1
2023-04-24T07:00,811.5802131168433,544.6534442789986,3.3333333333333335,1
2023-04-24T08:00,810.031886975744,543.6143588602223,3.3333333333333335,1
2023-04-24T09:00,811.5802131168433,544.6534442789986,3.3333333333333335,1
2023-04-24T10:00,810.031886975744,543.6143588602223,3.3333333333333335,1
2023-04-24T11:00,807.4447456278294,541.8781220432026,3.3333333333333335,1
2023-04-24T12:00,798.5857743193965,535.932844967784,3.3333333333333335,1
2023-04-24T13:00,797.0122047622693,534.8768186314464,3.3333333333333335,1
2023-04-24T14:00,793.328404630971,532.4046114520211,3.3333333333333335,1
2023-04-24T15:00,791.7443862693472,531.3415728977094,3.3333333333333335,1
2023-04-24T16:00,791.2156754349135,530.986753777741,3.3333333333333335,1
2023-04-24T17:00,791.2156754349135,530.986753777741,3.3333333333333335,1
2023-04-24T18:00,793.328404630971,532.4046114520211,3.3333333333333335,1
2023-04-24T19:00,797.0122047622693,534.8768186314464,3.3333333333333335,1
2023-04-24T20:00,803.808758534204,539.4380023090217,3.3333333333333335,1
2023-04-24T21:00,805.8884741927345,540.8337045184057,3.3333333333333335,1
2023-04-24T22:00,805.8884741927345,540.8337045184057,3.3333333333333335,1
2023-04-24T23:00,806.9263219816859,541.5302066801809,3.3333333333333335,1
2023-04-25T00:00,807.4447456278294,541.8781220432026,3.3333333333333335,1
2023-04-25T01:00,808.4805956312048,542.5732834862448,3.3333333333333335,1
2023-04-25T02:00,808.9980232653766,542.9205304232227,3.3333333333333335,1
2023-04-25T03:00,810.031886975744,543.6143588602223,3.3333333333333335,1
2023-04-25T04:00,811.064432821266,544.3073028749362,3.3333333333333335,1
2023-04-25T05:00,812.0956658287739,544.999365840883,3.3333333333333335,1
2023-04-25T06:00,812.6107915804333,545.3450679789387,3.3333333333333335,1
2023-04-25T07:00,811.5802131168433,544.6534442789986,3.3333333333333335,1
2023-04-25T08:00,807.9628366311714,542.2258141688354,3.3333333333333335,1
2023-04-25T09:00,802.2454336990656,538.3888512303934,3.3333333333333335,1
2023-04-25T10:00,795.43552229877,533.8187032161121,3.3333333333333335,1
2023-04-25T11:00,793.328404630971,532.4046114520211,3.3333333333333335,1
2023-04-25T12:00,789.097289637679,529.5650999447275,3.3333333333333335,1
2023-04-25T13:00,784.8433649033037,526.710280765015,3.3333333333333335,1
2023-04-25T14:00,780.5662575028142,523.8399036419931,3.3333333333333335,1
2023-04-25T15:00,775.7263236065025,520.5918122961174,3.3333333333333335,1
2023-04-25T16:00,770.3129544445375,516.9588871562908,3.3333333333333335,1
2023-04-25T17:00,770.3129544445375,516.9588871562908,3.3333333333333335,1
2023-04-25T18:00,778.4188909652402,522.3988007640318,3.3333333333333335,1
2023-04-25T19:00,784.3100020385062,526.3523396562158,3.3333333333333335,1
2023-04-25T20:00,798.5857743193965,535.932844967784,3.3333333333333335,1
2023-04-25T21:00,802.7668802498647,538.7387952720419,3.3333333333333335,1
2023-04-25T22:00,805.8884741927345,540.8337045184057,3.3333333333333335,1
2023-04-25T23:00,808.4805956312048,542.5732834862448,3.3333333333333335,1
2023-04-26T00:00,811.064432821266,544.3073028749362,3.3333333333333335,1
2023-04-26T01:00,814.6680373829415,546.7256906135904,3.3333333333333335,1
2023-04-26T02:00,819.2779530472326,549.8194161675306,3.3333333333333335,1
2023-04-26T03:00,816.7201011814079,548.1028355927941,3.3333333333333335,1
2023-04-26T04:00,817.2323120195798,548.4465815253569,3.3333333333333335,1
2023-04-26T05:00,816.2075689055268,547.7588739426071,3.3333333333333335,1
2023-04-26T06:00,815.1815376150718,547.0703018615577,3.3333333333333335,1
2023-04-26T07:00,805.8884741927345,540.8337045184057,3.3333333333333335,1
2023-04-26T08:00,799.6331003751081,536.6357080173103,3.3333333333333335,1
2023-04-26T09:00,790.1571924520644,530.2764032874235,3.3333333333333335,1
2023-04-26T10:00,781.1021767266102,524.1995603295001,3.3333333333333335,1
2023-04-26T11:00,773.0243776625457,518.778529836975,3.3333333333333335,1
2023-04-26T12:00,766.5008485575082,514.4005736738158,3.3333333333333335,1
2023-04-26T13:00,761.021858745458,510.7236103569772,3.3333333333333335,1
2023-04-26T14:00,757.1629762096796,508.1339049523715,3.3333333333333335,1
2023-04-26T15:00,756.0568207962298,507.39156137855565,3.3333333333333335,1
2023-04-26T16:00,757.1629762096796,508.1339049523715,3.3333333333333335,1
2023-04-26T17:00,759.9213204129716,509.98503641978397,3.3333333333333335,1
2023-04-26T18:00,765.9547132202276,514.034060927836,3.3333333333333335,1
2023-04-26T19:00,782.1729135921585,524.9181344301397,3.3333333333333335,1
2023-04-26T20:00,778.9562875711661,522.75944892626,3.3333333333333335,1
2023-04-26T21:00,778.4188909652402,522.3988007640318,3.3333333333333335,1
2023-04-26T22:00,778.9562875711661,522.75944892626,3.3333333333333335,1
2023-04-26T23:00,781.6377285048026,524.5589704233736,3.3333333333333335,1
2023-04-27T00:00,783.7762762182476,525.9941549671288,3.3333333333333335,1
2023-04-27T01:00,785.3763655521086,527.0679787897852,3.3333333333333335,1
2023-04-27T02:00,788.0359612627672,528.8528399049136,3.3333333333333335,1
2023-04-27T03:00,792.8007501631307,532.0505012622287,3.3333333333333335,1
2023-04-27T04:00,795.43552229877,533.8187032161121,3.3333333333333335,1
2023-04-27T05:00,798.0615958747866,535.5810675455904,3.3333333333333335,1
2023-04-27T06:00,799.6331003751081,536.6357080173103,3.3333333333333335,1
2023-04-27T07:00,792.8007501631307,532.0505012622287,3.3333333333333335,1
2023-04-27T08:00,782.7077327408648,525.277052854593,3.3333333333333335,1
2023-04-27T09:00,773.5655218503891,519.1416930104937,3.3333333333333335,1
2023-04-27T10:00,768.1369248022625,515.498548399427,3.3333333333333335,1
2023-04-27T11:00,757.7154483563066,508.5046703464327,3.3333333333333335,1
2023-04-27T12:00,753.8396405948065,505.9036063819021,3.3333333333333335,1
2023-04-27T13:00,758.2675179729761,508.8751656016658,3.3333333333333335,1
2023-04-27T14:00,757.7154483563066,508.5046703464327,3.3333333333333335,1
2023-04-27T15:00,762.6696885898169,511.8294729517157,3.3333333333333335,1
2023-04-27T16:00,762.6696885898169,511.8294729517157,3.3333333333333335,1
2023-04-27T17:00,764.3139657882648,512.9329513571892,3.3333333333333335,1
2023-04-27T18:00,766.5008485575082,514.4005736738158,3.3333333333333335,1
2023-04-27T19:00,773.0243776625457,518.778529836975,3.3333333333333335,1
2023-04-27T20:00,776.2655842372243,520.9537114098952,3.3333333333333335,1
2023-04-27T21:00,775.7263236065025,520.5918122961174,3.3333333333333335,1
2023-04-27T22:00,776.2655842372243,520.9537114098952,3.3333333333333335,1
2023-04-27T23:00,776.2655842372243,520.9537114098952,3.3333333333333335,1
2023-04-28T00:00,775.7263236065025,520.5918122961174,3.3333333333333335,1
2023-04-28T01:00,775.1866878378146,520.2296614263429,3.3333333333333335,1
2023-04-28T02:00,779.4933136863665,523.1198484512661,3.3333333333333335,1
2023-04-28T03:00,777.8811231007315,522.0379034492706,3.3333333333333335,1
2023-04-28T04:00,779.4933136863665,523.1198484512661,3.3333333333333335,1
2023-04-28T05:00,787.504760689251,528.4963499150241,3.3333333333333335,1
2023-04-28T06:00,788.5668040048555,529.2090897532663,3.3333333333333335,1
2023-04-28T07:00,777.8811231007315,522.0379034492706,3.3333333333333335,1
2023-04-28T08:00,767.5919535206044,515.1328168539914,3.3333333333333335,1
2023-04-28T09:00,759.9213204129716,509.98503641978397,3.3333333333333335,1
2023-04-28T10:00,757.1629762096796,508.1339049523715,3.3333333333333335,1
2023-04-28T11:00,756.6101006513204,507.76286882772075,3.3333333333333335,1
2023-04-28T12:00,756.0568207962298,507.39156137855565,3.3333333333333335,1
2023-04-28T13:00,751.6159199961851,504.4112621088672,3.3333333333333335,1
2023-04-28T14:00,747.7084955021039,501.7889800786189,3.3333333333333335,1
2023-04-28T15:00,743.7805437764072,499.1529221735768,3.3333333333333335,1
2023-04-28T16:00,742.6544560090717,498.39720194885103,3.3333333333333335,1
2023-04-28T17:00,749.385600776607,502.914489485346,3.3333333333333335,1
2023-04-28T18:00,755.5031357561685,507.01998200877654,3.3333333333333335,1
2023-04-28T19:00,763.7662667098397,512.5653891807445,3.3333333333333335,1
2023-04-28T20:00,771.3986673927234,517.6875117422165,3.3333333333333335,1
2023-04-28T21:00,771.940951232909,518.0514397391789,3.3333333333333335,1
2023-04-28T22:00,774.6466761471727,519.8672582744357,3.3333333333333335,1
2023-04-28T23:00,780.5662575028142,523.8399036419931,3.3333333333333335,1
2023-04-29T00:00,781.6377285048026,524.5589704233736,3.3333333333333335,1
2023-04-29T01:00,782.1729135921585,524.9181344301397,3.3333333333333335,1
2023-04-29T02:00,777.8811231007315,522.0379034492706,3.3333333333333335,1
2023-04-29T03:00,774.1062877478543,519.5046023124244,3.3333333333333335,1
2023-04-29T04:00,775.7263236065025,520.5918122961174,3.3333333333333335,1
2023-04-29T05:00,777.8811231007315,522.0379034492706,3.3333333333333335,1
2023-04-29T06:00,780.5662575028142,523.8399036419931,3.3333333333333335,1
2023-04-29T07:00,783.7762762182476,525.9941549671288,3.3333333333333335,1
2023-04-29T08:00,781.1021767266102,524.1995603295001,3.3333333333333335,1
2023-04-29T09:00,781.1021767266102,524.1995603295001,3.3333333333333335,1
2023-04-29T10:00,775.1866878378146,520.2296614263429,3.3333333333333335,1
2023-04-29T11:00,768.6815097163294,515.8640206526376,3.3333333333333335,1
2023-04-29T12:00,764.8612726724264,513.3002503311149,3.3333333333333335,1
2023-04-29T13:00,761.5715315211636,511.09249708644126,3.3333333333333335,1
2023-04-29T14:00,758.8191859382553,509.2453913076792,3.3333333333333335,1
2023-04-29T15:00,757.1629762096796,508.1339049523715,3.3333333333333335,1
2023-04-29T16:00,757.1629762096796,508.1339049523715,3.3333333333333335,1
2023-04-29T17:00,759.3704531275202,509.6153480519399,3.3333333333333335,1
2023-04-29T18:00,767.5919535206044,515.1328168539914,3.3333333333333335,1
2023-04-29T19:00,768.6815097163294,515.8640206526376,3.3333333333333335,1
2023-04-29T20:00,791.2156754349135,530.986753777741,3.3333333333333335,1
2023-04-29T21:00,792.2727442769466,531.6961552347359,3.3333333333333335,1
2023-04-29T22:00,793.8557083812022,532.7584862743774,3.3333333333333335,1
2023-04-29T23:00,795.9614301395615,534.1716412402667,3.3333333333333335,1
2023-04-30T00:00,800.6790564800015,537.3376516895283,3.3333333333333335,1
2023-04-30T01:00,805.3690487606256,540.4851168543994,3.3333333333333335,1
2023-04-30T02:00,809.5151201690958,543.267555406194,3.3333333333333335,1
2023-04-30T03:00,813.1255909932224,545.690551110189,3.3333333333333335,1
2023-04-30T04:00,815.1815376150718,547.0703018615577,3.3333333333333335,1
2023-04-30T05:00,815.1815376150718,547.0703018615577,3.3333333333333335,1
2023-04-30T06:00,808.9980232653766,542.9205304232227,3.3333333333333335,1
2023-04-30T07:00,796.4869907317474,534.5243462250421,3.3333333333333335,1
2023-04-30T08:00,788.5668040048555,529.2090897532663,3.3333333333333335,1
2023-04-30T09:00,777.3429832071276,521.6767564648836,3.3333333333333335,1
2023-04-30T10:00,766.5008485575082,514.4005736738158,3.3333333333333335,1
2023-04-30T11:00,759.3704531275202,509.6153480519399,3.3333333333333335,1
2023-04-30T12:00,752.7286014639734,505.15798533353643,3.3333333333333335,1
2023-04-30T13:00,748.267948251907,502.16443017235815,3.3333333333333335,1
2023-04-30T14:00,745.4664859707809,500.2843620586061,3.3333333333333335,1
2023-04-30T15:00,743.2177131670297,498.775205190106,3.3333333333333335,1
2023-04-30T16:00,743.2177131670297,498.775205190106,3.3333333333333335,1
2023-04-30T17:00,746.0276200253737,500.66094048005687,3.3333333333333335,1
2023-04-30T18:00,754.3945465518728,506.2760051120367,3.3333333333333335,1
2023-04-30T19:00,773.0243776625457,518.778529836975,3.3333333333333335,1
2023-04-30T20:00,781.1021767266102,524.1995603295001,3.3333333333333335,1
2023-04-30T21:00,777.8811231007315,522.0379034492706,3.3333333333333335,1
2023-04-30T22:00,778.9562875711661,522.75944892626,3.3333333333333335,1
2023-04-30T23:00,786.4412831470871,527.7826475638684,3.3333333333333335,1
2023-05-01T00:00,795.43552229877,533.8187032161121,3.3333333333333335,1
2023-05-01T01:00,794.3826621122338,533.1121261980021,3.3333333333333335,1
2023-05-01T02:00,798.0615958747866,535.5810675455904,3.3333333333333335,1
2023-05-01T03:00,802.2454336990656,538.3888512303934,3.3333333333333335,1
2023-05-01T04:00,803.808758534204,539.4380023090217,3.3333333333333335,1
2023-05-01T05:00,805.3690487606256,540.4851168543994,3.3333333333333335,1
2023-05-01T06:00,803.808758534204,539.4380023090217,3.3333333333333335,1
2023-05-01T07:00,789.6274188809745,529.9208709623143,3.3333333333333335,1
2023-05-01T08:00,780.5662575028142,523.8399036419931,3.3333333333333335,1
2023-05-01T09:00,767.046595047836,514.766825463665,3.3333333333333335,1
2023-05-01T10:00,753.2843258670713,505.5309333247828,3.3333333333333335,1
2023-05-01T11:00,742.0907713312647,498.01891179799117,3.3333333333333335,1
2023-05-01T12:00,733.0128666902446,491.92670803346175,3.3333333333333335,1
2023-05-01T13:00,729.0057378291054,489.23751416129056,3.3333333333333335,1
2023-05-01T14:00,726.7060294557649,487.6941743088232,3.3333333333333335,1
2023-05-01T15:00,726.1299643398999,487.3075756160336,3.3333333333333335,1
2023-05-01T16:00,729.0057378291054,489.23751416129056,3.3333333333333335,1
2023-05-01T17:00,734.7235174803831,493.0747299168802,3.3333333333333335,1
2023-05-01T18:00,746.0276200253737,500.66094048005687,3.3333333333333335,1
2023-05-01T19:00,757.1629762096796,508.1339049523715,3.3333333333333335,1
2023-05-01T20:00,761.021858745458,510.7236103569772,3.3333333333333335,1
2023-05-01T21:00,761.021858745458,510.7236103569772,3.3333333333333335,1
2023-05-01T22:00,763.7662667098397,512.5653891807445,3.3333333333333335,1
2023-05-01T23:00,766.5008485575082,514.4005736738158,3.3333333333333335,1
2023-05-02T00:00,769.2257090834096,516.2292341643328,3.3333333333333335,1
2023-05-02T01:00,773.0243776625457,518.778529836975,3.3333333333333335,1
2023-05-02T02:00,776.2655842372243,520.9537114098952,3.3333333333333335,1
2023-05-02T03:00,776.8044705112463,521.3153592919864,3.3333333333333335,1
2023-05-02T04:00,777.3429832071276,521.6767564648836,3.3333333333333335,1
2023-05-02T05:00,777.3429832071276,521.6767564648836,3.3333333333333335,1
2023-05-02T06:00,776.8044705112463,521.3153592919864,3.3333333333333335,1
2023-05-02T07:00,770.3129544445375,516.9588871562908,3.3333333333333335,1
2023-05-02T08:00,762.6696885898169,511.8294729517157,3.3333333333333335,1
2023-05-02T09:00,749.385600776607,502.914489485346,3.3333333333333335,1
2023-05-02T10:00,738.1329256640295,495.3627919964675,3.3333333333333335,1
2023-05-02T11:00,729.0057378291054,489.23751416129056,3.3333333333333335,1
2023-05-02T12:00,722.6639304003426,484.98151185467384,3.3333333333333335,1
2023-05-02T13:00,719.1811923924862,482.6442379526704,3.3333333333333335,1
2023-05-02T14:00,722.6639304003426,484.98151185467384,3.3333333333333335,1
2023-05-02T15:00,733.0128666902446,491.92670803346175,3.3333333333333335,1
2023-05-02T16:00,731.8702114878379,491.15986936298214,3.3333333333333335,1
2023-05-02T17:00,734.7235174803831,493.0747299168802,3.3333333333333335,1
2023-05-02T18:00,742.6544560090717,498.39720194885103,3.3333333333333335,1
2023-05-02T19:00,749.385600776607,502.914489485346,3.3333333333333335,1
2023-05-02T20:00,757.1629762096796,508.1339049523715,3.3333333333333335,1
2023-05-02T21:00,758.2675179729761,508.8751656016658,3.3333333333333335,1
2023-05-02T22:00,759.3704531275202,509.6153480519399,3.3333333333333335,1
2023-05-02T23:00,758.8191859382553,509.2453913076792,3.3333333333333335,1
2023-05-03T00:00,758.8191859382553,509.2453913076792,3.3333333333333335,1
2023-05-03T01:00,759.9213204129716,509.98503641978397,3.3333333333333335,1
2023-05-03T02:00,759.9213204129716,509.98503641978397,3.3333333333333335,1
2023-05-03T03:00,760.4717886636512,510.35445699442744,3.3333333333333335,1
2023-05-03T04:00,761.021858745458,510.7236103569772,3.3333333333333335,1
2023-05-03T05:00,760.4717886636512,510.35445699442744,3.3333333333333335,1
2023-05-03T06:00,761.021858745458,510.7236103569772,3.3333333333333335,1
2023-05-03T07:00,758.8191859382553,509.2453913076792,3.3333333333333335,1
2023-05-03T08:00,754.3945465518728,506.2760051120367,3.3333333333333335,1
2023-05-03T09:00,753.8396405948065,505.9036063819021,3.3333333333333335,1
2023-05-03T10:00,749.9438024188314,503.28909995776263,3.3333333333333335,1
2023-05-03T11:00,741.5266581586482,497.64033408322797,3.3333333333333335,1
2023-05-03T12:00,736.9982087353686,494.6012807207018,3.3333333333333335,1
2023-05-03T13:00,730.7257694874697,490.3918315680682,3.3333333333333335,1
2023-05-03T14:00,725.5534418477838,486.9206699769356,3.3333333333333335,1
2023-05-03T15:00,719.1811923924862,482.6442379526704,3.3333333333333335,1
2023-05-03T16:00,720.3439760012405,483.4245848453417,3.3333333333333335,1
2023-05-03T17:00,726.7060294557649,487.6941743088232,3.3333333333333335,1
2023-05-03T18:00,736.9982087353686,494.6012807207018,3.3333333333333335,1
2023-05-03T19:00,746.0276200253737,500.66094048005687,3.3333333333333335,1
2023-05-03T20:00,752.1724664774764,504.7847617987778,3.3333333333333335,1
2023-05-03T21:00,754.3945465518728,506.2760051120367,3.3333333333333335,1
2023-05-03T22:00,752.1724664774764,504.7847617987778,3.3333333333333335,1
2023-05-03T23:00,748.267948251907,502.16443017235815,3.3333333333333335,1
2023-05-04T00:00,745.4664859707809,500.2843620586061,3.3333333333333335,1
2023-05-04T01:00,746.0276200253737,500.66094048005687,3.3333333333333335,1
2023-05-04T02:00,747.7084955021039,501.7889800786189,3.3333333333333335,1
2023-05-04T03:00,754.3945465518728,506.2760051120367,3.3333333333333335,1
2023-05-04T04:00,758.8191859382553,509.2453913076792,3.3333333333333335,1
2023-05-04T05:00,759.3704531275202,509.6153480519399,3.3333333333333335,1
2023-05-04T06:00,759.3704531275202,509.6153480519399,3.3333333333333335,1
2023-05-04T07:00,757.7154483563066,508.5046703464327,3.3333333333333335,1
2023-05-04T08:00,746.5883323330348,501.0372358661216,3.3333333333333335,1
2023-05-04T09:00,746.0276200253737,500.66094048005687,3.3333333333333335,1
2023-05-04T10:00,733.5835268519523,492.30967944844156,3.3333333333333335,1
2023-05-04T11:00,726.7060294557649,487.6941743088232,3.3333333333333335,1
2023-05-04T12:00,724.3990203658255,486.1459349277856,3.3333333333333335,1
2023-05-04T13:00,723.8211191806087,485.7581040444124,3.3333333333333335,1
2023-05-04T14:00,721.5048856601552,484.20367412574234,3.3333333333333335,1
2023-05-04T15:00,722.0846405834792,484.5927490572435,3.3333333333333335,1
2023-05-04T16:00,743.2177131670297,498.775205190106,3.3333333333333335,1
2023-05-04T17:00,747.1486238432893,501.4132488540287,3.3333333333333335,1
2023-05-04T18:00,750.5015888867351,503.66343180568833,3.3333333333333335,1
2023-05-04T19:00,752.7286014639734,505.15798533353643,3.3333333333333335,1
2023-05-04T20:00,752.1724664774764,504.7847617987778,3.3333333333333335,1
2023-05-04T21:00,754.3945465518728,506.2760051120367,3.3333333333333335,1
2023-05-04T22:00,754.3945465518728,506.2760051120367,3.3333333333333335,1
2023-05-04T23:00,755.5031357561685,507.01998200877654,3.3333333333333335,1
2023-05-05T00:00,757.1629762096796,508.1339049523715,3.3333333333333335,1
2023-05-05T01:00,757.1629762096796,508.1339049523715,3.3333333333333335,1
2023-05-05T02:00,759.3704531275202,509.6153480519399,3.3333333333333335,1
2023-05-05T03:00,761.5715315211636,511.09249708644126,3.3333333333333335,1
2023-05-05T04:00,762.6696885898169,511.8294729517157,3.3333333333333335,1
2023-05-05T05:00,765.9547132202276,514.034060927836,3.3333333333333335,1
2023-05-05T06:00,768.6815097163294,515.8640206526376,3.3333333333333335,1
2023-05-05T07:00,765.4081882036425,513.6672866671321,3.3333333333333335,1
2023-05-05T08:00,761.021858745458,510.7236103569772,3.3333333333333335,1
2023-05-05T09:00,753.8396405948065,505.9036063819021,3.3333333333333335,1
2023-05-05T10:00,747.7084955021039,501.7889800786189,3.3333333333333335,1
2023-05-05T11:00,740.3971424105681,496.88231333233193,3.3333333333333335,1
2023-05-05T12:00,735.2928500086516,493.45681035384735,3.3333333333333335,1
2023-05-05T13:00,728.4314913927456,488.8521359887164,3.3333333333333335,1
2023-05-05T14:00,724.9764608882598,486.533456659251,3.3333333333333335,1
2023-05-05T15:00,726.1299643398999,487.3075756160336,3.3333333333333335,1
2023-05-05T16:00,726.7060294557649,487.6941743088232,3.3333333333333335,1
2023-05-05T17:00,729.5795322806536,489.62258900576427,3.3333333333333335,1
2023-05-05T18:00,734.7235174803831,493.0747299168802,3.3333333333333335,1
2023-05-05T19:00,743.7805437764072,499.1529221735768,3.3333333333333335,1
2023-05-05T20:00,751.6159199961851,504.4112621088672,3.3333333333333335,1
2023-05-05T21:00,755.5031357561685,507.01998200877654,3.3333333333333335,1
2023-05-05T22:00,762.1208078504283,511.4611177597399,3.3333333333333335,1
2023-05-05T23:00,764.3139657882648,512.9329513571892,3.3333333333333335,1
2023-05-06T00:00,766.5008485575082,514.4005736738158,3.3333333333333335,1
2023-05-06T01:00,769.2257090834096,516.2292341643328,3.3333333333333335,1
2023-05-06T02:00,771.940951232909,518.0514397391789,3.3333333333333335,1
2023-05-06T03:00,773.0243776625457,518.778529836975,3.3333333333333335,1
2023-05-06T04:00,773.0243776625457,518.778529836975,3.3333333333333335,1
2023-05-06T05:00,774.1062877478543,519.5046023124244,3.3333333333333335,1
2023-05-06T06:00,774.1062877478543,519.5046023124244,3.3333333333333335,1
2023-05-06T07:00,773.0243776625457,518.778529836975,3.3333333333333335,1
2023-05-06T08:00,774.1062877478543,519.5046023124244,3.3333333333333335,1
2023-05-06T09:00,770.8560020653473,517.3233277282777,3.3333333333333335,1
2023-05-06T10:00,767.5919535206044,515.1328168539914,3.3333333333333335,1
2023-05-06T11:00,764.8612726724264,513.3002503311149,3.3333333333333335,1
2023-05-06T12:00,762.1208078504283,511.4611177597399,3.3333333333333335,1
2023-05-06T13:00,762.6696885898169,511.8294729517157,3.3333333333333335,1
2023-05-06T14:00,766.5008485575082,514.4005736738158,3.3333333333333335,1
2023-05-06T15:00,772.4828543893174,518.4151122583374,3.3333333333333335,1
2023-05-06T16:00,773.5655218503891,519.1416930104937,3.3333333333333335,1
2023-05-06T17:00,778.4188909652402,522.3988007640318,3.3333333333333335,1
2023-05-06T18:00,780.0299700760548,523.4799998525867,3.3333333333333335,1
2023-05-06T19:00,782.1729135921585,524.9181344301397,3.3333333333333335,1
2023-05-06T20:00,785.9090047218813,527.4254342251025,3.3333333333333335,1
2023-05-06T21:00,784.3100020385062,526.3523396562158,3.3333333333333335,1
2023-05-06T22:00,785.9090047218813,527.4254342251025,3.3333333333333335,1
2023-05-06T23:00,790.1571924520644,530.2764032874235,3.3333333333333335,1
2023-05-07T00:00,791.7443862693472,531.3415728977094,3.3333333333333335,1
2023-05-07T01:00,791.7443862693472,531.3415728977094,3.3333333333333335,1
2023-05-07T02:00,792.8007501631307,532.0505012622287,3.3333333333333335,1
2023-05-07T03:00,794.9092665201597,533.4655316900456,3.3333333333333335,1
2023-05-07T04:00,796.4869907317474,534.5243462250421,3.3333333333333335,1
2023-05-07T05:00,798.0615958747866,535.5810675455904,3.3333333333333335,1
2023-05-07T06:00,798.5857743193965,535.932844967784,3.3333333333333335,1
2023-05-07T07:00,794.3826621122338,533.1121261980021,3.3333333333333335,1
2023-05-07T08:00,786.4412831470871,527.7826475638684,3.3333333333333335,1
2023-05-07T09:00,778.4188909652402,522.3988007640318,3.3333333333333335,1
2023-05-07T10:00,770.3129544445375,516.9588871562908,3.3333333333333335,1
2023-05-07T11:00,762.1208078504283,511.4611177597399,3.3333333333333335,1
2023-05-07T12:00,756.6101006513204,507.76286882772075,3.3333333333333335,1
2023-05-07T13:00,751.6159199961851,504.4112621088672,3.3333333333333335,1
2023-05-07T14:00,746.5883323330348,501.0372358661216,3.3333333333333335,1
2023-05-07T15:00,748.8269830316062,502.5395997653495,3.3333333333333335,1
2023-05-07T16:00,750.5015888867351,503.66343180568833,3.3333333333333335,1
2023-05-07T17:00,751.0589611053268,504.0374856498987,3.3333333333333335,1
2023-05-07T18:00,755.5031357561685,507.01998200877654,3.3333333333333335,1
2023-05-07T19:00,762.1208078504283,511.4611177597399,3.3333333333333335,1
2023-05-07T20:00,764.3139657882648,512.9329513571892,3.3333333333333335,1
2023-05-07T21:00,765.9547132202276,514.034060927836,3.3333333333333335,1
2023-05-07T22:00,770.3129544445375,516.9588871562908,3.3333333333333335,1
2023-05-07T23:00,776.2655842372243,520.9537114098952,3.3333333333333335,1
2023-05-08T00:00,775.7263236065025,520.5918122961174,3.3333333333333335,1
2023-05-08T01:00,776.8044705112463,521.3153592919864,3.3333333333333335,1
2023-05-08T02:00,780.5662575028142,523.8399036419931,3.3333333333333335,1
2023-05-08T03:00,780.5662575028142,523.8399036419931,3.3333333333333335,1
2023-05-08T04:00,778.9562875711661,522.75944892626,3.3333333333333335,1
2023-05-08T05:00,779.4933136863665,523.1198484512661,3.3333333333333335,1
2023-05-08T06:00,782.7077327408648,525.277052854593,3.3333333333333335,1
2023-05-08T07:00,779.4933136863665,523.1198484512661,3.3333333333333335,1
2023-05-08T08:00,775.1866878378146,520.2296614263429,3.3333333333333335,1
2023-05-08T09:00,770.3129544445375,516.9588871562908,3.3333333333333335,1
2023-05-08T10:00,766.5008485575082,514.4005736738158,3.3333333333333335,1
2023-05-08T11:00,758.8191859382553,509.2453913076792,3.3333333333333335,1
2023-05-08T12:00,749.9438024188314,503.28909995776263,3.3333333333333335,1
2023-05-08T13:00,747.7084955021039,501.7889800786189,3.3333333333333335,1
2023-05-08T14:00,745.4664859707809,500.2843620586061,3.3333333333333335,1
2023-05-08T15:00,743.7805437764072,499.1529221735768,3.3333333333333335,1
2023-05-08T16:00,743.2177131670297,498.775205190106,3.3333333333333335,1
2023-05-08T17:00,745.4664859707809,500.2843620586061,3.3333333333333335,1
2023-05-08T18:00,753.2843258670713,505.5309333247828,3.3333333333333335,1
2023-05-08T19:00,764.8612726724264,513.3002503311149,3.3333333333333335,1
2023-05-08T20:00,755.5031357561685,507.01998200877654,3.3333333333333335,1
2023-05-08T21:00,762.6696885898169,511.8294729517157,3.3333333333333335,1
2023-05-08T22:00,771.3986673927234,517.6875117422165,3.3333333333333335,1
2023-05-08T23:00,777.3429832071276,521.6767564648836,3.3333333333333335,1
2023-05-09T00:00,781.1021767266102,524.1995603295001,3.3333333333333335,1
2023-05-09T01:00,783.7762762182476,525.9941549671288,3.3333333333333335,1
2023-05-09T02:00,786.4412831470871,527.7826475638684,3.3333333333333335,1
2023-05-09T03:00,790.6866110658682,530.6316973998395,3.3333333333333335,1
2023-05-09T04:00,793.8557083812022,532.7584862743774,3.3333333333333335,1
2023-05-09T05:00,795.43552229877,533.8187032161121,3.3333333333333335,1
2023-05-09T06:00,792.8007501631307,532.0505012622287,3.3333333333333335,1
2023-05-09T07:00,784.3100020385062,526.3523396562158,3.3333333333333335,1
2023-05-09T08:00,776.2655842372243,520.9537114098952,3.3333333333333335,1
2023-05-09T09:00,768.6815097163294,515.8640206526376,3.3333333333333335,1
2023-05-09T10:00,762.6696885898169,511.8294729517157,3.3333333333333335,1
2023-05-09T11:00,756.6101006513204,507.76286882772075,3.3333333333333335,1
2023-05-09T12:00,751.0589611053268,504.0374856498987,3.3333333333333335,1
2023-05-09T13:00,746.5883323330348,501.0372358661216,3.3333333333333335,1
2023-05-09T14:00,743.7805437764072,499.1529221735768,3.3333333333333335,1
2023-05-09T15:00,742.6544560090717,498.39720194885103,3.3333333333333335,1
2023-05-09T16:00,743.2177131670297,498.775205190106,3.3333333333333335,1
2023-05-09T17:00,746.5883323330348,501.0372358661216,3.3333333333333335,1
2023-05-09T18:00,755.5031357561685,507.01998200877654,3.3333333333333335,1
2023-05-09T19:00,759.3704531275202,509.6153480519399,3.3333333333333335,1
2023-05-09T20:00,761.021858745458,510.7236103569772,3.3333333333333335,1
2023-05-09T21:00,764.3139657882648,512.9329513571892,3.3333333333333335,1
2023-05-09T22:00,769.2257090834096,516.2292341643328,3.3333333333333335,1
2023-05-09T23:00,770.8560020653473,517.3233277282777,3.3333333333333335,1
2023-05-10T00:00,773.0243776625457,518.778529836975,3.3333333333333335,1
2023-05-10T01:00,776.8044705112463,521.3153592919864,3.3333333333333335,1
2023-05-10T02:00,778.4188909652402,522.3988007640318,3.3333333333333335,1
2023-05-10T03:00,777.3429832071276,521.6767564648836,3.3333333333333335,1
2023-05-10T04:00,778.4188909652402,522.3988007640318,3.3333333333333335,1
2023-05-10T05:00,779.4933136863665,523.1198484512661,3.3333333333333335,1
2023-05-10T06:00,781.6377285048026,524.5589704233736,3.3333333333333335,1
2023-05-10T07:00,779.4933136863665,523.1198484512661,3.3333333333333335,1
2023-05-10T08:00,777.8811231007315,522.0379034492706,3.3333333333333335,1
2023-05-10T09:00,778.9562875711661,522.75944892626,3.3333333333333335,1
2023-05-10T10:00,778.4188909652402,522.3988007640318,3.3333333333333335,1
2023-05-10T11:00,778.9562875711661,522.75944892626,3.3333333333333335,1
2023-05-10T12:00,778.4188909652402,522.3988007640318,3.3333333333333335,1
2023-05-10T13:00,776.2655842372243,520.9537114098952,3.3333333333333335,1
2023-05-10T14:00,775.1866878378146,520.2296614263429,3.3333333333333335,1
2023-05-10T15:00,775.1866878378146,520.2296614263429,3.3333333333333335,1
2023-05-10T16:00,774.1062877478543,519.5046023124244,3.3333333333333335,1
2023-05-10T17:00,775.1866878378146,520.2296614263429,3.3333333333333335,1
2023-05-10T18:00,776.2655842372243,520.9537114098952,3.3333333333333335,1
2023-05-10T19:00,778.4188909652402,522.3988007640318,3.3333333333333335,1
2023-05-10T20:00,784.3100020385062,526.3523396562158,3.3333333333333335,1
2023-05-10T21:00,784.3100020385062,526.3523396562158,3.3333333333333335,1
2023-05-10T22:00,784.8433649033037,526.710280765015,3.3333333333333335,1
2023-05-10T23:00,784.8433649033037,526.710280765015,3.3333333333333335,1
2023-05-11T00:00,785.9090047218813,527.4254342251025,3.3333333333333335,1
2023-05-11T01:00,788.5668040048555,529.2090897532663,3.3333333333333335,1
2023-05-11T02:00,790.1571924520644,530.2764032874235,3.3333333333333335,1
2023-05-11T03:00,790.1571924520644,530.2764032874235,3.3333333333333335,1
2023-05-11T04:00,791.2156754349135,530.986753777741,3.3333333333333335,1
2023-05-11T05:00,791.2156754349135,530.986753777741,3.3333333333333335,1
2023-05-11T06:00,791.2156754349135,530.986753777741,3.3333333333333335,1
2023-05-11T07:00,788.0359612627672,528.8528399049136,3.3333333333333335,1
2023-05-11T08:00,782.7077327408648,525.277052854593,3.3333333333333335,1
2023-05-11T09:00,775.1866878378146,520.2296614263429,3.3333333333333335,1
2023-05-11T10:00,767.5919535206044,515.1328168539914,3.3333333333333335,1
2023-05-11T11:00,764.3139657882648,512.9329513571892,3.3333333333333335,1
2023-05-11T12:00,761.021858745458,510.7236103569772,3.3333333333333335,1
2023-05-11T13:00,756.6101006513204,507.76286882772075,3.3333333333333335,1
2023-05-11T14:00,754.3945465518728,506.2760051120367,3.3333333333333335,1
2023-05-11T15:00,754.3945465518728,506.2760051120367,3.3333333333333335,1
2023-05-11T16:00,751.6159199961851,504.4112621088672,3.3333333333333335,1
2023-05-11T17:00,753.8396405948065,505.9036063819021,3.3333333333333335,1
2023-05-11T18:00,757.1629762096796,508.1339049523715,3.3333333333333335,1
2023-05-11T19:00,763.218174592814,512.1975632351442,3.3333333333333335,1
2023-05-11T20:00,767.5919535206044,515.1328168539914,3.3333333333333335,1
2023-05-11T21:00,768.6815097163294,515.8640206526376,3.3333333333333335,1
2023-05-11T22:00,773.5655218503891,519.1416930104937,3.3333333333333335,1
2023-05-11T23:00,781.6377285048026,524.5589704233736,3.3333333333333335,1
2023-05-12T00:00,784.3100020385062,526.3523396562158,3.3333333333333335,1
2023-05-12T01:00,785.3763655521086,527.0679787897852,3.3333333333333335,1
2023-05-12T02:00,786.9732015597073,528.1396192973172,3.3333333333333335,1
2023-05-12T03:00,788.0359612627672,528.8528399049136,3.3333333333333335,1
2023-05-12T04:00,789.6274188809745,529.9208709623143,3.3333333333333335,1
2023-05-12T05:00,791.2156754349135,530.986753777741,3.3333333333333335,1
2023-05-12T06:00,790.6866110658682,530.6316973998395,3.3333333333333335,1
2023-05-12T07:00,783.7762762182476,525.9941549671288,3.3333333333333335,1
2023-05-12T08:00,776.2655842372243,520.9537114098952,3.3333333333333335,1
2023-05-12T09:00,765.4081882036425,513.6672866671321,3.3333333333333335,1
2023-05-12T10:00,756.0568207962298,507.39156137855565,3.3333333333333335,1
2023-05-12T11:00,747.7084955021039,501.7889800786189,3.3333333333333335,1
2023-05-12T12:00,740.9621155125502,497.2614681477725,3.3333333333333335,1
2023-05-12T13:00,736.4301946172787,494.22008507199496,3.3333333333333335,1
2023-05-12T14:00,733.0128666902446,491.92670803346175,3.3333333333333335,1
2023-05-12T15:00,731.8702114878379,491.15986936298214,3.3333333333333335,1
2023-05-12T16:00,731.8702114878379,491.15986936298214,3.3333333333333335,1
2023-05-12T17:00,733.5835268519523,492.30967944844156,3.3333333333333335,1
2023-05-12T18:00,740.3971424105681,496.88231333233193,3.3333333333333335,1
2023-05-12T19:00,751.6159199961851,504.4112621088672,3.3333333333333335,1
2023-05-12T20:00,757.7154483563066,508.5046703464327,3.3333333333333335,1
2023-05-12T21:00,759.3704531275202,509.6153480519399,3.3333333333333335,1
2023-05-12T22:00,762.1208078504283,511.4611177597399,3.3333333333333335,1
2023-05-12T23:00,763.7662667098397,512.5653891807445,3.3333333333333335,1
2023-05-13T00:00,766.5008485575082,514.4005736738158,3.3333333333333335,1
2023-05-13T01:00,770.3129544445375,516.9588871562908,3.3333333333333335,1
2023-05-13T02:00,773.5655218503891,519.1416930104937,3.3333333333333335,1
2023-05-13T03:00,775.7263236065025,520.5918122961174,3.3333333333333335,1
2023-05-13T04:00,777.8811231007315,522.0379034492706,3.3333333333333335,1
2023-05-13T05:00,779.4933136863665,523.1198484512661,3.3333333333333335,1
2023-05-13T06:00,777.3429832071276,521.6767564648836,3.3333333333333335,1
2023-05-13T07:00,769.2257090834096,516.2292341643328,3.3333333333333335,1
2023-05-13T08:00,762.6696885898169,511.8294729517157,3.3333333333333335,1
2023-05-13T09:00,752.7286014639734,505.15798533353643,3.3333333333333335,1
2023-05-13T10:00,743.2177131670297,498.775205190106,3.3333333333333335,1
2023-05-13T11:00,735.2928500086516,493.45681035384735,3.3333333333333335,1
2023-05-13T12:00,729.5795322806536,489.62258900576427,3.3333333333333335,1
2023-05-13T13:00,725.5534418477838,486.9206699769356,3.3333333333333335,1
2023-05-13T14:00,722.6639304003426,484.98151185467384,3.3333333333333335,1
2023-05-13T15:00,722.0846405834792,484.5927490572435,3.3333333333333335,1
2023-05-13T16:00,723.2427562283427,485.36996326805564,3.3333333333333335,1
2023-05-13T17:00,726.7060294557649,487.6941743088232,3.3333333333333335,1
2023-05-13T18:00,733.0128666902446,491.92670803346175,3.3333333333333335,1
2023-05-13T19:00,743.2177131670297,498.775205190106,3.3333333333333335,1
2023-05-13T20:00,748.267948251907,502.16443017235815,3.3333333333333335,1
2023-05-13T21:00,752.1724664774764,504.7847617987778,3.3333333333333335,1
2023-05-13T22:00,759.9213204129716,509.98503641978397,3.3333333333333335,1
2023-05-13T23:00,763.218174592814,512.1975632351442,3.3333333333333335,1
2023-05-14T00:00,765.4081882036425,513.6672866671321,3.3333333333333335,1
2023-05-14T01:00,765.9547132202276,514.034060927836,3.3333333333333335,1
2023-05-14T02:00,768.6815097163294,515.8640206526376,3.3333333333333335,1
2023-05-14T03:00,768.6815097163294,515.8640206526376,3.3333333333333335,1
2023-05-14T04:00,771.940951232909,518.0514397391789,3.3333333333333335,1
2023-05-14T05:00,773.5655218503891,519.1416930104937,3.3333333333333335,1
2023-05-14T06:00,769.7695237212065,516.5941894832752,3.3333333333333335,1
2023-05-14T07:00,759.9213204129716,509.98503641978397,3.3333333333333335,1
2023-05-14T08:00,753.2843258670713,505.5309333247828,3.3333333333333335,1
2023-05-14T09:00,742.0907713312647,498.01891179799117,3.3333333333333335,1
2023-05-14T10:00,733.0128666902446,491.92670803346175,3.3333333333333335,1
2023-05-14T11:00,726.7060294557649,487.6941743088232,3.3333333333333335,1
2023-05-14T12:00,720.9246645082791,483.814286307132,3.3333333333333335,1
2023-05-14T13:00,715.6815064541526,480.2955902535258,3.3333333333333335,1
2023-05-14T14:00,713.3388438463799,478.72342371042237,3.3333333333333335,1
2023-05-14T15:00,712.1646227312139,477.9354010795303,3.3333333333333335,1
2023-05-14T16:00,715.0965602947524,479.903031470936,3.3333333333333335,1
2023-05-14T17:00,720.3439760012405,483.4245848453417,3.3333333333333335,1
2023-05-14T18:00,729.0057378291054,489.23751416129056,3.3333333333333335,1
2023-05-14T19:00,738.1329256640295,495.3627919964675,3.3333333333333335,1
2023-05-14T20:00,744.3429488048012,499.53035354862016,3.3333333333333335,1
2023-05-14T21:00,746.0276200253737,500.66094048005687,3.3333333333333335,1
2023-05-14T22:00,747.1486238432893,501.4132488540287,3.3333333333333335,1
2023-05-14T23:00,748.8269830316062,502.5395997653495,3.3333333333333335,1
2023-05-15T00:00,751.0589611053268,504.0374856498987,3.3333333333333335,1
2023-05-15T01:00,754.3945465518728,506.2760051120367,3.3333333333333335,1
2023-05-15T02:00,757.1629762096796,508.1339049523715,3.3333333333333335,1
2023-05-15T03:00,758.8191859382553,509.2453913076792,3.3333333333333335,1
2023-05-15T04:00,759.9213204129716,509.98503641978397,3.3333333333333335,1
2023-05-15T05:00,762.1208078504283,511.4611177597399,3.3333333333333335,1
2023-05-15T06:00,761.021858745458,510.7236103569772,3.3333333333333335,1
2023-05-15T07:00,754.3945465518728,506.2760051120367,3.3333333333333335,1
2023-05-15T08:00,745.4664859707809,500.2843620586061,3.3333333333333335,1
2023-05-15T09:00,735.8617420473389,493.8385951771909,3.3333333333333335,1
2023-05-15T10:00,727.2816382822145,488.08046678468236,3.3333333333333335,1
2023-05-15T11:00,720.3439760012405,483.4245848453417,3.3333333333333335,1
2023-05-15T12:00,713.9252301713316,479.11694899159755,3.3333333333333335,1
2023-05-15T13:00,709.8103530729155,476.35544501674104,3.3333333333333335,1
2023-05-15T14:00,708.0395136743432,475.1670304126032,3.3333333333333335,1
2023-05-15T15:00,707.448248841639,474.7702311530739,3.3333333333333335,1
2023-05-15T16:00,707.448248841639,474.7702311530739,3.3333333333333335,1
2023-05-15T17:00,710.3996519316403,476.750924906377,3.3333333333333335,1
2023-05-15T18:00,718.5990950147234,482.2535909943288,3.3333333333333335,1
2023-05-15T19:00,729.0057378291054,489.23751416129056,3.3333333333333335,1
2023-05-15T20:00,734.7235174803831,493.0747299168802,3.3333333333333335,1
2023-05-15T21:00,735.2928500086516,493.45681035384735,3.3333333333333335,1
2023-05-15T22:00,737.5657854145899,494.9821828031258,3.3333333333333335,1
2023-05-15T23:00,746.0276200253737,500.66094048005687,3.3333333333333335,1
2023-05-16T00:00,749.385600776607,502.914489485346,3.3333333333333335,1
2023-05-16T01:00,749.385600776607,502.914489485346,3.3333333333333335,1
2023-05-16T02:00,750.5015888867351,503.66343180568833,3.3333333333333335,1
2023-05-16T03:00,751.0589611053268,504.0374856498987,3.3333333333333335,1
2023-05-16T04:00,752.1724664774764,504.7847617987778,3.3333333333333335,1
2023-05-16T05:00,751.6159199961851,504.4112621088672,3.3333333333333335,1
2023-05-16T06:00,750.5015888867351,503.66343180568833,3.3333333333333335,1
2023-05-16T07:00,746.5883323330348,501.0372358661216,3.3333333333333335,1
2023-05-16T08:00,735.2928500086516,493.45681035384735,3.3333333333333335,1
2023-05-16T09:00,729.0057378291054,489.23751416129056,3.3333333333333335,1
2023-05-16T10:00,731.2982143613874,490.77600070772934,3.3333333333333335,1
2023-05-16T11:00,728.4314913927456,488.8521359887164,3.3333333333333335,1
2023-05-16T12:00,728.4314913927456,488.8521359887164,3.3333333333333335,1
2023-05-16T13:00,729.0057378291054,489.23751416129056,3.3333333333333335,1
2023-05-16T14:00,729.5795322806536,489.62258900576427,3.3333333333333335,1
2023-05-16T15:00,747.7084955021039,501.7889800786189,3.3333333333333335,1
2023-05-16T16:00,755.5031357561685,507.01998200877654,3.3333333333333335,1
2023-05-16T17:00,757.1629762096796,508.1339049523715,3.3333333333333335,1
2023-05-16T18:00,756.6101006513204,507.76286882772075,3.3333333333333335,1
2023-05-16T19:00,760.4717886636512,510.35445699442744,3.3333333333333335,1
2023-05-16T20:00,759.9213204129716,509.98503641978397,3.3333333333333335,1
2023-05-16T21:00,759.3704531275202,509.6153480519399,3.3333333333333335,1
2023-05-16T22:00,758.8191859382553,509.2453913076792,3.3333333333333335,1
2023-05-16T23:00,756.6101006513204,507.76286882772075,3.3333333333333335,1
2023-05-17T00:00,756.6101006513204,507.76286882772075,3.3333333333333335,1
2023-05-17T01:00,756.0568207962298,507.39156137855565,3.3333333333333335,1
2023-05-17T02:00,754.9490446396396,506.6481301200978,3.3333333333333335,1
2023-05-17T03:00,754.9490446396396,506.6481301200978,3.3333333333333335,1
2023-05-17T04:00,757.1629762096796,508.1339049523715,3.3333333333333335,1
2023-05-17T05:00,758.2675179729761,508.8751656016658,3.3333333333333335,1
2023-05-17T06:00,759.3704531275202,509.6153480519399,3.3333333333333335,1
2023-05-17T07:00,757.7154483563066,508.5046703464327,3.3333333333333335,1
2023-05-17T08:00,754.3945465518728,506.2760051120367,3.3333333333333335,1
2023-05-17T09:00,751.6159199961851,504.4112621088672,3.3333333333333335,1
2023-05-17T10:00,744.3429488048012,499.53035354862016,3.3333333333333335,1
2023-05-17T11:00,740.3971424105681,496.88231333233193,3.3333333333333335,1
2023-05-17T12:00,738.6996304889008,495.74310897532814,3.3333333333333335,1
2023-05-17T13:00,733.5835268519523,492.30967944844156,3.3333333333333335,1
2023-05-17T14:00,731.2982143613874,490.77600070772934,3.3333333333333335,1
2023-05-17T15:00,728.4314913927456,488.8521359887164,3.3333333333333335,1
2023-05-17T16:00,727.2816382822145,488.08046678468236,3.3333333333333335,1
2023-05-17T17:00,727.2816382822145,488.08046678468236,3.3333333333333335,1
2023-05-17T18:00,731.2982143613874,490.77600070772934,3.3333333333333335,1
2023-05-17T19:00,741.5266581586482,497.64033408322797,3.3333333333333335,1
2023-05-17T20:00,745.4664859707809,500.2843620586061,3.3333333333333335,1
2023-05-17T21:00,754.3945465518728,506.2760051120367,3.3333333333333335,1
2023-05-17T22:00,758.8191859382553,509.2453913076792,3.3333333333333335,1
2023-05-17T23:00,762.1208078504283,511.4611177597399,3.3333333333333335,1
2023-05-18T00:00,764.3139657882648,512.9329513571892,3.3333333333333335,1
2023-05-18T01:00,763.7662667098397,512.5653891807445,3.3333333333333335,1
2023-05-18T02:00,763.218174592814,512.1975632351442,3.3333333333333335,1
2023-05-18T03:00,764.8612726724264,513.3002503311149,3.3333333333333335,1
2023-05-18T04:00,765.9547132202276,514.034060927836,3.3333333333333335,1
2023-05-18T05:00,768.1369248022625,515.498548399427,3.3333333333333335,1
2023-05-18T06:00,765.9547132202276,514.034060927836,3.3333333333333335,1
2023-05-18T07:00,758.8191859382553,509.2453913076792,3.3333333333333335,1
2023-05-18T08:00,749.9438024188314,503.28909995776263,3.3333333333333335,1
2023-05-18T09:00,738.6996304889008,495.74310897532814,3.3333333333333335,1
2023-05-18T10:00,730.1528758129739,490.00736123725335,3.3333333333333335,1
2023-05-18T11:00,723.2427562283427,485.36996326805564,3.3333333333333335,1
2023-05-18T12:00,717.4334833876808,481.47134621174325,3.3333333333333335,1
2023-05-18T13:00,713.9252301713316,479.11694899159755,3.3333333333333335,1
2023-05-18T14:00,711.5767855507888,477.54090212573726,3.3333333333333335,1
2023-05-18T15:00,711.5767855507888,477.54090212573726,3.3333333333333335,1
2023-05-18T16:00,711.5767855507888,477.54090212573726,3.3333333333333335,1
2023-05-18T17:00,713.3388438463799,478.72342371042237,3.3333333333333335,1
2023-05-18T18:00,717.4334833876808,481.47134621174325,3.3333333333333335,1
2023-05-18T19:00,718.0165257296524,481.8626273378512,3.3333333333333335,1
2023-05-18T20:00,734.1537434377407,492.6923531785488,3.3333333333333335,1
2023-05-18T21:00,739.8317378665478,496.50286897509585,3.3333333333333335,1
2023-05-18T22:00,743.7805437764072,499.1529221735768,3.3333333333333335,1
2023-05-18T23:00,746.0276200253737,500.66094048005687,3.3333333333333335,1
2023-05-19T00:00,747.1486238432893,501.4132488540287,3.3333333333333335,1
2023-05-19T01:00,751.0589611053268,504.0374856498987,3.3333333333333335,1
2023-05-19T02:00,752.1724664774764,504.7847617987778,3.3333333333333335,1
2023-05-19T03:00,752.1724664774764,504.7847617987778,3.3333333333333335,1
2023-05-19T04:00,754.9490446396396,506.6481301200978,3.3333333333333335,1
2023-05-19T05:00,755.5031357561685,507.01998200877654,3.3333333333333335,1
2023-05-19T06:00,753.2843258670713,505.5309333247828,3.3333333333333335,1
2023-05-19T07:00,746.0276200253737,500.66094048005687,3.3333333333333335,1
2023-05-19T08:00,735.2928500086516,493.45681035384735,3.3333333333333335,1
2023-05-19T09:00,727.8567919017867,488.4664537701048,3.3333333333333335,1
2023-05-19T10:00,721.5048856601552,484.20367412574234,3.3333333333333335,1
2023-05-19T11:00,717.4334833876808,481.47134621174325,3.3333333333333335,1
2023-05-19T12:00,712.1646227312139,477.9354010795303,3.3333333333333335,1
2023-05-19T13:00,709.220564559713,475.95963651880066,3.3333333333333335,1
2023-05-19T14:00,705.0782312968585,473.1797066455715,3.3333333333333335,1
2023-05-19T15:00,704.4844811020378,472.7812394535136,3.3333333333333335,1
2023-05-19T16:00,705.0782312968585,473.1797066455715,3.3333333333333335,1
2023-05-19T17:00,707.448248841639,474.7702311530739,3.3333333333333335,1
2023-05-19T18:00,712.751975097222,478.32957467319545,3.3333333333333335,1
2023-05-19T19:00,721.5048856601552,484.20367412574234,3.3333333333333335,1
2023-05-19T20:00,724.9764608882598,486.533456659251,3.3333333333333335,1
2023-05-19T21:00,724.9764608882598,486.533456659251,3.3333333333333335,1
2023-05-19T22:00,728.4314913927456,488.8521359887164,3.3333333333333335,1
2023-05-19T23:00,729.5795322806536,489.62258900576427,3.3333333333333335,1
2023-05-20T00:00,731.2982143613874,490.77600070772934,3.3333333333333335,1
2023-05-20T01:00,736.4301946172787,494.22008507199496,3.3333333333333335,1
2023-05-20T02:00,734.1537434377407,492.6923531785488,3.3333333333333335,1
2023-05-20T03:00,746.5883323330348,501.0372358661216,3.3333333333333335,1
2023-05-20T04:00,747.1486238432893,501.4132488540287,3.3333333333333335,1
2023-05-20T05:00,753.2843258670713,505.5309333247828,3.3333333333333335,1
2023-05-20T06:00,751.6159199961851,504.4112621088672,3.3333333333333335,1
2023-05-20T07:00,748.267948251907,502.16443017235815,3.3333333333333335,1
2023-05-20T08:00,749.9438024188314,503.28909995776263,3.3333333333333335,1
2023-05-20T09:00,738.6996304889008,495.74310897532814,3.3333333333333335,1
2023-05-20T10:00,730.1528758129739,490.00736123725335,3.3333333333333335,1
2023-05-20T11:00,720.9246645082791,483.814286307132,3.3333333333333335,1
2023-05-20T12:00,718.0165257296524,481.8626273378512,3.3333333333333335,1
2023-05-20T13:00,711.5767855507888,477.54090212573726,3.3333333333333335,1
2023-05-20T14:00,707.448248841639,474.7702311530739,3.3333333333333335,1
2023-05-20T15:00,705.6714819119483,473.5778385684635,3.3333333333333335,1
2023-05-20T16:00,705.6714819119483,473.5778385684635,3.3333333333333335,1
2023-05-20T17:00,708.630285169424,475.56349859206006,3.3333333333333335,1
2023-05-20T18:00,715.6815064541526,480.2955902535258,3.3333333333333335,1
2023-05-20T19:00,723.2427562283427,485.36996326805564,3.3333333333333335,1
2023-05-20T20:00,728.4314913927456,488.8521359887164,3.3333333333333335,1
2023-05-20T21:00,730.1528758129739,490.00736123725335,3.3333333333333335,1
2023-05-20T22:00,733.0128666902446,491.92670803346175,3.3333333333333335,1
2023-05-20T23:00,734.7235174803831,493.0747299168802,3.3333333333333335,1
2023-05-21T00:00,735.2928500086516,493.45681035384735,3.3333333333333335,1
2023-05-21T01:00,736.9982087353686,494.6012807207018,3.3333333333333335,1
2023-05-21T02:00,740.3971424105681,496.88231333233193,3.3333333333333335,1
2023-05-21T03:00,743.7805437764072,499.1529221735768,3.3333333333333335,1
2023-05-21T04:00,746.0276200253737,500.66094048005687,3.3333333333333335,1
2023-05-21T05:00,747.7084955021039,501.7889800786189,3.3333333333333335,1
2023-05-21T06:00,748.8269830316062,502.5395997653495,3.3333333333333335,1
2023-05-21T07:00,746.0276200253737,500.66094048005687,3.3333333333333335,1
2023-05-21T08:00,736.9982087353686,494.6012807207018,3.3333333333333335,1
2023-05-21T09:00,730.1528758129739,490.00736123725335,3.3333333333333335,1
2023-05-21T10:00,723.2427562283427,485.36996326805564,3.3333333333333335,1
2023-05-21T11:00,719.7628190078847,483.0345689812505,3.3333333333333335,1
2023-05-21T12:00,719.7628190078847,483.0345689812505,3.3333333333333335,1
2023-05-21T13:00,720.3439760012405,483.4245848453417,3.3333333333333335,1
2023-05-21T14:00,719.1811923924862,482.6442379526704,3.3333333333333335,1
2023-05-21T15:00,723.2427562283427,485.36996326805564,3.3333333333333335,1
2023-05-21T16:00,724.9764608882598,486.533456659251,3.3333333333333335,1
2023-05-21T17:00,731.8702114878379,491.15986936298214,3.3333333333333335,1
2023-05-21T18:00,744.3429488048012,499.53035354862016,3.3333333333333335,1
2023-05-21T19:00,750.5015888867351,503.66343180568833,3.3333333333333335,1
2023-05-21T20:00,778.4188909652402,522.3988007640318,3.3333333333333335,1
2023-05-21T21:00,782.7077327408648,525.277052854593,3.3333333333333335,1
2023-05-21T22:00,786.4412831470871,527.7826475638684,3.3333333333333335,1
2023-05-21T23:00,791.7443862693472,531.3415728977094,3.3333333333333335,1
2023-05-22T00:00,794.3826621122338,533.1121261980021,3.3333333333333335,1
2023-05-22T01:00,795.43552229877,533.8187032161121,3.3333333333333335,1
2023-05-22T02:00,794.3826621122338,533.1121261980021,3.3333333333333335,1
2023-05-22T03:00,794.3826621122338,533.1121261980021,3.3333333333333335,1
2023-05-22T04:00,794.3826621122338,533.1121261980021,3.3333333333333335,1
2023-05-22T05:00,795.43552229877,533.8187032161121,3.3333333333333335,1
2023-05-22T06:00,795.43552229877,533.8187032161121,3.3333333333333335,1
2023-05-22T07:00,793.8557083812022,532.7584862743774,3.3333333333333335,1
2023-05-22T08:00,792.2727442769466,531.6961552347359,3.3333333333333335,1
2023-05-22T09:00,783.2421867005402,525.635726199804,3.3333333333333335,1
2023-05-22T10:00,781.6377285048026,524.5589704233736,3.3333333333333335,1
2023-05-22T11:00,776.2655842372243,520.9537114098952,3.3333333333333335,1
2023-05-22T12:00,764.3139657882648,512.9329513571892,3.3333333333333335,1
2023-05-22T13:00,761.5715315211636,511.09249708644126,3.3333333333333335,1
2023-05-22T14:00,760.4717886636512,510.35445699442744,3.3333333333333335,1
2023-05-22T15:00,757.1629762096796,508.1339049523715,3.3333333333333335,1
2023-05-22T16:00,757.1629762096796,508.1339049523715,3.3333333333333335,1
2023-05-22T17:00,758.2675179729761,508.8751656016658,3.3333333333333335,1
2023-05-22T18:00,762.1208078504283,511.4611177597399,3.3333333333333335,1
2023-05-22T19:00,765.4081882036425,513.6672866671321,3.3333333333333335,1
2023-05-22T20:00,775.7263236065025,520.5918122961174,3.3333333333333335,1
2023-05-22T21:00,776.8044705112463,521.3153592919864,3.3333333333333335,1
2023-05-22T22:00,778.9562875711661,522.75944892626,3.3333333333333335,1
2023-05-22T23:00,778.4188909652402,522.3988007640318,3.3333333333333335,1
2023-05-23T00:00,780.5662575028142,523.8399036419931,3.3333333333333335,1
2023-05-23T01:00,783.7762762182476,525.9941549671288,3.3333333333333335,1
2023-05-23T02:00,788.0359612627672,528.8528399049136,3.3333333333333335,1
2023-05-23T03:00,789.097289637679,529.5650999447275,3.3333333333333335,1
2023-05-23T04:00,789.097289637679,529.5650999447275,3.3333333333333335,1
2023-05-23T05:00,791.7443862693472,531.3415728977094,3.3333333333333335,1
2023-05-23T06:00,786.9732015597073,528.1396192973172,3.3333333333333335,1
2023-05-23T07:00,780.5662575028142,523.8399036419931,3.3333333333333335,1
2023-05-23T08:00,775.7263236065025,520.5918122961174,3.3333333333333335,1
2023-05-23T09:00,768.1369248022625,515.498548399427,3.3333333333333335,1
2023-05-23T10:00,761.021858745458,510.7236103569772,3.3333333333333335,1
2023-05-23T11:00,757.1629762096796,508.1339049523715,3.3333333333333335,1
2023-05-23T12:00,755.5031357561685,507.01998200877654,3.3333333333333335,1
2023-05-23T13:00,752.7286014639734,505.15798533353643,3.3333333333333335,1
2023-05-23T14:00,753.8396405948065,505.9036063819021,3.3333333333333335,1
2023-05-23T15:00,752.1724664774764,504.7847617987778,3.3333333333333335,1
2023-05-23T16:00,757.1629762096796,508.1339049523715,3.3333333333333335,1
2023-05-23T17:00,765.4081882036425,513.6672866671321,3.3333333333333335,1
2023-05-23T18:00,765.9547132202276,514.034060927836,3.3333333333333335,1
2023-05-23T19:00,765.9547132202276,514.034060927836,3.3333333333333335,1
2023-05-23T20:00,775.7263236065025,520.5918122961174,3.3333333333333335,1
2023-05-23T21:00,776.2655842372243,520.9537114098952,3.3333333333333335,1
2023-05-23T22:00,776.2655842372243,520.9537114098952,3.3333333333333335,1
2023-05-23T23:00,776.2655842372243,520.9537114098952,3.3333333333333335,1
2023-05-24T00:00,776.2655842372243,520.9537114098952,3.3333333333333335,1
2023-05-24T01:00,777.3429832071276,521.6767564648836,3.3333333333333335,1
2023-05-24T02:00,778.4188909652402,522.3988007640318,3.3333333333333335,1
2023-05-24T03:00,778.9562875711661,522.75944892626,3.3333333333333335,1
2023-05-24T04:00,778.9562875711661,522.75944892626,3.3333333333333335,1
2023-05-24T05:00,779.4933136863665,523.1198484512661,3.3333333333333335,1
2023-05-24T06:00,781.6377285048026,524.5589704233736,3.3333333333333335,1
2023-05-24T07:00,779.4933136863665,523.1198484512661,3.3333333333333335,1
2023-05-24T08:00,774.1062877478543,519.5046023124244,3.3333333333333335,1
2023-05-24T09:00,766.5008485575082,514.4005736738158,3.3333333333333335,1
2023-05-24T10:00,761.021858745458,510.7236103569772,3.3333333333333335,1
2023-05-24T11:00,755.5031357561685,507.01998200877654,3.3333333333333335,1
2023-05-24T12:00,749.9438024188314,503.28909995776263,3.3333333333333335,1
2023-05-24T13:00,746.0276200253737,500.66094048005687,3.3333333333333335,1
2023-05-24T14:00,746.0276200253737,500.66094048005687,3.3333333333333335,1
2023-05-24T15:00,745.4664859707809,500.2843620586061,3.3333333333333335,1
2023-05-24T16:00,745.4664859707809,500.2843620586061,3.3333333333333335,1
2023-05-24T17:00,746.5883323330348,501.0372358661216,3.3333333333333335,1
2023-05-24T18:00,747.1486238432893,501.4132488540287,3.3333333333333335,1
2023-05-24T19:00,749.9438024188314,503.28909995776263,3.3333333333333335,1
2023-05-24T20:00,764.8612726724264,513.3002503311149,3.3333333333333335,1
2023-05-24T21:00,769.7695237212065,516.5941894832752,3.3333333333333335,1
2023-05-24T22:00,773.5655218503891,519.1416930104937,3.3333333333333335,1
2023-05-24T23:00,773.0243776625457,518.778529836975,3.3333333333333335,1
2023-05-25T00:00,774.1062877478543,519.5046023124244,3.3333333333333335,1
2023-05-25T01:00,775.7263236065025,520.5918122961174,3.3333333333333335,1
2023-05-25T02:00,778.4188909652402,522.3988007640318,3.3333333333333335,1
2023-05-25T03:00,778.9562875711661,522.75944892626,3.3333333333333335,1
2023-05-25T04:00,779.4933136863665,523.1198484512661,3.3333333333333335,1
2023-05-25T05:00,776.8044705112463,521.3153592919864,3.3333333333333335,1
2023-05-25T06:00,774.1062877478543,519.5046023124244,3.3333333333333335,1
2023-05-25T07:00,768.1369248022625,515.498548399427,3.3333333333333335,1
2023-05-25T08:00,760.4717886636512,510.35445699442744,3.3333333333333335,1
2023-05-25T09:00,751.6159199961851,504.4112621088672,3.3333333333333335,1
2023-05-25T10:00,743.7805437764072,499.1529221735768,3.3333333333333335,1
2023-05-25T11:00,736.4301946172787,494.22008507199496,3.3333333333333335,1
2023-05-25T12:00,731.8702114878379,491.15986936298214,3.3333333333333335,1
2023-05-25T13:00,728.4314913927456,488.8521359887164,3.3333333333333335,1
2023-05-25T14:00,725.5534418477838,486.9206699769356,3.3333333333333335,1
2023-05-25T15:00,725.5534418477838,486.9206699769356,3.3333333333333335,1
2023-05-25T16:00,723.2427562283427,485.36996326805564,3.3333333333333335,1
2023-05-25T17:00,721.5048856601552,484.20367412574234,3.3333333333333335,1
2023-05-25T18:00,727.2816382822145,488.08046678468236,3.3333333333333335,1
2023-05-25T19:00,734.7235174803831,493.0747299168802,3.3333333333333335,1
2023-05-25T20:00,748.8269830316062,502.5395997653495,3.3333333333333335,1
2023-05-25T21:00,748.267948251907,502.16443017235815,3.3333333333333335,1
2023-05-25T22:00,748.8269830316062,502.5395997653495,3.3333333333333335,1
2023-05-25T23:00,749.385600776607,502.914489485346,3.3333333333333335,1
2023-05-26T00:00,748.8269830316062,502.5395997653495,3.3333333333333335,1
2023-05-26T01:00,751.0589611053268,504.0374856498987,3.3333333333333335,1
2023-05-26T02:00,753.2843258670713,505.5309333247828,3.3333333333333335,1
2023-05-26T03:00,754.3945465518728,506.2760051120367,3.3333333333333335,1
2023-05-26T04:00,753.2843258670713,505.5309333247828,3.3333333333333335,1
2023-05-26T05:00,754.3945465518728,506.2760051120367,3.3333333333333335,1
2023-05-26T06:00,754.3945465518728,506.2760051120367,3.3333333333333335,1
2023-05-26T07:00,752.7286014639734,505.15798533353643,3.3333333333333335,1
2023-05-26T08:00,753.2843258670713,505.5309333247828,3.3333333333333335,1
2023-05-26T09:00,752.1724664774764,504.7847617987778,3.3333333333333335,1
2023-05-26T10:00,748.267948251907,502.16443017235815,3.3333333333333335,1
2023-05-26T11:00,743.2177131670297,498.775205190106,3.3333333333333335,1
2023-05-26T12:00,739.8317378665478,496.50286897509585,3.3333333333333335,1
2023-05-26T13:00,736.9982087353686,494.6012807207018,3.3333333333333335,1
2023-05-26T14:00,732.4417619158204,491.5434382378125,3.3333333333333335,1
2023-05-26T15:00,731.2982143613874,490.77600070772934,3.3333333333333335,1
2023-05-26T16:00,727.2816382822145,488.08046678468236,3.3333333333333335,1
2023-05-26T17:00,726.7060294557649,487.6941743088232,3.3333333333333335,1
2023-05-26T18:00,727.2816382822145,488.08046678468236,3.3333333333333335,1
2023-05-26T19:00,734.7235174803831,493.0747299168802,3.3333333333333335,1
2023-05-26T20:00,740.3971424105681,496.88231333233193,3.3333333333333335,1
2023-05-26T21:00,741.5266581586482,497.64033408322797,3.3333333333333335,1
2023-05-26T22:00,745.4664859707809,500.2843620586061,3.3333333333333335,1
2023-05-26T23:00,747.7084955021039,501.7889800786189,3.3333333333333335,1
2023-05-27T00:00,748.8269830316062,502.5395997653495,3.3333333333333335,1
2023-05-27T01:00,748.8269830316062,502.5395997653495,3.3333333333333335,1
2023-05-27T02:00,747.7084955021039,501.7889800786189,3.3333333333333335,1
2023-05-27T03:00,747.7084955021039,501.7889800786189,3.3333333333333335,1
2023-05-27T04:00,748.267948251907,502.16443017235815,3.3333333333333335,1
2023-05-27T05:00,748.267948251907,502.16443017235815,3.3333333333333335,1
2023-05-27T06:00,746.5883323330348,501.0372358661216,3.3333333333333335,1
2023-05-27T07:00,742.6544560090717,498.39720194885103,3.3333333333333335,1
2023-05-27T08:00,737.5657854145899,494.9821828031258,3.3333333333333335,1
2023-05-27T09:00,727.8567919017867,488.4664537701048,3.3333333333333335,1
2023-05-27T10:00,720.3439760012405,483.4245848453417,3.3333333333333335,1
2023-05-27T11:00,713.3388438463799,478.72342371042237,3.3333333333333335,1
2023-05-27T12:00,707.448248841639,474.7702311530739,3.3333333333333335,1
2023-05-27T13:00,702.700220370188,471.5838177601464,3.3333333333333335,1
2023-05-27T14:00,700.3141346338195,469.9825098503995,3.3333333333333335,1
2023-05-27T15:00,708.0395136743432,475.1670304126032,3.3333333333333335,1
2023-05-27T16:00,714.5111352598275,479.51015131382326,3.3333333333333335,1
2023-05-27T17:00,718.5990950147234,482.2535909943288,3.3333333333333335,1
2023-05-27T18:00,719.7628190078847,483.0345689812505,3.3333333333333335,1
2023-05-27T19:00,724.9764608882598,486.533456659251,3.3333333333333335,1
2023-05-27T20:00,730.1528758129739,490.00736123725335,3.3333333333333335,1
2023-05-27T21:00,726.7060294557649,487.6941743088232,3.3333333333333335,1
2023-05-27T22:00,730.1528758129739,490.00736123725335,3.3333333333333335,1
2023-05-27T23:00,731.2982143613874,490.77600070772934,3.3333333333333335,1
2023-05-28T00:00,735.2928500086516,493.45681035384735,3.3333333333333335,1
2023-05-28T01:00,738.1329256640295,495.3627919964675,3.3333333333333335,1
2023-05-28T02:00,736.9982087353686,494.6012807207018,3.3333333333333335,1
2023-05-28T03:00,738.6996304889008,495.74310897532814,3.3333333333333335,1
2023-05-28T04:00,740.3971424105681,496.88231333233193,3.3333333333333335,1
2023-05-28T05:00,742.0907713312647,498.01891179799117,3.3333333333333335,1
2023-05-28T06:00,739.2659008905641,496.123134411723,3.3333333333333335,1
2023-05-28T07:00,734.7235174803831,493.0747299168802,3.3333333333333335,1
2023-05-28T08:00,718.0165257296524,481.8626273378512,3.3333333333333335,1
2023-05-28T09:00,708.0395136743432,475.1670304126032,3.3333333333333335,1
2023-05-28T10:00,699.7163418363307,469.5813296579117,3.3333333333333335,1
2023-05-28T11:00,696.1188046750524,467.1670137663415,3.3333333333333335,1
2023-05-28T12:00,691.8980367630277,464.33444621031657,3.3333333333333335,1
2023-05-28T13:00,689.4745685927339,462.70805085873235,3.3333333333333335,1
2023-05-28T14:00,686.4332014556423,460.6669820157991,3.3333333333333335,1
2023-05-28T15:00,690.6873656049705,463.5219618674657,3.3333333333333335,1
2023-05-28T16:00,691.8980367630277,464.33444621031657,3.3333333333333335,1
2023-05-28T17:00,695.51740602743,466.76341367910635,3.3333333333333335,1
2023-05-28T18:00,708.0395136743432,475.1670304126032,3.3333333333333335,1
2023-05-28T19:00,720.9246645082791,483.814286307132,3.3333333333333335,1
2023-05-28T20:00,725.5534418477838,486.9206699769356,3.3333333333333335,1
2023-05-28T21:00,726.1299643398999,487.3075756160336,3.3333333333333335,1
2023-05-28T22:00,732.4417619158204,491.5434382378125,3.3333333333333335,1
2023-05-28T23:00,735.8617420473389,493.8385951771909,3.3333333333333335,1
2023-05-29T00:00,737.5657854145899,494.9821828031258,3.3333333333333335,1
2023-05-29T01:00,738.1329256640295,495.3627919964675,3.3333333333333335,1
2023-05-29T02:00,740.3971424105681,496.88231333233193,3.3333333333333335,1
2023-05-29T03:00,742.0907713312647,498.01891179799117,3.3333333333333335,1
2023-05-29T04:00,744.3429488048012,499.53035354862016,3.3333333333333335,1
2023-05-29T05:00,746.5883323330348,501.0372358661216,3.3333333333333335,1
2023-05-29T06:00,748.8269830316062,502.5395997653495,3.3333333333333335,1
2023-05-29T07:00,746.0276200253737,500.66094048005687,3.3333333333333335,1
2023-05-29T08:00,743.7805437764072,499.1529221735768,3.3333333333333335,1
2023-05-29T09:00,734.7235174803831,493.0747299168802,3.3333333333333335,1
2023-05-29T10:00,725.5534418477838,486.9206699769356,3.3333333333333335,1
2023-05-29T11:00,713.3388438463799,478.72342371042237,3.3333333333333335,1
2023-05-29T12:00,706.856489433324,474.3730999826558,3.3333333333333335,1
2023-05-29T13:00,703.8902300632597,472.3824361438643,3.3333333333333335,1
2023-05-29T14:00,702.700220370188,471.5838177601464,3.3333333333333335,1
2023-05-29T15:00,700.3141346338195,469.9825098503995,3.3333333333333335,1
2023-05-29T16:00,699.7163418363307,469.5813296579117,3.3333333333333335,1
2023-05-29T17:00,701.5081919964393,470.78384463494274,3.3333333333333335,1
2023-05-29T18:00,706.2642342062239,473.97563606705165,3.3333333333333335,1
2023-05-29T19:00,713.9252301713316,479.11694899159755,3.3333333333333335,1
2023-05-29T20:00,723.2427562283427,485.36996326805564,3.3333333333333335,1
2023-05-29T21:00,731.2982143613874,490.77600070772934,3.3333333333333335,1
2023-05-29T22:00,734.7235174803831,493.0747299168802,3.3333333333333335,1
2023-05-29T23:00,736.4301946172787,494.22008507199496,3.3333333333333335,1
2023-05-30T00:00,737.5657854145899,494.9821828031258,3.3333333333333335,1
2023-05-30T01:00,739.8317378665478,496.50286897509585,3.3333333333333335,1
2023-05-30T02:00,741.5266581586482,497.64033408322797,3.3333333333333335,1
2023-05-30T03:00,743.2177131670297,498.775205190106,3.3333333333333335,1
2023-05-30T04:00,744.9049292161556,499.90749996214095,3.3333333333333335,1
2023-05-30T05:00,748.267948251907,502.16443017235815,3.3333333333333335,1
2023-05-30T06:00,748.8269830316062,502.5395997653495,3.3333333333333335,1
2023-05-30T07:00,746.5883323330348,501.0372358661216,3.3333333333333335,1
2023-05-30T08:00,738.6996304889008,495.74310897532814,3.3333333333333335,1
2023-05-30T09:00,734.7235174803831,493.0747299168802,3.3333333333333335,1
2023-05-30T10:00,734.7235174803831,493.0747299168802,3.3333333333333335,1
2023-05-30T11:00,729.5795322806536,489.62258900576427,3.3333333333333335,1
2023-05-30T12:00,727.2816382822145,488.08046678468236,3.3333333333333335,1
2023-05-30T13:00,721.5048856601552,484.20367412574234,3.3333333333333335,1
2023-05-30T14:00,716.2659749112644,480.68782844895424,3.3333333333333335,1
2023-05-30T15:00,714.5111352598275,479.51015131382326,3.3333333333333335,1
2023-05-30T16:00,717.4334833876808,481.47134621174325,3.3333333333333335,1
2023-05-30T17:00,722.0846405834792,484.5927490572435,3.3333333333333335,1
2023-05-30T18:00,724.9764608882598,486.533456659251,3.3333333333333335,1
2023-05-30T19:00,730.7257694874697,490.3918315680682,3.3333333333333335,1
2023-05-30T20:00,740.9621155125502,497.2614681477725,3.3333333333333335,1
2023-05-30T21:00,744.3429488048012,499.53035354862016,3.3333333333333335,1
2023-05-30T22:00,746.5883323330348,501.0372358661216,3.3333333333333335,1
2023-05-30T23:00,748.8269830316062,502.5395997653495,3.3333333333333335,1
2023-05-31T00:00,751.0589611053268,504.0374856498987,3.3333333333333335,1
2023-05-31T01:00,752.7286014639734,505.15798533353643,3.3333333333333335,1
2023-05-31T02:00,754.3945465518728,506.2760051120367,3.3333333333333335,1
2023-05-31T03:00,755.5031357561685,507.01998200877654,3.3333333333333335,1
2023-05-31T04:00,757.1629762096796,508.1339049523715,3.3333333333333335,1
2023-05-31T05:00,758.8191859382553,509.2453913076792,3.3333333333333335,1
2023-05-31T06:00,758.2675179729761,508.8751656016658,3.3333333333333335,1
2023-05-31T07:00,753.8396405948065,505.9036063819021,3.3333333333333335,1
2023-05-31T08:00,746.0276200253737,500.66094048005687,3.3333333333333335,1
2023-05-31T09:00,739.8317378665478,496.50286897509585,3.3333333333333335,1
2023-05-31T10:00,731.2982143613874,490.77600070772934,3.3333333333333335,1
2023-05-31T11:00,727.2816382822145,488.08046678468236,3.3333333333333335,1
2023-05-31T12:00,725.5534418477838,486.9206699769356,3.3333333333333335,1
2023-05-31T13:00,721.5048856601552,484.20367412574234,3.3333333333333335,1
2023-05-31T14:00,718.0165257296524,481.8626273378512,3.3333333333333335,1
2023-05-31T15:00,718.5990950147234,482.2535909943288,3.3333333333333335,1
2023-05-31T16:00,718.0165257296524,481.8626273378512,3.3333333333333335,1
2023-05-31T17:00,719.1811923924862,482.6442379526704,3.3333333333333335,1
2023-05-31T18:00,720.9246645082791,483.814286307132,3.3333333333333335,1
2023-05-31T19:00,727.2816382822145,488.08046678468236,3.3333333333333335,1
2023-05-31T20:00,731.8702114878379,491.15986936298214,3.3333333333333335,1
2023-05-31T21:00,732.4417619158204,491.5434382378125,3.3333333333333335,1
2023-05-31T22:00,734.1537434377407,492.6923531785488,3.3333333333333335,1
2023-05-31T23:00,736.4301946172787,494.22008507199496,3.3333333333333335,1
2023-06-01T00:00,740.3971424105681,496.88231333233193,3.3333333333333335,1
2023-06-01T01:00,743.7805437764072,499.1529221735768,3.3333333333333335,1
2023-06-01T02:00,744.3429488048012,499.53035354862016,3.3333333333333335,1
2023-06-01T03:00,746.0276200253737,500.66094048005687,3.3333333333333335,1
2023-06-01T04:00,747.7084955021039,501.7889800786189,3.3333333333333335,1
2023-06-01T05:00,746.5883323330348,501.0372358661216,3.3333333333333335,1
2023-06-01T06:00,746.0276200253737,500.66094048005687,3.3333333333333335,1
2023-06-01T07:00,743.7805437764072,499.1529221735768,3.3333333333333335,1
2023-06-01T08:00,735.2928500086516,493.45681035384735,3.3333333333333335,1
2023-06-01T09:00,728.4314913927456,488.8521359887164,3.3333333333333335,1
2023-06-01T10:00,722.6639304003426,484.98151185467384,3.3333333333333335,1
2023-06-01T11:00,716.2659749112644,480.68782844895424,3.3333333333333335,1
2023-06-01T12:00,711.5767855507888,477.54090212573726,3.3333333333333335,1
2023-06-01T13:00,708.630285169424,475.56349859206006,3.3333333333333335,1
2023-06-01T14:00,706.2642342062239,473.97563606705165,3.3333333333333335,1
2023-06-01T15:00,705.6714819119483,473.5778385684635,3.3333333333333335,1
2023-06-01T16:00,705.0782312968585,473.1797066455715,3.3333333333333335,1
2023-06-01T17:00,706.856489433324,474.3730999826558,3.3333333333333335,1
2023-06-01T18:00,713.9252301713316,479.11694899159755,3.3333333333333335,1
2023-06-01T19:00,724.3990203658255,486.1459349277856,3.3333333333333335,1
2023-06-01T20:00,730.7257694874697,490.3918315680682,3.3333333333333335,1
2023-06-01T21:00,736.4301946172787,494.22008507199496,3.3333333333333335,1
2023-06-01T22:00,740.9621155125502,497.2614681477725,3.3333333333333335,1
2023-06-01T23:00,742.0907713312647,498.01891179799117,3.3333333333333335,1
2023-06-02T00:00,743.7805437764072,499.1529221735768,3.3333333333333335,1
2023-06-02T01:00,747.7084955021039,501.7889800786189,3.3333333333333335,1
2023-06-02T02:00,751.0589611053268,504.0374856498987,3.3333333333333335,1
2023-06-02T03:00,752.7286014639734,505.15798533353643,3.3333333333333335,1
2023-06-02T04:00,753.8396405948065,505.9036063819021,3.3333333333333335,1
2023-06-02T05:00,754.3945465518728,506.2760051120367,3.3333333333333335,1
2023-06-02T06:00,751.0589611053268,504.0374856498987,3.3333333333333335,1
2023-06-02T07:00,743.2177131670297,498.775205190106,3.3333333333333335,1
2023-06-02T08:00,735.8617420473389,493.8385951771909,3.3333333333333335,1
2023-06-02T09:00,728.4314913927456,488.8521359887164,3.3333333333333335,1
2023-06-02T10:00,720.9246645082791,483.814286307132,3.3333333333333335,1
2023-06-02T11:00,714.5111352598275,479.51015131382326,3.3333333333333335,1
2023-06-02T12:00,712.1646227312139,477.9354010795303,3.3333333333333335,1
2023-06-02T13:00,706.2642342062239,473.97563606705165,3.3333333333333335,1
2023-06-02T14:00,701.5081919964393,470.78384463494274,3.3333333333333335,1
2023-06-02T15:00,705.6714819119483,473.5778385684635,3.3333333333333335,1
2023-06-02T16:00,702.1044591606096,471.18400097121975,3.3333333333333335,1
2023-06-02T17:00,706.856489433324,474.3730999826558,3.3333333333333335,1
2023-06-02T18:00,714.5111352598275,479.51015131382326,3.3333333333333335,1
2023-06-02T19:00,723.8211191806087,485.7581040444124,3.3333333333333335,1
2023-06-02T20:00,731.8702114878379,491.15986936298214,3.3333333333333335,1
2023-06-02T21:00,734.7235174803831,493.0747299168802,3.3333333333333335,1
2023-06-02T22:00,738.1329256640295,495.3627919964675,3.3333333333333335,1
2023-06-02T23:00,743.7805437764072,499.1529221735768,3.3333333333333335,1
2023-06-03T00:00,751.0589611053268,504.0374856498987,3.3333333333333335,1
2023-06-03T01:00,757.7154483563066,508.5046703464327,3.3333333333333335,1
2023-06-03T02:00,757.1629762096796,508.1339049523715,3.3333333333333335,1
2023-06-03T03:00,757.7154483563066,508.5046703464327,3.3333333333333335,1
2023-06-03T04:00,757.1629762096796,508.1339049523715,3.3333333333333335,1
2023-06-03T05:00,757.7154483563066,508.5046703464327,3.3333333333333335,1
2023-06-03T06:00,758.2675179729761,508.8751656016658,3.3333333333333335,1
2023-06-03T07:00,757.7154483563066,508.5046703464327,3.3333333333333335,1
2023-06-03T08:00,752.1724664774764,504.7847617987778,3.3333333333333335,1
2023-06-03T09:00,747.1486238432893,501.4132488540287,3.3333333333333335,1
2023-06-03T10:00,737.5657854145899,494.9821828031258,3.3333333333333335,1
2023-06-03T11:00,732.4417619158204,491.5434382378125,3.3333333333333335,1
2023-06-03T12:00,726.7060294557649,487.6941743088232,3.3333333333333335,1
2023-06-03T13:00,723.2427562283427,485.36996326805564,3.3333333333333335,1
2023-06-03T14:00,720.9246645082791,483.814286307132,3.3333333333333335,1
2023-06-03T15:00,716.8499668345412,481.07974684137326,3.3333333333333335,1
2023-06-03T16:00,716.8499668345412,481.07974684137326,3.3333333333333335,1
2023-06-03T17:00,718.5990950147234,482.2535909943288,3.3333333333333335,1
2023-06-03T18:00,720.3439760012405,483.4245848453417,3.3333333333333335,1
2023-06-03T19:00,727.2816382822145,488.08046678468236,3.3333333333333335,1
2023-06-03T20:00,747.7084955021039,501.7889800786189,3.3333333333333335,1
2023-06-03T21:00,747.1486238432893,501.4132488540287,3.3333333333333335,1
2023-06-03T22:00,746.0276200253737,500.66094048005687,3.3333333333333335,1
2023-06-03T23:00,747.1486238432893,501.4132488540287,3.3333333333333335,1
2023-06-04T00:00,749.9438024188314,503.28909995776263,3.3333333333333335,1
2023-06-04T01:00,751.6159199961851,504.4112621088672,3.3333333333333335,1
2023-06-04T02:00,753.2843258670713,505.5309333247828,3.3333333333333335,1
2023-06-04T03:00,753.8396405948065,505.9036063819021,3.3333333333333335,1
2023-06-04T04:00,758.2675179729761,508.8751656016658,3.3333333333333335,1
2023-06-04T05:00,758.8191859382553,509.2453913076792,3.3333333333333335,1
2023-06-04T06:00,760.4717886636512,510.35445699442744,3.3333333333333335,1
2023-06-04T07:00,758.8191859382553,509.2453913076792,3.3333333333333335,1
2023-06-04T08:00,753.8396405948065,505.9036063819021,3.3333333333333335,1
2023-06-04T09:00,748.267948251907,502.16443017235815,3.3333333333333335,1
2023-06-04T10:00,740.9621155125502,497.2614681477725,3.3333333333333335,1
2023-06-04T11:00,733.0128666902446,491.92670803346175,3.3333333333333335,1
2023-06-04T12:00,726.1299643398999,487.3075756160336,3.3333333333333335,1
2023-06-04T13:00,723.2427562283427,485.36996326805564,3.3333333333333335,1
2023-06-04T14:00,719.7628190078847,483.0345689812505,3.3333333333333335,1
2023-06-04T15:00,719.1811923924862,482.6442379526704,3.3333333333333335,1
2023-06-04T16:00,718.0165257296524,481.8626273378512,3.3333333333333335,1
2023-06-04T17:00,722.6639304003426,484.98151185467384,3.3333333333333335,1
2023-06-04T18:00,729.0057378291054,489.23751416129056,3.3333333333333335,1
2023-06-04T19:00,735.2928500086516,493.45681035384735,3.3333333333333335,1
2023-06-04T20:00,754.3945465518728,506.2760051120367,3.3333333333333335,1
2023-06-04T21:00,756.6101006513204,507.76286882772075,3.3333333333333335,1
2023-06-04T22:00,758.8191859382553,509.2453913076792,3.3333333333333335,1
2023-06-04T23:00,759.9213204129716,509.98503641978397,3.3333333333333335,1
2023-06-05T00:00,759.9213204129716,509.98503641978397,3.3333333333333335,1
2023-06-05T01:00,761.021858745458,510.7236103569772,3.3333333333333335,1
2023-06-05T02:00,762.6696885898169,511.8294729517157,3.3333333333333335,1
2023-06-05T03:00,764.8612726724264,513.3002503311149,3.3333333333333335,1
2023-06-05T04:00,767.046595047836,514.766825463665,3.3333333333333335,1
2023-06-05T05:00,768.1369248022625,515.498548399427,3.3333333333333335,1
2023-06-05T06:00,769.7695237212065,516.5941894832752,3.3333333333333335,1
2023-06-05T07:00,770.3129544445375,516.9588871562908,3.3333333333333335,1
2023-06-05T08:00,769.7695237212065,516.5941894832752,3.3333333333333335,1
2023-06-05T09:00,764.3139657882648,512.9329513571892,3.3333333333333335,1
2023-06-05T10:00,764.8612726724264,513.3002503311149,3.3333333333333335,1
2023-06-05T11:00,765.9547132202276,514.034060927836,3.3333333333333335,1
2023-06-05T12:00,768.1369248022625,515.498548399427,3.3333333333333335,1
2023-06-05T13:00,768.1369248022625,515.498548399427,3.3333333333333335,1
2023-06-05T14:00,765.4081882036425,513.6672866671321,3.3333333333333335,1
2023-06-05T15:00,759.3704531275202,509.6153480519399,3.3333333333333335,1
2023-06-05T16:00,757.7154483563066,508.5046703464327,3.3333333333333335,1
2023-06-05T17:00,756.6101006513204,507.76286882772075,3.3333333333333335,1
2023-06-05T18:00,755.5031357561685,507.01998200877654,3.3333333333333335,1
2023-06-05T19:00,756.6101006513204,507.76286882772075,3.3333333333333335,1
2023-06-05T20:00,762.6696885898169,511.8294729517157,3.3333333333333335,1
2023-06-05T21:00,764.3139657882648,512.9329513571892,3.3333333333333335,1
2023-06-05T22:00,764.3139657882648,512.9329513571892,3.3333333333333335,1
2023-06-05T23:00,766.5008485575082,514.4005736738158,3.3333333333333335,1
2023-06-06T00:00,766.5008485575082,514.4005736738158,3.3333333333333335,1
2023-06-06T01:00,768.1369248022625,515.498548399427,3.3333333333333335,1
2023-06-06T02:00,769.2257090834096,516.2292341643328,3.3333333333333335,1
2023-06-06T03:00,769.2257090834096,516.2292341643328,3.3333333333333335,1
2023-06-06T04:00,770.3129544445375,516.9588871562908,3.3333333333333335,1
2023-06-06T05:00,771.3986673927234,517.6875117422165,3.3333333333333335,1
2023-06-06T06:00,770.3129544445375,516.9588871562908,3.3333333333333335,1
2023-06-06T07:00,766.5008485575082,514.4005736738158,3.3333333333333335,1
2023-06-06T08:00,762.1208078504283,511.4611177597399,3.3333333333333335,1
2023-06-06T09:00,758.8191859382553,509.2453913076792,3.3333333333333335,1
2023-06-06T10:00,755.5031357561685,507.01998200877654,3.3333333333333335,1
2023-06-06T11:00,747.7084955021039,501.7889800786189,3.3333333333333335,1
2023-06-06T12:00,740.3971424105681,496.88231333233193,3.3333333333333335,1
2023-06-06T13:00,734.1537434377407,492.6923531785488,3.3333333333333335,1
2023-06-06T14:00,730.1528758129739,490.00736123725335,3.3333333333333335,1
2023-06-06T15:00,729.0057378291054,489.23751416129056,3.3333333333333335,1
2023-06-06T16:00,727.8567919017867,488.4664537701048,3.3333333333333335,1
2023-06-06T17:00,729.0057378291054,489.23751416129056,3.3333333333333335,1
2023-06-06T18:00,731.8702114878379,491.15986936298214,3.3333333333333335,1
2023-06-06T19:00,742.0907713312647,498.01891179799117,3.3333333333333335,1
2023-06-06T20:00,751.6159199961851,504.4112621088672,3.3333333333333335,1
2023-06-06T21:00,748.8269830316062,502.5395997653495,3.3333333333333335,1
2023-06-06T22:00,751.6159199961851,504.4112621088672,3.3333333333333335,1
2023-06-06T23:00,757.1629762096796,508.1339049523715,3.3333333333333335,1
2023-06-07T00:00,759.3704531275202,509.6153480519399,3.3333333333333335,1
2023-06-07T01:00,756.6101006513204,507.76286882772075,3.3333333333333335,1
2023-06-07T02:00,755.5031357561685,507.01998200877654,3.3333333333333335,1
2023-06-07T03:00,759.9213204129716,509.98503641978397,3.3333333333333335,1
2023-06-07T04:00,762.6696885898169,511.8294729517157,3.3333333333333335,1
2023-06-07T05:00,759.9213204129716,509.98503641978397,3.3333333333333335,1
2023-06-07T06:00,759.3704531275202,509.6153480519399,3.3333333333333335,1
2023-06-07T07:00,750.5015888867351,503.66343180568833,3.3333333333333335,1
2023-06-07T08:00,742.6544560090717,498.39720194885103,3.3333333333333335,1
2023-06-07T09:00,735.2928500086516,493.45681035384735,3.3333333333333335,1
2023-06-07T10:00,729.5795322806536,489.62258900576427,3.3333333333333335,1
2023-06-07T11:00,724.3990203658255,486.1459349277856,3.3333333333333335,1
2023-06-07T12:00,720.3439760012405,483.4245848453417,3.3333333333333335,1
2023-06-07T13:00,718.0165257296524,481.8626273378512,3.3333333333333335,1
2023-06-07T14:00,716.8499668345412,481.07974684137326,3.3333333333333335,1
2023-06-07T15:00,714.5111352598275,479.51015131382326,3.3333333333333335,1
2023-06-07T16:00,715.6815064541526,480.2955902535258,3.3333333333333335,1
2023-06-07T17:00,715.0965602947524,479.903031470936,3.3333333333333335,1
2023-06-07T18:00,717.4334833876808,481.47134621174325,3.3333333333333335,1
2023-06-07T19:00,726.1299643398999,487.3075756160336,3.3333333333333335,1
2023-06-07T20:00,739.2659008905641,496.123134411723,3.3333333333333335,1
2023-06-07T21:00,743.2177131670297,498.775205190106,3.3333333333333335,1
2023-06-07T22:00,740.3971424105681,496.88231333233193,3.3333333333333335,1
2023-06-07T23:00,741.5266581586482,497.64033408322797,3.3333333333333335,1
2023-06-08T00:00,740.3971424105681,496.88231333233193,3.3333333333333335,1
2023-06-08T01:00,746.5883323330348,501.0372358661216,3.3333333333333335,1
2023-06-08T02:00,747.1486238432893,501.4132488540287,3.3333333333333335,1
2023-06-08T03:00,747.7084955021039,501.7889800786189,3.3333333333333335,1
2023-06-08T04:00,753.8396405948065,505.9036063819021,3.3333333333333335,1
2023-06-08T05:00,755.5031357561685,507.01998200877654,3.3333333333333335,1
2023-06-08T06:00,754.9490446396396,506.6481301200978,3.3333333333333335,1
2023-06-08T07:00,745.4664859707809,500.2843620586061,3.3333333333333335,1
2023-06-08T08:00,735.2928500086516,493.45681035384735,3.3333333333333335,1
2023-06-08T09:00,727.2816382822145,488.08046678468236,3.3333333333333335,1
2023-06-08T10:00,720.9246645082791,483.814286307132,3.3333333333333335,1
2023-06-08T11:00,714.5111352598275,479.51015131382326,3.3333333333333335,1
2023-06-08T12:00,708.630285169424,475.56349859206006,3.3333333333333335,1
2023-06-08T13:00,702.700220370188,471.5838177601464,3.3333333333333335,1
2023-06-08T14:00,700.9114175864269,470.3833478847539,3.3333333333333335,1
2023-06-08T15:00,699.7163418363307,469.5813296579117,3.3333333333333335,1
2023-06-08T16:00,701.5081919964393,470.78384463494274,3.3333333333333335,1
2023-06-08T17:00,702.1044591606096,471.18400097121975,3.3333333333333335,1
2023-06-08T18:00,706.856489433324,474.3730999826558,3.3333333333333335,1
2023-06-08T19:00,715.0965602947524,479.903031470936,3.3333333333333335,1
2023-06-08T20:00,721.5048856601552,484.20367412574234,3.3333333333333335,1
2023-06-08T21:00,727.8567919017867,488.4664537701048,3.3333333333333335,1
2023-06-08T22:00,733.5835268519523,492.30967944844156,3.3333333333333335,1
2023-06-08T23:00,732.4417619158204,491.5434382378125,3.3333333333333335,1
2023-06-09T00:00,731.8702114878379,491.15986936298214,3.3333333333333335,1
2023-06-09T01:00,736.4301946172787,494.22008507199496,3.3333333333333335,1
2023-06-09T02:00,744.3429488048012,499.53035354862016,3.3333333333333335,1
2023-06-09T03:00,746.0276200253737,500.66094048005687,3.3333333333333335,1
2023-06-09T04:00,748.267948251907,502.16443017235815,3.3333333333333335,1
2023-06-09T05:00,748.267948251907,502.16443017235815,3.3333333333333335,1
2023-06-09T06:00,745.4664859707809,500.2843620586061,3.3333333333333335,1
2023-06-09T07:00,734.7235174803831,493.0747299168802,3.3333333333333335,1
2023-06-09T08:00,727.2816382822145,488.08046678468236,3.3333333333333335,1
2023-06-09T09:00,717.4334833876808,481.47134621174325,3.3333333333333335,1
2023-06-09T10:00,709.8103530729155,476.35544501674104,3.3333333333333335,1
2023-06-09T11:00,703.2954769109565,471.98329586461375,3.3333333333333335,1
2023-06-09T12:00,697.9198912679881,468.37572733578617,3.3333333333333335,1
2023-06-09T13:00,693.7100818654926,465.55051406201557,3.3333333333333335,1
2023-06-09T14:00,690.6873656049705,463.5219618674657,3.3333333333333335,1
2023-06-09T15:00,689.4745685927339,462.70805085873235,3.3333333333333335,1
2023-06-09T16:00,688.8673693832782,462.3005580004189,3.3333333333333335,1
2023-06-09T17:00,690.6873656049705,463.5219618674657,3.3333333333333335,1
2023-06-09T18:00,699.1180378861054,469.179806429586,3.3333333333333335,1
2023-06-09T19:00,708.0395136743432,475.1670304126032,3.3333333333333335,1
2023-06-09T20:00,713.3388438463799,478.72342371042237,3.3333333333333335,1
2023-06-09T21:00,716.8499668345412,481.07974684137326,3.3333333333333335,1
2023-06-09T22:00,719.7628190078847,483.0345689812505,3.3333333333333335,1
2023-06-09T23:00,723.8211191806087,485.7581040444124,3.3333333333333335,1
2023-06-10T00:00,727.2816382822145,488.08046678468236,3.3333333333333335,1
2023-06-10T01:00,731.2982143613874,490.77600070772934,3.3333333333333335,1
2023-06-10T02:00,733.5835268519523,492.30967944844156,3.3333333333333335,1
2023-06-10T03:00,734.7235174803831,493.0747299168802,3.3333333333333335,1
2023-06-10T04:00,736.4301946172787,494.22008507199496,3.3333333333333335,1
2023-06-10T05:00,738.1329256640295,495.3627919964675,3.3333333333333335,1
2023-06-10T06:00,735.8617420473389,493.8385951771909,3.3333333333333335,1
2023-06-10T07:00,728.4314913927456,488.8521359887164,3.3333333333333335,1
2023-06-10T08:00,720.3439760012405,483.4245848453417,3.3333333333333335,1
2023-06-10T09:00,713.3388438463799,478.72342371042237,3.3333333333333335,1
2023-06-10T10:00,705.6714819119483,473.5778385684635,3.3333333333333335,1
2023-06-10T11:00,698.5192214696881,468.7779392839591,3.3333333333333335,1
2023-06-10T12:00,691.8980367630277,464.33444621031657,3.3333333333333335,1
2023-06-10T13:00,686.4332014556423,460.6669820157991,3.3333333333333335,1
2023-06-10T14:00,683.3782988836771,458.61682950977917,3.3333333333333335,1
2023-06-10T15:00,682.1525072261705,457.7941977631705,3.3333333333333335,1
2023-06-10T16:00,682.1525072261705,457.7941977631705,3.3333333333333335,1
2023-06-10T17:00,683.3782988836771,458.61682950977917,3.3333333333333335,1
2023-06-10T18:00,689.4745685927339,462.70805085873235,3.3333333333333335,1
2023-06-10T19:00,702.700220370188,471.5838177601464,3.3333333333333335,1
2023-06-10T20:00,702.1044591606096,471.18400097121975,3.3333333333333335,1
2023-06-10T21:00,713.3388438463799,478.72342371042237,3.3333333333333335,1
2023-06-10T22:00,720.9246645082791,483.814286307132,3.3333333333333335,1
2023-06-10T23:00,721.5048856601552,484.20367412574234,3.3333333333333335,1
2023-06-11T00:00,724.3990203658255,486.1459349277856,3.3333333333333335,1
2023-06-11T01:00,715.6815064541526,480.2955902535258,3.3333333333333335,1
2023-06-11T02:00,720.3439760012405,483.4245848453417,3.3333333333333335,1
2023-06-11T03:00,731.2982143613874,490.77600070772934,3.3333333333333335,1
2023-06-11T04:00,725.5534418477838,486.9206699769356,3.3333333333333335,1
2023-06-11T05:00,735.2928500086516,493.45681035384735,3.3333333333333335,1
2023-06-11T06:00,732.4417619158204,491.5434382378125,3.3333333333333335,1
2023-06-11T07:00,729.0057378291054,489.23751416129056,3.3333333333333335,1
2023-06-11T08:00,719.1811923924862,482.6442379526704,3.3333333333333335,1
2023-06-11T09:00,711.5767855507888,477.54090212573726,3.3333333333333335,1
2023-06-11T10:00,706.2642342062239,473.97563606705165,3.3333333333333335,1
2023-06-11T11:00,700.9114175864269,470.3833478847539,3.3333333333333335,1
2023-06-11T12:00,696.1188046750524,467.1670137663415,3.3333333333333335,1
2023-06-11T13:00,691.8980367630277,464.33444621031657,3.3333333333333335,1
2023-06-11T14:00,687.6513624874455,461.4844928310394,3.3333333333333335,1
2023-06-11T15:00,691.8980367630277,464.33444621031657,3.3333333333333335,1
2023-06-11T16:00,699.1180378861054,469.179806429586,3.3333333333333335,1
2023-06-11T17:00,708.0395136743432,475.1670304126032,3.3333333333333335,1
2023-06-11T18:00,711.5767855507888,477.54090212573726,3.3333333333333335,1
2023-06-11T19:00,719.7628190078847,483.0345689812505,3.3333333333333335,1
2023-06-11T20:00,723.8211191806087,485.7581040444124,3.3333333333333335,1
2023-06-11T21:00,720.9246645082791,483.814286307132,3.3333333333333335,1
2023-06-11T22:00,723.2427562283427,485.36996326805564,3.3333333333333335,1
2023-06-11T23:00,729.5795322806536,489.62258900576427,3.3333333333333335,1
2023-06-12T00:00,720.9246645082791,483.814286307132,3.3333333333333335,1
2023-06-12T01:00,729.0057378291054,489.23751416129056,3.3333333333333335,1
2023-06-12T02:00,731.2982143613874,490.77600070772934,3.3333333333333335,1
2023-06-12T03:00,729.5795322806536,489.62258900576427,3.3333333333333335,1
2023-06-12T04:00,730.1528758129739,490.00736123725335,3.3333333333333335,1
2023-06-12T05:00,733.0128666902446,491.92670803346175,3.3333333333333335,1
2023-06-12T06:00,734.7235174803831,493.0747299168802,3.3333333333333335,1
2023-06-12T07:00,731.8702114878379,491.15986936298214,3.3333333333333335,1
2023-06-12T08:00,721.5048856601552,484.20367412574234,3.3333333333333335,1
2023-06-12T09:00,716.8499668345412,481.07974684137326,3.3333333333333335,1
2023-06-12T10:00,712.1646227312139,477.9354010795303,3.3333333333333335,1
2023-06-12T11:00,706.856489433324,474.3730999826558,3.3333333333333335,1
2023-06-12T12:00,715.0965602947524,479.903031470936,3.3333333333333335,1
2023-06-12T13:00,707.448248841639,474.7702311530739,3.3333333333333335,1
2023-06-12T14:00,705.6714819119483,473.5778385684635,3.3333333333333335,1
2023-06-12T15:00,703.2954769109565,471.98329586461375,3.3333333333333335,1
2023-06-12T16:00,706.856489433324,474.3730999826558,3.3333333333333335,1
2023-06-12T17:00,715.0965602947524,479.903031470936,3.3333333333333335,1
2023-06-12T18:00,717.4334833876808,481.47134621174325,3.3333333333333335,1
2023-06-12T19:00,723.2427562283427,485.36996326805564,3.3333333333333335,1
2023-06-12T20:00,725.5534418477838,486.9206699769356,3.3333333333333335,1
2023-06-12T21:00,725.5534418477838,486.9206699769356,3.3333333333333335,1
2023-06-12T22:00,723.2427562283427,485.36996326805564,3.3333333333333335,1
2023-06-12T23:00,737.5657854145899,494.9821828031258,3.3333333333333335,1
2023-06-13T00:00,740.3971424105681,496.88231333233193,3.3333333333333335,1
2023-06-13T01:00,739.2659008905641,496.123134411723,3.3333333333333335,1
2023-06-13T02:00,743.2177131670297,498.775205190106,3.3333333333333335,1
2023-06-13T03:00,744.9049292161556,499.90749996214095,3.3333333333333335,1
2023-06-13T04:00,745.4664859707809,500.2843620586061,3.3333333333333335,1
2023-06-13T05:00,746.0276200253737,500.66094048005687,3.3333333333333335,1
2023-06-13T06:00,746.0276200253737,500.66094048005687,3.3333333333333335,1
2023-06-13T07:00,749.385600776607,502.914489485346,3.3333333333333335,1
2023-06-13T08:00,748.267948251907,502.16443017235815,3.3333333333333335,1
2023-06-13T09:00,748.267948251907,502.16443017235815,3.3333333333333335,1
2023-06-13T10:00,745.4664859707809,500.2843620586061,3.3333333333333335,1
2023-06-13T11:00,739.2659008905641,496.123134411723,3.3333333333333335,1
2023-06-13T12:00,731.2982143613874,490.77600070772934,3.3333333333333335,1
2023-06-13T13:00,724.3990203658255,486.1459349277856,3.3333333333333335,1
2023-06-13T14:00,719.7628190078847,483.0345689812505,3.3333333333333335,1
2023-06-13T15:00,717.4334833876808,481.47134621174325,3.3333333333333335,1
2023-06-13T16:00,716.8499668345412,481.07974684137326,3.3333333333333335,1
2023-06-13T17:00,717.4334833876808,481.47134621174325,3.3333333333333335,1
2023-06-13T18:00,719.1811923924862,482.6442379526704,3.3333333333333335,1
2023-06-13T19:00,735.2928500086516,493.45681035384735,3.3333333333333335,1
2023-06-13T20:00,740.9621155125502,497.2614681477725,3.3333333333333335,1
2023-06-13T21:00,745.4664859707809,500.2843620586061,3.3333333333333335,1
2023-06-13T22:00,748.267948251907,502.16443017235815,3.3333333333333335,1
2023-06-13T23:00,749.385600776607,502.914489485346,3.3333333333333335,1
2023-06-14T00:00,751.6159199961851,504.4112621088672,3.3333333333333335,1
2023-06-14T01:00,752.1724664774764,504.7847617987778,3.3333333333333335,1
2023-06-14T02:00,754.3945465518728,506.2760051120367,3.3333333333333335,1
2023-06-14T03:00,754.9490446396396,506.6481301200978,3.3333333333333335,1
2023-06-14T04:00,757.7154483563066,508.5046703464327,3.3333333333333335,1
2023-06-14T05:00,758.8191859382553,509.2453913076792,3.3333333333333335,1
2023-06-14T06:00,754.9490446396396,506.6481301200978,3.3333333333333335,1
2023-06-14T07:00,747.7084955021039,501.7889800786189,3.3333333333333335,1
2023-06-14T08:00,740.9621155125502,497.2614681477725,3.3333333333333335,1
2023-06-14T09:00,731.8702114878379,491.15986936298214,3.3333333333333335,1
2023-06-14T10:00,723.2427562283427,485.36996326805564,3.3333333333333335,1
2023-06-14T11:00,715.0965602947524,479.903031470936,3.3333333333333335,1
2023-06-14T12:00,708.0395136743432,475.1670304126032,3.3333333333333335,1
2023-06-14T13:00,702.700220370188,471.5838177601464,3.3333333333333335,1
2023-06-14T14:00,699.7163418363307,469.5813296579117,3.3333333333333335,1
2023-06-14T15:00,698.5192214696881,468.7779392839591,3.3333333333333335,1
2023-06-14T16:00,699.1180378861054,469.179806429586,3.3333333333333335,1
2023-06-14T17:00,700.3141346338195,469.9825098503995,3.3333333333333335,1
2023-06-14T18:00,705.0782312968585,473.1797066455715,3.3333333333333335,1
2023-06-14T19:00,717.4334833876808,481.47134621174325,3.3333333333333335,1
2023-06-14T20:00,720.3439760012405,483.4245848453417,3.3333333333333335,1
2023-06-14T21:00,712.1646227312139,477.9354010795303,3.3333333333333335,1
2023-06-14T22:00,720.9246645082791,483.814286307132,3.3333333333333335,1
2023-06-14T23:00,735.2928500086516,493.45681035384735,3.3333333333333335,1
2023-06-15T00:00,734.7235174803831,493.0747299168802,3.3333333333333335,1
2023-06-15T01:00,734.7235174803831,493.0747299168802,3.3333333333333335,1
2023-06-15T02:00,736.4301946172787,494.22008507199496,3.3333333333333335,1
2023-06-15T03:00,729.5795322806536,489.62258900576427,3.3333333333333335,1
2023-06-15T04:00,730.7257694874697,490.3918315680682,3.3333333333333335,1
2023-06-15T05:00,738.1329256640295,495.3627919964675,3.3333333333333335,1
2023-06-15T06:00,738.1329256640295,495.3627919964675,3.3333333333333335,1
2023-06-15T07:00,729.5795322806536,489.62258900576427,3.3333333333333335,1
2023-06-15T08:00,723.2427562283427,485.36996326805564,3.3333333333333335,1
2023-06-15T09:00,716.8499668345412,481.07974684137326,3.3333333333333335,1
2023-06-15T10:00,708.630285169424,475.56349859206006,3.3333333333333335,1
2023-06-15T11:00,703.2954769109565,471.98329586461375,3.3333333333333335,1
2023-06-15T12:00,703.2954769109565,471.98329586461375,3.3333333333333335,1
2023-06-15T13:00,701.5081919964393,470.78384463494274,3.3333333333333335,1
2023-06-15T14:00,701.5081919964393,470.78384463494274,3.3333333333333335,1
2023-06-15T15:00,700.9114175864269,470.3833478847539,3.3333333333333335,1
2023-06-15T16:00,702.1044591606096,471.18400097121975,3.3333333333333335,1
2023-06-15T17:00,708.0395136743432,475.1670304126032,3.3333333333333335,1
2023-06-15T18:00,714.5111352598275,479.51015131382326,3.3333333333333335,1
2023-06-15T19:00,719.1811923924862,482.6442379526704,3.3333333333333335,1
2023-06-15T20:00,719.7628190078847,483.0345689812505,3.3333333333333335,1
2023-06-15T21:00,720.3439760012405,483.4245848453417,3.3333333333333335,1
2023-06-15T22:00,720.9246645082791,483.814286307132,3.3333333333333335,1
2023-06-15T23:00,722.6639304003426,484.98151185467384,3.3333333333333335,1
2023-06-16T00:00,726.1299643398999,487.3075756160336,3.3333333333333335,1
2023-06-16T01:00,726.7060294557649,487.6941743088232,3.3333333333333335,1
2023-06-16T02:00,726.7060294557649,487.6941743088232,3.3333333333333335,1
2023-06-16T03:00,729.0057378291054,489.23751416129056,3.3333333333333335,1
2023-06-16T04:00,730.1528758129739,490.00736123725335,3.3333333333333335,1
2023-06-16T05:00,731.8702114878379,491.15986936298214,3.3333333333333335,1
2023-06-16T06:00,731.8702114878379,491.15986936298214,3.3333333333333335,1
2023-06-16T07:00,735.8617420473389,493.8385951771909,3.3333333333333335,1
2023-06-16T08:00,735.2928500086516,493.45681035384735,3.3333333333333335,1
2023-06-16T09:00,731.2982143613874,490.77600070772934,3.3333333333333335,1
2023-06-16T10:00,740.3971424105681,496.88231333233193,3.3333333333333335,1
2023-06-16T11:00,736.9982087353686,494.6012807207018,3.3333333333333335,1
2023-06-16T12:00,728.4314913927456,488.8521359887164,3.3333333333333335,1
2023-06-16T13:00,720.9246645082791,483.814286307132,3.3333333333333335,1
2023-06-16T14:00,718.5990950147234,482.2535909943288,3.3333333333333335,1
2023-06-16T15:00,719.1811923924862,482.6442379526704,3.3333333333333335,1
2023-06-16T16:00,717.4334833876808,481.47134621174325,3.3333333333333335,1
2023-06-16T17:00,719.7628190078847,483.0345689812505,3.3333333333333335,1
2023-06-16T18:00,723.2427562283427,485.36996326805564,3.3333333333333335,1
2023-06-16T19:00,727.2816382822145,488.08046678468236,3.3333333333333335,1
2023-06-16T20:00,730.7257694874697,490.3918315680682,3.3333333333333335,1
2023-06-16T21:00,734.1537434377407,492.6923531785488,3.3333333333333335,1
2023-06-16T22:00,738.1329256640295,495.3627919964675,3.3333333333333335,1
2023-06-16T23:00,742.6544560090717,498.39720194885103,3.3333333333333335,1
2023-06-17T00:00,743.7805437764072,499.1529221735768,3.3333333333333335,1
2023-06-17T01:00,744.3429488048012,499.53035354862016,3.3333333333333335,1
2023-06-17T02:00,745.4664859707809,500.2843620586061,3.3333333333333335,1
2023-06-17T03:00,748.267948251907,502.16443017235815,3.3333333333333335,1
2023-06-17T04:00,750.5015888867351,503.66343180568833,3.3333333333333335,1
2023-06-17T05:00,750.5015888867351,503.66343180568833,3.3333333333333335,1
2023-06-17T06:00,749.385600776607,502.914489485346,3.3333333333333335,1
2023-06-17T07:00,746.5883323330348,501.0372358661216,3.3333333333333335,1
2023-06-17T08:00,747.7084955021039,501.7889800786189,3.3333333333333335,1
2023-06-17T09:00,743.7805437764072,499.1529221735768,3.3333333333333335,1
2023-06-17T10:00,740.3971424105681,496.88231333233193,3.3333333333333335,1
2023-06-17T11:00,740.9621155125502,497.2614681477725,3.3333333333333335,1
2023-06-17T12:00,737.5657854145899,494.9821828031258,3.3333333333333335,1
2023-06-17T13:00,726.1299643398999,487.3075756160336,3.3333333333333335,1
2023-06-17T14:00,719.1811923924862,482.6442379526704,3.3333333333333335,1
2023-06-17T15:00,715.6815064541526,480.2955902535258,3.3333333333333335,1
2023-06-17T16:00,716.8499668345412,481.07974684137326,3.3333333333333335,1
2023-06-17T17:00,717.4334833876808,481.47134621174325,3.3333333333333335,1
2023-06-17T18:00,727.2816382822145,488.08046678468236,3.3333333333333335,1
2023-06-17T19:00,733.0128666902446,491.92670803346175,3.3333333333333335,1
2023-06-17T20:00,736.4301946172787,494.22008507199496,3.3333333333333335,1
2023-06-17T21:00,735.2928500086516,493.45681035384735,3.3333333333333335,1
2023-06-17T22:00,736.4301946172787,494.22008507199496,3.3333333333333335,1
2023-06-17T23:00,738.1329256640295,495.3627919964675,3.3333333333333335,1
2023-06-18T00:00,737.5657854145899,494.9821828031258,3.3333333333333335,1
2023-06-18T01:00,738.1329256640295,495.3627919964675,3.3333333333333335,1
2023-06-18T02:00,739.2659008905641,496.123134411723,3.3333333333333335,1
2023-06-18T03:00,739.8317378665478,496.50286897509585,3.3333333333333335,1
2023-06-18T04:00,740.3971424105681,496.88231333233193,3.3333333333333335,1
2023-06-18T05:00,739.8317378665478,496.50286897509585,3.3333333333333335,1
2023-06-18T06:00,737.5657854145899,494.9821828031258,3.3333333333333335,1
2023-06-18T07:00,733.0128666902446,491.92670803346175,3.3333333333333335,1
2023-06-18T08:00,727.8567919017867,488.4664537701048,3.3333333333333335,1
2023-06-18T09:00,720.3439760012405,483.4245848453417,3.3333333333333335,1
2023-06-18T10:00,717.4334833876808,481.47134621174325,3.3333333333333335,1
2023-06-18T11:00,710.9884623534299,477.1460770048041,3.3333333333333335,1
2023-06-18T12:00,705.0782312968585,473.1797066455715,3.3333333333333335,1
2023-06-18T13:00,703.2954769109565,471.98329586461375,3.3333333333333335,1
2023-06-18T14:00,709.220564559713,475.95963651880066,3.3333333333333335,1
2023-06-18T15:00,720.3439760012405,483.4245848453417,3.3333333333333335,1
2023-06-18T16:00,718.0165257296524,481.8626273378512,3.3333333333333335,1
2023-06-18T17:00,725.5534418477838,486.9206699769356,3.3333333333333335,1
2023-06-18T18:00,727.2816382822145,488.08046678468236,3.3333333333333335,1
2023-06-18T19:00,731.8702114878379,491.15986936298214,3.3333333333333335,1
2023-06-18T20:00,733.0128666902446,491.92670803346175,3.3333333333333335,1
2023-06-18T21:00,734.1537434377407,492.6923531785488,3.3333333333333335,1
2023-06-18T22:00,734.1537434377407,492.6923531785488,3.3333333333333335,1
2023-06-18T23:00,735.8617420473389,493.8385951771909,3.3333333333333335,1
2023-06-19T00:00,737.5657854145899,494.9821828031258,3.3333333333333335,1
2023-06-19T01:00,738.6996304889008,495.74310897532814,3.3333333333333335,1
2023-06-19T02:00,739.8317378665478,496.50286897509585,3.3333333333333335,1
2023-06-19T03:00,739.8317378665478,496.50286897509585,3.3333333333333335,1
2023-06-19T04:00,740.3971424105681,496.88231333233193,3.3333333333333335,1
2023-06-19T05:00,740.9621155125502,497.2614681477725,3.3333333333333335,1
2023-06-19T06:00,742.6544560090717,498.39720194885103,3.3333333333333335,1
2023-06-19T07:00,740.9621155125502,497.2614681477725,3.3333333333333335,1
2023-06-19T08:00,743.2177131670297,498.775205190106,3.3333333333333335,1
2023-06-19T09:00,740.3971424105681,496.88231333233193,3.3333333333333335,1
2023-06-19T10:00,735.8617420473389,493.8385951771909,3.3333333333333335,1
2023-06-19T11:00,732.4417619158204,491.5434382378125,3.3333333333333335,1
2023-06-19T12:00,729.0057378291054,489.23751416129056,3.3333333333333335,1
2023-06-19T13:00,728.4314913927456,488.8521359887164,3.3333333333333335,1
2023-06-19T14:00,719.1811923924862,482.6442379526704,3.3333333333333335,1
2023-06-19T15:00,718.0165257296524,481.8626273378512,3.3333333333333335,1
2023-06-19T16:00,713.9252301713316,479.11694899159755,3.3333333333333335,1
2023-06-19T17:00,714.5111352598275,479.51015131382326,3.3333333333333335,1
2023-06-19T18:00,715.6815064541526,480.2955902535258,3.3333333333333335,1
2023-06-19T19:00,722.6639304003426,484.98151185467384,3.3333333333333335,1
2023-06-19T20:00,731.8702114878379,491.15986936298214,3.3333333333333335,1
2023-06-19T21:00,731.2982143613874,490.77600070772934,3.3333333333333335,1
2023-06-19T22:00,732.4417619158204,491.5434382378125,3.3333333333333335,1
2023-06-19T23:00,735.8617420473389,493.8385951771909,3.3333333333333335,1
2023-06-20T00:00,737.5657854145899,494.9821828031258,3.3333333333333335,1
2023-06-20T01:00,739.8317378665478,496.50286897509585,3.3333333333333335,1
2023-06-20T02:00,740.3971424105681,496.88231333233193,3.3333333333333335,1
2023-06-20T03:00,742.0907713312647,498.01891179799117,3.3333333333333335,1
2023-06-20T04:00,743.7805437764072,499.1529221735768,3.3333333333333335,1
2023-06-20T05:00,746.0276200253737,500.66094048005687,3.3333333333333335,1
2023-06-20T06:00,742.6544560090717,498.39720194885103,3.3333333333333335,1
2023-06-20T07:00,737.5657854145899,494.9821828031258,3.3333333333333335,1
2023-06-20T08:00,731.8702114878379,491.15986936298214,3.3333333333333335,1
2023-06-20T09:00,723.8211191806087,485.7581040444124,3.3333333333333335,1
2023-06-20T10:00,716.2659749112644,480.68782844895424,3.3333333333333335,1
2023-06-20T11:00,710.9884623534299,477.1460770048041,3.3333333333333335,1
2023-06-20T12:00,706.2642342062239,473.97563606705165,3.3333333333333335,1
2023-06-20T13:00,702.700220370188,471.5838177601464,3.3333333333333335,1
2023-06-20T14:00,700.3141346338195,469.9825098503995,3.3333333333333335,1
2023-06-20T15:00,699.1180378861054,469.179806429586,3.3333333333333335,1
2023-06-20T16:00,699.7163418363307,469.5813296579117,3.3333333333333335,1
2023-06-20T17:00,700.3141346338195,469.9825098503995,3.3333333333333335,1
2023-06-20T18:00,702.700220370188,471.5838177601464,3.3333333333333335,1
2023-06-20T19:00,713.9252301713316,479.11694899159755,3.3333333333333335,1
2023-06-20T20:00,721.5048856601552,484.20367412574234,3.3333333333333335,1
2023-06-20T21:00,719.1811923924862,482.6442379526704,3.3333333333333335,1
2023-06-20T22:00,725.5534418477838,486.9206699769356,3.3333333333333335,1
2023-06-20T23:00,729.0057378291054,489.23751416129056,3.3333333333333335,1
2023-06-21T00:00,733.0128666902446,491.92670803346175,3.3333333333333335,1
2023-06-21T01:00,736.4301946172787,494.22008507199496,3.3333333333333335,1
2023-06-21T02:00,738.1329256640295,495.3627919964675,3.3333333333333335,1
2023-06-21T03:00,740.3971424105681,496.88231333233193,3.3333333333333335,1
2023-06-21T04:00,742.6544560090717,498.39720194885103,3.3333333333333335,1
2023-06-21T05:00,741.5266581586482,497.64033408322797,3.3333333333333335,1
2023-06-21T06:00,735.2928500086516,493.45681035384735,3.3333333333333335,1
2023-06-21T07:00,730.1528758129739,490.00736123725335,3.3333333333333335,1
2023-06-21T08:00,723.2427562283427,485.36996326805564,3.3333333333333335,1
2023-06-21T09:00,716.2659749112644,480.68782844895424,3.3333333333333335,1
2023-06-21T10:00,709.8103530729155,476.35544501674104,3.3333333333333335,1
2023-06-21T11:00,703.2954769109565,471.98329586461375,3.3333333333333335,1
2023-06-21T12:00,701.5081919964393,470.78384463494274,3.3333333333333335,1
2023-06-21T13:00,697.3200459562463,467.97316969601815,3.3333333333333335,1
2023-06-21T14:00,694.9154869133556,466.35946430557624,3.3333333333333335,1
2023-06-21T15:00,694.9154869133556,466.35946430557624,3.3333333333333335,1
2023-06-21T16:00,702.700220370188,471.5838177601464,3.3333333333333335,1
2023-06-21T17:00,703.8902300632597,472.3824361438643,3.3333333333333335,1
2023-06-21T18:00,720.9246645082791,483.814286307132,3.3333333333333335,1
2023-06-21T19:00,729.0057378291054,489.23751416129056,3.3333333333333335,1
2023-06-21T20:00,717.4334833876808,481.47134621174325,3.3333333333333335,1
2023-06-21T21:00,736.4301946172787,494.22008507199496,3.3333333333333335,1
2023-06-21T22:00,739.8317378665478,496.50286897509585,3.3333333333333335,1
2023-06-21T23:00,738.1329256640295,495.3627919964675,3.3333333333333335,1
2023-06-22T00:00,736.4301946172787,494.22008507199496,3.3333333333333335,1
2023-06-22T01:00,736.4301946172787,494.22008507199496,3.3333333333333335,1
2023-06-22T02:00,736.4301946172787,494.22008507199496,3.3333333333333335,1
2023-06-22T03:00,736.4301946172787,494.22008507199496,3.3333333333333335,1
2023-06-22T04:00,737.5657854145899,494.9821828031258,3.3333333333333335,1
2023-06-22T05:00,738.1329256640295,495.3627919964675,3.3333333333333335,1
2023-06-22T06:00,737.5657854145899,494.9821828031258,3.3333333333333335,1
2023-06-22T07:00,734.7235174803831,493.0747299168802,3.3333333333333335,1
2023-06-22T08:00,735.8617420473389,493.8385951771909,3.3333333333333335,1
2023-06-22T09:00,735.2928500086516,493.45681035384735,3.3333333333333335,1
2023-06-22T10:00,729.0057378291054,489.23751416129056,3.3333333333333335,1
2023-06-22T11:00,723.2427562283427,485.36996326805564,3.3333333333333335,1
2023-06-22T12:00,724.9764608882598,486.533456659251,3.3333333333333335,1
2023-06-22T13:00,720.9246645082791,483.814286307132,3.3333333333333335,1
2023-06-22T14:00,723.2427562283427,485.36996326805564,3.3333333333333335,1
2023-06-22T15:00,721.5048856601552,484.20367412574234,3.3333333333333335,1
2023-06-22T16:00,720.3439760012405,483.4245848453417,3.3333333333333335,1
2023-06-22T17:00,725.5534418477838,486.9206699769356,3.3333333333333335,1
2023-06-22T18:00,729.0057378291054,489.23751416129056,3.3333333333333335,1
2023-06-22T19:00,729.5795322806536,489.62258900576427,3.3333333333333335,1
2023-06-22T20:00,738.6996304889008,495.74310897532814,3.3333333333333335,1
2023-06-22T21:00,738.1329256640295,495.3627919964675,3.3333333333333335,1
2023-06-22T22:00,740.9621155125502,497.2614681477725,3.3333333333333335,1
2023-06-22T23:00,748.8269830316062,502.5395997653495,3.3333333333333335,1
2023-06-23T00:00,746.0276200253737,500.66094048005687,3.3333333333333335,1
2023-06-23T01:00,748.8269830316062,502.5395997653495,3.3333333333333335,1
2023-06-23T02:00,746.5883323330348,501.0372358661216,3.3333333333333335,1
2023-06-23T03:00,751.0589611053268,504.0374856498987,3.3333333333333335,1
2023-06-23T04:00,751.6159199961851,504.4112621088672,3.3333333333333335,1
2023-06-23T05:00,751.0589611053268,504.0374856498987,3.3333333333333335,1
2023-06-23T06:00,753.8396405948065,505.9036063819021,3.3333333333333335,1
2023-06-23T07:00,756.6101006513204,507.76286882772075,3.3333333333333335,1
2023-06-23T08:00,746.0276200253737,500.66094048005687,3.3333333333333335,1
2023-06-23T09:00,743.2177131670297,498.775205190106,3.3333333333333335,1
2023-06-23T10:00,736.4301946172787,494.22008507199496,3.3333333333333335,1
2023-06-23T11:00,730.7257694874697,490.3918315680682,3.3333333333333335,1
2023-06-23T12:00,728.4314913927456,488.8521359887164,3.3333333333333335,1
2023-06-23T13:00,728.4314913927456,488.8521359887164,3.3333333333333335,1
2023-06-23T14:00,731.2982143613874,490.77600070772934,3.3333333333333335,1
2023-06-23T15:00,736.4301946172787,494.22008507199496,3.3333333333333335,1
2023-06-23T16:00,736.4301946172787,494.22008507199496,3.3333333333333335,1
2023-06-23T17:00,738.1329256640295,495.3627919964675,3.3333333333333335,1
2023-06-23T18:00,740.3971424105681,496.88231333233193,3.3333333333333335,1
2023-06-23T19:00,743.7805437764072,499.1529221735768,3.3333333333333335,1
2023-06-23T20:00,742.6544560090717,498.39720194885103,3.3333333333333335,1
2023-06-23T21:00,742.0907713312647,498.01891179799117,3.3333333333333335,1
2023-06-23T22:00,743.7805437764072,499.1529221735768,3.3333333333333335,1
2023-06-23T23:00,746.0276200253737,500.66094048005687,3.3333333333333335,1
2023-06-24T00:00,747.7084955021039,501.7889800786189,3.3333333333333335,1
2023-06-24T01:00,748.8269830316062,502.5395997653495,3.3333333333333335,1
2023-06-24T02:00,748.267948251907,502.16443017235815,3.3333333333333335,1
2023-06-24T03:00,748.8269830316062,502.5395997653495,3.3333333333333335,1
2023-06-24T04:00,748.8269830316062,502.5395997653495,3.3333333333333335,1
2023-06-24T05:00,749.385600776607,502.914489485346,3.3333333333333335,1
2023-06-24T06:00,748.8269830316062,502.5395997653495,3.3333333333333335,1
2023-06-24T07:00,746.0276200253737,500.66094048005687,3.3333333333333335,1
2023-06-24T08:00,740.3971424105681,496.88231333233193,3.3333333333333335,1
2023-06-24T09:00,734.1537434377407,492.6923531785488,3.3333333333333335,1
2023-06-24T10:00,729.0057378291054,489.23751416129056,3.3333333333333335,1
2023-06-24T11:00,723.2427562283427,485.36996326805564,3.3333333333333335,1
2023-06-24T12:00,721.5048856601552,484.20367412574234,3.3333333333333335,1
2023-06-24T13:00,719.1811923924862,482.6442379526704,3.3333333333333335,1
2023-06-24T14:00,717.4334833876808,481.47134621174325,3.3333333333333335,1
2023-06-24T15:00,717.4334833876808,481.47134621174325,3.3333333333333335,1
2023-06-24T16:00,720.3439760012405,483.4245848453417,3.3333333333333335,1
2023-06-24T17:00,724.9764608882598,486.533456659251,3.3333333333333335,1
2023-06-24T18:00,729.0057378291054,489.23751416129056,3.3333333333333335,1
2023-06-24T19:00,733.0128666902446,491.92670803346175,3.3333333333333335,1
2023-06-24T20:00,740.3971424105681,496.88231333233193,3.3333333333333335,1
2023-06-24T21:00,742.0907713312647,498.01891179799117,3.3333333333333335,1
2023-06-24T22:00,743.2177131670297,498.775205190106,3.3333333333333335,1
2023-06-24T23:00,743.2177131670297,498.775205190106,3.3333333333333335,1
2023-06-25T00:00,744.3429488048012,499.53035354862016,3.3333333333333335,1
2023-06-25T01:00,745.4664859707809,500.2843620586061,3.3333333333333335,1
2023-06-25T02:00,745.4664859707809,500.2843620586061,3.3333333333333335,1
2023-06-25T03:00,747.7084955021039,501.7889800786189,3.3333333333333335,1
2023-06-25T04:00,746.5883323330348,501.0372358661216,3.3333333333333335,1
2023-06-25T05:00,747.7084955021039,501.7889800786189,3.3333333333333335,1
2023-06-25T06:00,747.7084955021039,501.7889800786189,3.3333333333333335,1
2023-06-25T07:00,745.4664859707809,500.2843620586061,3.3333333333333335,1
2023-06-25T08:00,743.2177131670297,498.775205190106,3.3333333333333335,1
2023-06-25T09:00,738.1329256640295,495.3627919964675,3.3333333333333335,1
2023-06-25T10:00,737.5657854145899,494.9821828031258,3.3333333333333335,1
2023-06-25T11:00,734.7235174803831,493.0747299168802,3.3333333333333335,1
2023-06-25T12:00,729.5795322806536,489.62258900576427,3.3333333333333335,1
2023-06-25T13:00,723.8211191806087,485.7581040444124,3.3333333333333335,1
2023-06-25T14:00,720.3439760012405,483.4245848453417,3.3333333333333335,1
2023-06-25T15:00,720.3439760012405,483.4245848453417,3.3333333333333335,1
2023-06-25T16:00,722.0846405834792,484.5927490572435,3.3333333333333335,1
2023-06-25T17:00,720.9246645082791,483.814286307132,3.3333333333333335,1
2023-06-25T18:00,721.5048856601552,484.20367412574234,3.3333333333333335,1
2023-06-25T19:00,727.2816382822145,488.08046678468236,3.3333333333333335,1
2023-06-25T20:00,740.9621155125502,497.2614681477725,3.3333333333333335,1
2023-06-25T21:00,742.0907713312647,498.01891179799117,3.3333333333333335,1
2023-06-25T22:00,744.9049292161556,499.90749996214095,3.3333333333333335,1
2023-06-25T23:00,746.5883323330348,501.0372358661216,3.3333333333333335,1
2023-06-26T00:00,746.5883323330348,501.0372358661216,3.3333333333333335,1
2023-06-26T01:00,748.267948251907,502.16443017235815,3.3333333333333335,1
2023-06-26T02:00,746.5883323330348,501.0372358661216,3.3333333333333335,1
2023-06-26T03:00,747.7084955021039,501.7889800786189,3.3333333333333335,1
2023-06-26T04:00,748.8269830316062,502.5395997653495,3.3333333333333335,1
2023-06-26T05:00,749.385600776607,502.914489485346,3.3333333333333335,1
2023-06-26T06:00,748.8269830316062,502.5395997653495,3.3333333333333335,1
2023-06-26T07:00,743.7805437764072,499.1529221735768,3.3333333333333335,1
2023-06-26T08:00,736.4301946172787,494.22008507199496,3.3333333333333335,1
2023-06-26T09:00,727.8567919017867,488.4664537701048,3.3333333333333335,1
2023-06-26T10:00,720.3439760012405,483.4245848453417,3.3333333333333335,1
2023-06-26T11:00,714.5111352598275,479.51015131382326,3.3333333333333335,1
2023-06-26T12:00,709.220564559713,475.95963651880066,3.3333333333333335,1
2023-06-26T13:00,705.6714819119483,473.5778385684635,3.3333333333333335,1
2023-06-26T14:00,703.2954769109565,471.98329586461375,3.3333333333333335,1
2023-06-26T15:00,702.700220370188,471.5838177601464,3.3333333333333335,1
2023-06-26T16:00,702.700220370188,471.5838177601464,3.3333333333333335,1
2023-06-26T17:00,702.1044591606096,471.18400097121975,3.3333333333333335,1
2023-06-26T18:00,705.6714819119483,473.5778385684635,3.3333333333333335,1
2023-06-26T19:00,717.4334833876808,481.47134621174325,3.3333333333333335,1
2023-06-26T20:00,723.2427562283427,485.36996326805564,3.3333333333333335,1
2023-06-26T21:00,729.0057378291054,489.23751416129056,3.3333333333333335,1
2023-06-26T22:00,733.0128666902446,491.92670803346175,3.3333333333333335,1
2023-06-26T23:00,735.2928500086516,493.45681035384735,3.3333333333333335,1
2023-06-27T00:00,733.0128666902446,491.92670803346175,3.3333333333333335,1
2023-06-27T01:00,734.7235174803831,493.0747299168802,3.3333333333333335,1
2023-06-27T02:00,735.2928500086516,493.45681035384735,3.3333333333333335,1
2023-06-27T03:00,739.8317378665478,496.50286897509585,3.3333333333333335,1
2023-06-27T04:00,739.8317378665478,496.50286897509585,3.3333333333333335,1
2023-06-27T05:00,739.2659008905641,496.123134411723,3.3333333333333335,1
2023-06-27T06:00,736.9982087353686,494.6012807207018,3.3333333333333335,1
2023-06-27T07:00,730.1528758129739,490.00736123725335,3.3333333333333335,1
2023-06-27T08:00,720.9246645082791,483.814286307132,3.3333333333333335,1
2023-06-27T09:00,713.9252301713316,479.11694899159755,3.3333333333333335,1
2023-06-27T10:00,708.0395136743432,475.1670304126032,3.3333333333333335,1
2023-06-27T11:00,702.700220370188,471.5838177601464,3.3333333333333335,1
2023-06-27T12:00,697.9198912679881,468.37572733578617,3.3333333333333335,1
2023-06-27T13:00,694.9154869133556,466.35946430557624,3.3333333333333335,1
2023-06-27T14:00,694.313045979209,465.9551647373334,3.3333333333333335,1
2023-06-27T15:00,692.5025786317555,464.74015572083925,3.3333333333333335,1
2023-06-27T16:00,693.106593206795,465.14551136329203,3.3333333333333335,1
2023-06-27T17:00,696.1188046750524,467.1670137663415,3.3333333333333335,1
2023-06-27T18:00,699.7163418363307,469.5813296579117,3.3333333333333335,1
2023-06-27T19:00,706.856489433324,474.3730999826558,3.3333333333333335,1
2023-06-27T20:00,713.3388438463799,478.72342371042237,3.3333333333333335,1
2023-06-27T21:00,712.751975097222,478.32957467319545,3.3333333333333335,1
2023-06-27T22:00,716.8499668345412,481.07974684137326,3.3333333333333335,1
2023-06-27T23:00,720.3439760012405,483.4245848453417,3.3333333333333335,1
2023-06-28T00:00,721.5048856601552,484.20367412574234,3.3333333333333335,1
2023-06-28T01:00,723.2427562283427,485.36996326805564,3.3333333333333335,1
2023-06-28T02:00,723.8211191806087,485.7581040444124,3.3333333333333335,1
2023-06-28T03:00,723.2427562283427,485.36996326805564,3.3333333333333335,1
2023-06-28T04:00,723.8211191806087,485.7581040444124,3.3333333333333335,1
2023-06-28T05:00,724.3990203658255,486.1459349277856,3.3333333333333335,1
2023-06-28T06:00,724.3990203658255,486.1459349277856,3.3333333333333335,1
2023-06-28T07:00,719.7628190078847,483.0345689812505,3.3333333333333335,1
2023-06-28T08:00,710.9884623534299,477.1460770048041,3.3333333333333335,1
2023-06-28T09:00,703.2954769109565,471.98329586461375,3.3333333333333335,1
2023-06-28T10:00,699.7163418363307,469.5813296579117,3.3333333333333335,1
2023-06-28T11:00,695.51740602743,466.76341367910635,3.3333333333333335,1
2023-06-28T12:00,692.5025786317555,464.74015572083925,3.3333333333333335,1
2023-06-28T13:00,690.6873656049705,463.5219618674657,3.3333333333333335,1
2023-06-28T14:00,691.8980367630277,464.33444621031657,3.3333333333333335,1
2023-06-28T15:00,689.4745685927339,462.70805085873235,3.3333333333333335,1
2023-06-28T16:00,693.7100818654926,465.55051406201557,3.3333333333333335,1
2023-06-28T17:00,695.51740602743,466.76341367910635,3.3333333333333335,1
2023-06-28T18:00,699.1180378861054,469.179806429586,3.3333333333333335,1
2023-06-28T19:00,705.6714819119483,473.5778385684635,3.3333333333333335,1
2023-06-28T20:00,711.5767855507888,477.54090212573726,3.3333333333333335,1
2023-06-28T21:00,713.9252301713316,479.11694899159755,3.3333333333333335,1
2023-06-28T22:00,713.9252301713316,479.11694899159755,3.3333333333333335,1
2023-06-28T23:00,713.3388438463799,478.72342371042237,3.3333333333333335,1
2023-06-29T00:00,714.5111352598275,479.51015131382326,3.3333333333333335,1
2023-06-29T01:00,716.8499668345412,481.07974684137326,3.3333333333333335,1
2023-06-29T02:00,717.4334833876808,481.47134621174325,3.3333333333333335,1
2023-06-29T03:00,718.0165257296524,481.8626273378512,3.3333333333333335,1
2023-06-29T04:00,719.7628190078847,483.0345689812505,3.3333333333333335,1
2023-06-29T05:00,719.7628190078847,483.0345689812505,3.3333333333333335,1
2023-06-29T06:00,719.7628190078847,483.0345689812505,3.3333333333333335,1
2023-06-29T07:00,716.8499668345412,481.07974684137326,3.3333333333333335,1
2023-06-29T08:00,709.220564559713,475.95963651880066,3.3333333333333335,1
2023-06-29T09:00,703.2954769109565,471.98329586461375,3.3333333333333335,1
2023-06-29T10:00,699.1180378861054,469.179806429586,3.3333333333333335,1
2023-06-29T11:00,694.9154869133556,466.35946430557624,3.3333333333333335,1
2023-06-29T12:00,690.6873656049705,463.5219618674657,3.3333333333333335,1
2023-06-29T13:00,692.5025786317555,464.74015572083925,3.3333333333333335,1
2023-06-29T14:00,699.1180378861054,469.179806429586,3.3333333333333335,1
2023-06-29T15:00,710.9884623534299,477.1460770048041,3.3333333333333335,1
2023-06-29T16:00,712.1646227312139,477.9354010795303,3.3333333333333335,1
2023-06-29T17:00,713.3388438463799,478.72342371042237,3.3333333333333335,1
2023-06-29T18:00,715.0965602947524,479.903031470936,3.3333333333333335,1
2023-06-29T19:00,718.0165257296524,481.8626273378512,3.3333333333333335,1
2023-06-29T20:00,723.8211191806087,485.7581040444124,3.3333333333333335,1
2023-06-29T21:00,724.9764608882598,486.533456659251,3.3333333333333335,1
2023-06-29T22:00,726.1299643398999,487.3075756160336,3.3333333333333335,1
2023-06-29T23:00,726.1299643398999,487.3075756160336,3.3333333333333335,1
2023-06-30T00:00,726.1299643398999,487.3075756160336,3.3333333333333335,1
2023-06-30T01:00,728.4314913927456,488.8521359887164,3.3333333333333335,1
2023-06-30T02:00,731.8702114878379,491.15986936298214,3.3333333333333335,1
2023-06-30T03:00,733.0128666902446,491.92670803346175,3.3333333333333335,1
2023-06-30T04:00,733.0128666902446,491.92670803346175,3.3333333333333335,1
2023-06-30T05:00,734.1537434377407,492.6923531785488,3.3333333333333335,1
2023-06-30T06:00,735.2928500086516,493.45681035384735,3.3333333333333335,1
2023-06-30T07:00,734.7235174803831,493.0747299168802,3.3333333333333335,1
2023-06-30T08:00,737.5657854145899,494.9821828031258,3.3333333333333335,1
2023-06-30T09:00,737.5657854145899,494.9821828031258,3.3333333333333335,1
2023-06-30T10:00,733.0128666902446,491.92670803346175,3.3333333333333335,1
2023-06-30T11:00,728.4314913927456,488.8521359887164,3.3333333333333335,1
2023-06-30T12:00,726.7060294557649,487.6941743088232,3.3333333333333335,1
2023-06-30T13:00,722.0846405834792,484.5927490572435,3.3333333333333335,1
2023-06-30T14:00,713.9252301713316,479.11694899159755,3.3333333333333335,1
2023-06-30T15:00,708.630285169424,475.56349859206006,3.3333333333333335,1
2023-06-30T16:00,705.6714819119483,473.5778385684635,3.3333333333333335,1
2023-06-30T17:00,703.8902300632597,472.3824361438643,3.3333333333333335,1
2023-06-30T18:00,705.6714819119483,473.5778385684635,3.3333333333333335,1
2023-06-30T19:00,713.3388438463799,478.72342371042237,3.3333333333333335,1
2023-06-30T20:00,719.1811923924862,482.6442379526704,3.3333333333333335,1
2023-06-30T21:00,724.9764608882598,486.533456659251,3.3333333333333335,1
2023-06-30T22:00,718.0165257296524,481.8626273378512,3.3333333333333335,1
2023-06-30T23:00,727.2816382822145,488.08046678468236,3.3333333333333335,1
2023-07-01T00:00,728.4314913927456,488.8521359887164,3.3333333333333335,1
2023-07-01T01:00,726.1299643398999,487.3075756160336,3.3333333333333335,1
2023-07-01T02:00,728.4314913927456,488.8521359887164,3.3333333333333335,1
2023-07-01T03:00,729.5795322806536,489.62258900576427,3.3333333333333335,1
2023-07-01T04:00,733.5835268519523,492.30967944844156,3.3333333333333335,1
2023-07-01T05:00,733.0128666902446,491.92670803346175,3.3333333333333335,1
2023-07-01T06:00,729.5795322806536,489.62258900576427,3.3333333333333335,1
2023-07-01T07:00,724.3990203658255,486.1459349277856,3.3333333333333335,1
2023-07-01T08:00,720.3439760012405,483.4245848453417,3.3333333333333335,1
2023-07-01T09:00,713.9252301713316,479.11694899159755,3.3333333333333335,1
2023-07-01T10:00,708.630285169424,475.56349859206006,3.3333333333333335,1
2023-07-01T11:00,704.4844811020378,472.7812394535136,3.3333333333333335,1
2023-07-01T12:00,703.8902300632597,472.3824361438643,3.3333333333333335,1
2023-07-01T13:00,703.2954769109565,471.98329586461375,3.3333333333333335,1
2023-07-01T14:00,697.3200459562463,467.97316969601815,3.3333333333333335,1
2023-07-01T15:00,695.51740602743,466.76341367910635,3.3333333333333335,1
2023-07-01T16:00,696.7196842040008,467.5702654717787,3.3333333333333335,1
2023-07-01T17:00,717.4334833876808,481.47134621174325,3.3333333333333335,1
2023-07-01T18:00,717.4334833876808,481.47134621174325,3.3333333333333335,1
2023-07-01T19:00,719.1811923924862,482.6442379526704,3.3333333333333335,1
2023-07-01T20:00,719.1811923924862,482.6442379526704,3.3333333333333335,1
2023-07-01T21:00,720.9246645082791,483.814286307132,3.3333333333333335,1
2023-07-01T22:00,723.8211191806087,485.7581040444124,3.3333333333333335,1
2023-07-01T23:00,725.5534418477838,486.9206699769356,3.3333333333333335,1
2023-07-02T00:00,726.1299643398999,487.3075756160336,3.3333333333333335,1
2023-07-02T01:00,727.2816382822145,488.08046678468236,3.3333333333333335,1
2023-07-02T02:00,728.4314913927456,488.8521359887164,3.3333333333333335,1
2023-07-02T03:00,726.7060294557649,487.6941743088232,3.3333333333333335,1
2023-07-02T04:00,723.8211191806087,485.7581040444124,3.3333333333333335,1
2023-07-02T05:00,724.3990203658255,486.1459349277856,3.3333333333333335,1
2023-07-02T06:00,723.2427562283427,485.36996326805564,3.3333333333333335,1
2023-07-02T07:00,719.1811923924862,482.6442379526704,3.3333333333333335,1
2023-07-02T08:00,709.220564559713,475.95963651880066,3.3333333333333335,1
2023-07-02T09:00,699.7163418363307,469.5813296579117,3.3333333333333335,1
2023-07-02T10:00,691.8980367630277,464.33444621031657,3.3333333333333335,1
2023-07-02T11:00,687.6513624874455,461.4844928310394,3.3333333333333335,1
2023-07-02T12:00,687.6513624874455,461.4844928310394,3.3333333333333335,1
2023-07-02T13:00,688.8673693832782,462.3005580004189,3.3333333333333335,1
2023-07-02T14:00,694.9154869133556,466.35946430557624,3.3333333333333335,1
2023-07-02T15:00,689.4745685927339,462.70805085873235,3.3333333333333335,1
2023-07-02T16:00,685.8233095524996,460.2576820842386,3.3333333333333335,1
2023-07-02T17:00,684.6018957433188,459.43798832223155,3.3333333333333335,1
2023-07-02T18:00,690.0812335306877,463.11518516614825,3.3333333333333335,1
2023-07-02T19:00,698.5192214696881,468.7779392839591,3.3333333333333335,1
2023-07-02T20:00,706.2642342062239,473.97563606705165,3.3333333333333335,1
2023-07-02T21:00,707.448248841639,474.7702311530739,3.3333333333333335,1
2023-07-02T22:00,709.220564559713,475.95963651880066,3.3333333333333335,1
2023-07-02T23:00,711.5767855507888,477.54090212573726,3.3333333333333335,1
2023-07-03T00:00,712.751975097222,478.32957467319545,3.3333333333333335,1
2023-07-03T01:00,712.751975097222,478.32957467319545,3.3333333333333335,1
2023-07-03T02:00,710.9884623534299,477.1460770048041,3.3333333333333335,1
2023-07-03T03:00,712.1646227312139,477.9354010795303,3.3333333333333335,1
2023-07-03T04:00,713.9252301713316,479.11694899159755,3.3333333333333335,1
2023-07-03T05:00,715.0965602947524,479.903031470936,3.3333333333333335,1
2023-07-03T06:00,715.6815064541526,480.2955902535258,3.3333333333333335,1
2023-07-03T07:00,712.1646227312139,477.9354010795303,3.3333333333333335,1
2023-07-03T08:00,702.700220370188,471.5838177601464,3.3333333333333335,1
2023-07-03T09:00,697.3200459562463,467.97316969601815,3.3333333333333335,1
2023-07-03T10:00,693.7100818654926,465.55051406201557,3.3333333333333335,1
2023-07-03T11:00,688.8673693832782,462.3005580004189,3.3333333333333335,1
2023-07-03T12:00,686.4332014556423,460.6669820157991,3.3333333333333335,1
2023-07-03T13:00,683.9903709265556,459.02759253839025,3.3333333333333335,1
2023-07-03T14:00,683.3782988836771,458.61682950977917,3.3333333333333335,1
2023-07-03T15:00,682.7656781429845,458.2056982487378,3.3333333333333335,1
2023-07-03T16:00,682.7656781429845,458.2056982487378,3.3333333333333335,1
2023-07-03T17:00,683.3782988836771,458.61682950977917,3.3333333333333335,1
2023-07-03T18:00,688.8673693832782,462.3005580004189,3.3333333333333335,1
2023-07-03T19:00,694.9154869133556,466.35946430557624,3.3333333333333335,1
2023-07-03T20:00,697.9198912679881,468.37572733578617,3.3333333333333335,1
2023-07-03T21:00,701.5081919964393,470.78384463494274,3.3333333333333335,1
2023-07-03T22:00,704.4844811020378,472.7812394535136,3.3333333333333335,1
2023-07-03T23:00,708.0395136743432,475.1670304126032,3.3333333333333335,1
2023-07-04T00:00,708.630285169424,475.56349859206006,3.3333333333333335,1
2023-07-04T01:00,711.5767855507888,477.54090212573726,3.3333333333333335,1
2023-07-04T02:00,713.3388438463799,478.72342371042237,3.3333333333333335,1
2023-07-04T03:00,717.4334833876808,481.47134621174325,3.3333333333333335,1
2023-07-04T04:00,721.5048856601552,484.20367412574234,3.3333333333333335,1
2023-07-04T05:00,727.2816382822145,488.08046678468236,3.3333333333333335,1
2023-07-04T06:00,729.5795322806536,489.62258900576427,3.3333333333333335,1
2023-07-04T07:00,727.2816382822145,488.08046678468236,3.3333333333333335,1
2023-07-04T08:00,726.7060294557649,487.6941743088232,3.3333333333333335,1
2023-07-04T09:00,725.5534418477838,486.9206699769356,3.3333333333333335,1
2023-07-04T10:00,724.3990203658255,486.1459349277856,3.3333333333333335,1
2023-07-04T11:00,715.6815064541526,480.2955902535258,3.3333333333333335,1
2023-07-04T12:00,716.2659749112644,480.68782844895424,3.3333333333333335,1
2023-07-04T13:00,720.9246645082791,483.814286307132,3.3333333333333335,1
2023-07-04T14:00,720.9246645082791,483.814286307132,3.3333333333333335,1
2023-07-04T15:00,720.3439760012405,483.4245848453417,3.3333333333333335,1
2023-07-04T16:00,722.6639304003426,484.98151185467384,3.3333333333333335,1
2023-07-04T17:00,725.5534418477838,486.9206699769356,3.3333333333333335,1
2023-07-04T18:00,727.2816382822145,488.08046678468236,3.3333333333333335,1
2023-07-04T19:00,731.2982143613874,490.77600070772934,3.3333333333333335,1
2023-07-04T20:00,730.1528758129739,490.00736123725335,3.3333333333333335,1
2023-07-04T21:00,732.4417619158204,491.5434382378125,3.3333333333333335,1
2023-07-04T22:00,734.7235174803831,493.0747299168802,3.3333333333333335,1
2023-07-04T23:00,735.2928500086516,493.45681035384735,3.3333333333333335,1
2023-07-05T00:00,737.5657854145899,494.9821828031258,3.3333333333333335,1
2023-07-05T01:00,740.9621155125502,497.2614681477725,3.3333333333333335,1
2023-07-05T02:00,743.7805437764072,499.1529221735768,3.3333333333333335,1
2023-07-05T03:00,746.5883323330348,501.0372358661216,3.3333333333333335,1
2023-07-05T04:00,747.1486238432893,501.4132488540287,3.3333333333333335,1
2023-07-05T05:00,748.8269830316062,502.5395997653495,3.3333333333333335,1
2023-07-05T06:00,746.0276200253737,500.66094048005687,3.3333333333333335,1
2023-07-05T07:00,740.3971424105681,496.88231333233193,3.3333333333333335,1
2023-07-05T08:00,736.4301946172787,494.22008507199496,3.3333333333333335,1
2023-07-05T09:00,727.8567919017867,488.4664537701048,3.3333333333333335,1
2023-07-05T10:00,720.3439760012405,483.4245848453417,3.3333333333333335,1
2023-07-05T11:00,713.3388438463799,478.72342371042237,3.3333333333333335,1
2023-07-05T12:00,707.448248841639,474.7702311530739,3.3333333333333335,1
2023-07-05T13:00,703.8902300632597,472.3824361438643,3.3333333333333335,1
2023-07-05T14:00,700.3141346338195,469.9825098503995,3.3333333333333335,1
2023-07-05T15:00,702.1044591606096,471.18400097121975,3.3333333333333335,1
2023-07-05T16:00,696.7196842040008,467.5702654717787,3.3333333333333335,1
2023-07-05T17:00,705.6714819119483,473.5778385684635,3.3333333333333335,1
2023-07-05T18:00,706.2642342062239,473.97563606705165,3.3333333333333335,1
2023-07-05T19:00,709.220564559713,475.95963651880066,3.3333333333333335,1
2023-07-05T20:00,715.0965602947524,479.903031470936,3.3333333333333335,1
2023-07-05T21:00,715.6815064541526,480.2955902535258,3.3333333333333335,1
2023-07-05T22:00,716.2659749112644,480.68782844895424,3.3333333333333335,1
2023-07-05T23:00,718.5990950147234,482.2535909943288,3.3333333333333335,1
2023-07-06T00:00,718.5990950147234,482.2535909943288,3.3333333333333335,1
2023-07-06T01:00,719.1811923924862,482.6442379526704,3.3333333333333335,1
2023-07-06T02:00,720.3439760012405,483.4245848453417,3.3333333333333335,1
2023-07-06T03:00,720.3439760012405,483.4245848453417,3.3333333333333335,1
2023-07-06T04:00,719.1811923924862,482.6442379526704,3.3333333333333335,1
2023-07-06T05:00,718.0165257296524,481.8626273378512,3.3333333333333335,1
2023-07-06T06:00,716.8499668345412,481.07974684137326,3.3333333333333335,1
2023-07-06T07:00,713.9252301713316,479.11694899159755,3.3333333333333335,1
2023-07-06T08:00,708.0395136743432,475.1670304126032,3.3333333333333335,1
2023-07-06T09:00,702.1044591606096,471.18400097121975,3.3333333333333335,1
2023-07-06T10:00,697.3200459562463,467.97316969601815,3.3333333333333335,1
2023-07-06T11:00,692.5025786317555,464.74015572083925,3.3333333333333335,1
2023-07-06T12:00,690.6873656049705,463.5219618674657,3.3333333333333335,1
2023-07-06T13:00,688.8673693832782,462.3005580004189,3.3333333333333335,1
2023-07-06T14:00,687.0425519542013,461.07591860943364,3.3333333333333335,1
2023-07-06T15:00,685.2128747990984,459.84801784455647,3.3333333333333335,1
2023-07-06T16:00,687.6513624874455,461.4844928310394,3.3333333333333335,1
2023-07-06T17:00,690.0812335306877,463.11518516614825,3.3333333333333335,1
2023-07-06T18:00,693.7100818654926,465.55051406201557,3.3333333333333335,1
2023-07-06T19:00,699.7163418363307,469.5813296579117,3.3333333333333335,1
2023-07-06T20:00,699.1180378861054,469.179806429586,3.3333333333333335,1
2023-07-06T21:00,699.1180378861054,469.179806429586,3.3333333333333335,1
2023-07-06T22:00,703.2954769109565,471.98329586461375,3.3333333333333335,1
2023-07-06T23:00,706.2642342062239,473.97563606705165,3.3333333333333335,1
2023-07-07T00:00,707.448248841639,474.7702311530739,3.3333333333333335,1
2023-07-07T01:00,711.5767855507888,477.54090212573726,3.3333333333333335,1
2023-07-07T02:00,719.7628190078847,483.0345689812505,3.3333333333333335,1
2023-07-07T03:00,720.3439760012405,483.4245848453417,3.3333333333333335,1
2023-07-07T04:00,709.220564559713,475.95963651880066,3.3333333333333335,1
2023-07-07T05:00,709.8103530729155,476.35544501674104,3.3333333333333335,1
2023-07-07T06:00,711.5767855507888,477.54090212573726,3.3333333333333335,1
2023-07-07T07:00,710.9884623534299,477.1460770048041,3.3333333333333335,1
2023-07-07T08:00,705.6714819119483,473.5778385684635,3.3333333333333335,1
2023-07-07T09:00,699.7163418363307,469.5813296579117,3.3333333333333335,1
2023-07-07T10:00,697.9198912679881,468.37572733578617,3.3333333333333335,1
2023-07-07T11:00,693.7100818654926,465.55051406201557,3.3333333333333335,1
2023-07-07T12:00,692.5025786317555,464.74015572083925,3.3333333333333335,1
2023-07-07T13:00,694.313045979209,465.9551647373334,3.3333333333333335,1
2023-07-07T14:00,696.1188046750524,467.1670137663415,3.3333333333333335,1
2023-07-07T15:00,693.7100818654926,465.55051406201557,3.3333333333333335,1
2023-07-07T16:00,699.7163418363307,469.5813296579117,3.3333333333333335,1
2023-07-07T17:00,719.1811923924862,482.6442379526704,3.3333333333333335,1
2023-07-07T18:00,720.3439760012405,483.4245848453417,3.3333333333333335,1
2023-07-07T19:00,719.1811923924862,482.6442379526704,3.3333333333333335,1
2023-07-07T20:00,710.9884623534299,477.1460770048041,3.3333333333333335,1
2023-07-07T21:00,708.630285169424,475.56349859206006,3.3333333333333335,1
2023-07-07T22:00,717.4334833876808,481.47134621174325,3.3333333333333335,1
2023-07-07T23:00,724.9764608882598,486.533456659251,3.3333333333333335,1
2023-07-08T00:00,723.2427562283427,485.36996326805564,3.3333333333333335,1
2023-07-08T01:00,722.6639304003426,484.98151185467384,3.3333333333333335,1
2023-07-08T02:00,723.2427562283427,485.36996326805564,3.3333333333333335,1
2023-07-08T03:00,722.6639304003426,484.98151185467384,3.3333333333333335,1
2023-07-08T04:00,720.9246645082791,483.814286307132,3.3333333333333335,1
2023-07-08T05:00,724.3990203658255,486.1459349277856,3.3333333333333335,1
2023-07-08T06:00,725.5534418477838,486.9206699769356,3.3333333333333335,1
2023-07-08T07:00,725.5534418477838,486.9206699769356,3.3333333333333335,1
2023-07-08T08:00,722.0846405834792,484.5927490572435,3.3333333333333335,1
2023-07-08T09:00,709.220564559713,475.95963651880066,3.3333333333333335,1
2023-07-08T10:00,713.9252301713316,479.11694899159755,3.3333333333333335,1
2023-07-08T11:00,711.5767855507888,477.54090212573726,3.3333333333333335,1
2023-07-08T12:00,713.3388438463799,478.72342371042237,3.3333333333333335,1
2023-07-08T13:00,708.0395136743432,475.1670304126032,3.3333333333333335,1
2023-07-08T14:00,708.0395136743432,475.1670304126032,3.3333333333333335,1
2023-07-08T15:00,709.8103530729155,476.35544501674104,3.3333333333333335,1
2023-07-08T16:00,702.1044591606096,471.18400097121975,3.3333333333333335,1
2023-07-08T17:00,700.9114175864269,470.3833478847539,3.3333333333333335,1
2023-07-08T18:00,703.2954769109565,471.98329586461375,3.3333333333333335,1
2023-07-08T19:00,705.6714819119483,473.5778385684635,3.3333333333333335,1
2023-07-08T20:00,715.6815064541526,480.2955902535258,3.3333333333333335,1
2023-07-08T21:00,718.5990950147234,482.2535909943288,3.3333333333333335,1
2023-07-08T22:00,720.9246645082791,483.814286307132,3.3333333333333335,1
2023-07-08T23:00,720.3439760012405,483.4245848453417,3.3333333333333335,1
2023-07-09T00:00,721.5048856601552,484.20367412574234,3.3333333333333335,1
2023-07-09T01:00,722.6639304003426,484.98151185467384,3.3333333333333335,1
2023-07-09T02:00,722.6639304003426,484.98151185467384,3.3333333333333335,1
2023-07-09T03:00,722.6639304003426,484.98151185467384,3.3333333333333335,1
2023-07-09T04:00,723.2427562283427,485.36996326805564,3.3333333333333335,1
2023-07-09T05:00,723.2427562283427,485.36996326805564,3.3333333333333335,1
2023-07-09T06:00,722.6639304003426,484.98151185467384,3.3333333333333335,1
2023-07-09T07:00,720.9246645082791,483.814286307132,3.3333333333333335,1
2023-07-09T08:00,718.0165257296524,481.8626273378512,3.3333333333333335,1
2023-07-09T09:00,712.1646227312139,477.9354010795303,3.3333333333333335,1
2023-07-09T10:00,705.6714819119483,473.5778385684635,3.3333333333333335,1
2023-07-09T11:00,697.3200459562463,467.97316969601815,3.3333333333333335,1
2023-07-09T12:00,692.5025786317555,464.74015572083925,3.3333333333333335,1
2023-07-09T13:00,696.7196842040008,467.5702654717787,3.3333333333333335,1
2023-07-09T14:00,698.5192214696881,468.7779392839591,3.3333333333333335,1
2023-07-09T15:00,705.0782312968585,473.1797066455715,3.3333333333333335,1
2023-07-09T16:00,707.448248841639,474.7702311530739,3.3333333333333335,1
2023-07-09T17:00,700.3141346338195,469.9825098503995,3.3333333333333335,1
2023-07-09T18:00,700.9114175864269,470.3833478847539,3.3333333333333335,1
2023-07-09T19:00,704.4844811020378,472.7812394535136,3.3333333333333335,1
2023-07-09T20:00,725.5534418477838,486.9206699769356,3.3333333333333335,1
2023-07-09T21:00,727.2816382822145,488.08046678468236,3.3333333333333335,1
2023-07-09T22:00,727.8567919017867,488.4664537701048,3.3333333333333335,1
2023-07-09T23:00,726.1299643398999,487.3075756160336,3.3333333333333335,1
2023-07-10T00:00,724.9764608882598,486.533456659251,3.3333333333333335,1
2023-07-10T01:00,724.9764608882598,486.533456659251,3.3333333333333335,1
2023-07-10T02:00,723.8211191806087,485.7581040444124,3.3333333333333335,1
2023-07-10T03:00,722.6639304003426,484.98151185467384,3.3333333333333335,1
2023-07-10T04:00,721.5048856601552,484.20367412574234,3.3333333333333335,1
2023-07-10T05:00,721.5048856601552,484.20367412574234,3.3333333333333335,1
2023-07-10T06:00,720.9246645082791,483.814286307132,3.3333333333333335,1
2023-07-10T07:00,715.6815064541526,480.2955902535258,3.3333333333333335,1
2023-07-10T08:00,709.220564559713,475.95963651880066,3.3333333333333335,1
2023-07-10T09:00,702.700220370188,471.5838177601464,3.3333333333333335,1
2023-07-10T10:00,696.7196842040008,467.5702654717787,3.3333333333333335,1
2023-07-10T11:00,690.6873656049705,463.5219618674657,3.3333333333333335,1
2023-07-10T12:00,686.4332014556423,460.6669820157991,3.3333333333333335,1
2023-07-10T13:00,683.3782988836771,458.61682950977917,3.3333333333333335,1
2023-07-10T14:00,683.3782988836771,458.61682950977917,3.3333333333333335,1
2023-07-10T15:00,681.538784648278,457.38232705651876,3.3333333333333335,1
2023-07-10T16:00,681.538784648278,457.38232705651876,3.3333333333333335,1
2023-07-10T17:00,683.3782988836771,458.61682950977917,3.3333333333333335,1
2023-07-10T18:00,688.8673693832782,462.3005580004189,3.3333333333333335,1
2023-07-10T19:00,697.3200459562463,467.97316969601815,3.3333333333333335,1
2023-07-10T20:00,701.5081919964393,470.78384463494274,3.3333333333333335,1
2023-07-10T21:00,703.8902300632597,472.3824361438643,3.3333333333333335,1
2023-07-10T22:00,705.0782312968585,473.1797066455715,3.3333333333333335,1
2023-07-10T23:00,702.1044591606096,471.18400097121975,3.3333333333333335,1
2023-07-11T00:00,703.2954769109565,471.98329586461375,3.3333333333333335,1
2023-07-11T01:00,706.2642342062239,473.97563606705165,3.3333333333333335,1
2023-07-11T02:00,710.3996519316403,476.750924906377,3.3333333333333335,1
2023-07-11T03:00,710.9884623534299,477.1460770048041,3.3333333333333335,1
2023-07-11T04:00,713.9252301713316,479.11694899159755,3.3333333333333335,1
2023-07-11T05:00,715.6815064541526,480.2955902535258,3.3333333333333335,1
2023-07-11T06:00,715.6815064541526,480.2955902535258,3.3333333333333335,1
2023-07-11T07:00,712.751975097222,478.32957467319545,3.3333333333333335,1
2023-07-11T08:00,702.700220370188,471.5838177601464,3.3333333333333335,1
2023-07-11T09:00,696.1188046750524,467.1670137663415,3.3333333333333335,1
2023-07-11T10:00,691.8980367630277,464.33444621031657,3.3333333333333335,1
2023-07-11T11:00,688.8673693832782,462.3005580004189,3.3333333333333335,1
2023-07-11T12:00,686.4332014556423,460.6669820157991,3.3333333333333335,1
2023-07-11T13:00,681.538784648278,457.38232705651876,3.3333333333333335,1
2023-07-11T14:00,680.9245089176575,456.9700851277332,3.3333333333333335,1
2023-07-11T15:00,679.6942919979211,456.14448357693715,3.3333333333333335,1
2023-07-11T16:00,681.538784648278,457.38232705651876,3.3333333333333335,1
2023-07-11T17:00,683.3782988836771,458.61682950977917,3.3333333333333335,1
2023-07-11T18:00,687.6513624874455,461.4844928310394,3.3333333333333335,1
2023-07-11T19:00,695.51740602743,466.76341367910635,3.3333333333333335,1
2023-07-11T20:00,705.0782312968585,473.1797066455715,3.3333333333333335,1
2023-07-11T21:00,703.8902300632597,472.3824361438643,3.3333333333333335,1
2023-07-11T22:00,705.6714819119483,473.5778385684635,3.3333333333333335,1
2023-07-11T23:00,707.448248841639,474.7702311530739,3.3333333333333335,1
2023-07-12T00:00,708.630285169424,475.56349859206006,3.3333333333333335,1
2023-07-12T01:00,708.630285169424,475.56349859206006,3.3333333333333335,1
2023-07-12T02:00,709.8103530729155,476.35544501674104,3.3333333333333335,1
2023-07-12T03:00,710.3996519316403,476.750924906377,3.3333333333333335,1
2023-07-12T04:00,710.3996519316403,476.750924906377,3.3333333333333335,1
2023-07-12T05:00,710.9884623534299,477.1460770048041,3.3333333333333335,1
2023-07-12T06:00,710.9884623534299,477.1460770048041,3.3333333333333335,1
2023-07-12T07:00,708.630285169424,475.56349859206006,3.3333333333333335,1
2023-07-12T08:00,701.5081919964393,470.78384463494274,3.3333333333333335,1
2023-07-12T09:00,695.51740602743,466.76341367910635,3.3333333333333335,1
2023-07-12T10:00,691.8980367630277,464.33444621031657,3.3333333333333335,1
2023-07-12T11:00,689.4745685927339,462.70805085873235,3.3333333333333335,1
2023-07-12T12:00,687.0425519542013,461.07591860943364,3.3333333333333335,1
2023-07-12T13:00,684.6018957433188,459.43798832223155,3.3333333333333335,1
2023-07-12T14:00,683.9903709265556,459.02759253839025,3.3333333333333335,1
2023-07-12T15:00,682.7656781429845,458.2056982487378,3.3333333333333335,1
2023-07-12T16:00,682.7656781429845,458.2056982487378,3.3333333333333335,1
2023-07-12T17:00,685.2128747990984,459.84801784455647,3.3333333333333335,1
2023-07-12T18:00,690.6873656049705,463.5219618674657,3.3333333333333335,1
2023-07-12T19:00,695.51740602743,466.76341367910635,3.3333333333333335,1
2023-07-12T20:00,696.7196842040008,467.5702654717787,3.3333333333333335,1
2023-07-12T21:00,699.7163418363307,469.5813296579117,3.3333333333333335,1
2023-07-12T22:00,702.700220370188,471.5838177601464,3.3333333333333335,1
2023-07-12T23:00,702.1044591606096,471.18400097121975,3.3333333333333335,1
2023-07-13T00:00,701.5081919964393,470.78384463494274,3.3333333333333335,1
2023-07-13T01:00,703.2954769109565,471.98329586461375,3.3333333333333335,1
2023-07-13T02:00,706.2642342062239,473.97563606705165,3.3333333333333335,1
2023-07-13T03:00,708.630285169424,475.56349859206006,3.3333333333333335,1
2023-07-13T04:00,708.630285169424,475.56349859206006,3.3333333333333335,1
2023-07-13T05:00,708.630285169424,475.56349859206006,3.3333333333333335,1
2023-07-13T06:00,709.220564559713,475.95963651880066,3.3333333333333335,1
2023-07-13T07:00,708.0395136743432,475.1670304126032,3.3333333333333335,1
2023-07-13T08:00,701.5081919964393,470.78384463494274,3.3333333333333335,1
2023-07-13T09:00,695.51740602743,466.76341367910635,3.3333333333333335,1
2023-07-13T10:00,690.6873656049705,463.5219618674657,3.3333333333333335,1
2023-07-13T11:00,685.8233095524996,460.2576820842386,3.3333333333333335,1
2023-07-13T12:00,682.7656781429845,458.2056982487378,3.3333333333333335,1
2023-07-13T13:00,679.6942919979211,456.14448357693715,3.3333333333333335,1
2023-07-13T14:00,678.4618443983107,455.3173850114814,3.3333333333333335,1
2023-07-13T15:00,678.4618443983107,455.3173850114814,3.3333333333333335,1
2023-07-13T16:00,679.6942919979211,456.14448357693715,3.3333333333333335,1
2023-07-13T17:00,681.538784648278,457.38232705651876,3.3333333333333335,1
2023-07-13T18:00,687.6513624874455,461.4844928310394,3.3333333333333335,1
2023-07-13T19:00,695.51740602743,466.76341367910635,3.3333333333333335,1
2023-07-13T20:00,711.5767855507888,477.54090212573726,3.3333333333333335,1
2023-07-13T21:00,712.751975097222,478.32957467319545,3.3333333333333335,1
2023-07-13T22:00,721.5048856601552,484.20367412574234,3.3333333333333335,1
2023-07-13T23:00,725.5534418477838,486.9206699769356,3.3333333333333335,1
2023-07-14T00:00,725.5534418477838,486.9206699769356,3.3333333333333335,1
2023-07-14T01:00,726.7060294557649,487.6941743088232,3.3333333333333335,1
2023-07-14T02:00,726.1299643398999,487.3075756160336,3.3333333333333335,1
2023-07-14T03:00,725.5534418477838,486.9206699769356,3.3333333333333335,1
2023-07-14T04:00,726.1299643398999,487.3075756160336,3.3333333333333335,1
2023-07-14T05:00,726.1299643398999,487.3075756160336,3.3333333333333335,1
2023-07-14T06:00,727.2816382822145,488.08046678468236,3.3333333333333335,1
2023-07-14T07:00,728.4314913927456,488.8521359887164,3.3333333333333335,1
2023-07-14T08:00,724.9764608882598,486.533456659251,3.3333333333333335,1
2023-07-14T09:00,724.9764608882598,486.533456659251,3.3333333333333335,1
2023-07-14T10:00,724.9764608882598,486.533456659251,3.3333333333333335,1
2023-07-14T11:00,736.4301946172787,494.22008507199496,3.3333333333333335,1
2023-07-14T12:00,737.5657854145899,494.9821828031258,3.3333333333333335,1
2023-07-14T13:00,729.5795322806536,489.62258900576427,3.3333333333333335,1
2023-07-14T14:00,725.5534418477838,486.9206699769356,3.3333333333333335,1
2023-07-14T15:00,718.5990950147234,482.2535909943288,3.3333333333333335,1
2023-07-14T16:00,716.8499668345412,481.07974684137326,3.3333333333333335,1
2023-07-14T17:00,715.6815064541526,480.2955902535258,3.3333333333333335,1
2023-07-14T18:00,716.8499668345412,481.07974684137326,3.3333333333333335,1
2023-07-14T19:00,720.9246645082791,483.814286307132,3.3333333333333335,1
2023-07-14T20:00,723.2427562283427,485.36996326805564,3.3333333333333335,1
2023-07-14T21:00,727.2816382822145,488.08046678468236,3.3333333333333335,1
2023-07-14T22:00,730.7257694874697,490.3918315680682,3.3333333333333335,1
2023-07-14T23:00,732.4417619158204,491.5434382378125,3.3333333333333335,1
2023-07-15T00:00,734.1537434377407,492.6923531785488,3.3333333333333335,1
2023-07-15T01:00,736.4301946172787,494.22008507199496,3.3333333333333335,1
2023-07-15T02:00,737.5657854145899,494.9821828031258,3.3333333333333335,1
2023-07-15T03:00,738.6996304889008,495.74310897532814,3.3333333333333335,1
2023-07-15T04:00,738.6996304889008,495.74310897532814,3.3333333333333335,1
2023-07-15T05:00,738.6996304889008,495.74310897532814,3.3333333333333335,1
2023-07-15T06:00,738.6996304889008,495.74310897532814,3.3333333333333335,1
2023-07-15T07:00,733.5835268519523,492.30967944844156,3.3333333333333335,1
2023-07-15T08:00,726.1299643398999,487.3075756160336,3.3333333333333335,1
2023-07-15T09:00,717.4334833876808,481.47134621174325,3.3333333333333335,1
2023-07-15T10:00,712.1646227312139,477.9354010795303,3.3333333333333335,1
2023-07-15T11:00,713.9252301713316,479.11694899159755,3.3333333333333335,1
2023-07-15T12:00,712.1646227312139,477.9354010795303,3.3333333333333335,1
2023-07-15T13:00,710.9884623534299,477.1460770048041,3.3333333333333335,1
2023-07-15T14:00,709.220564559713,475.95963651880066,3.3333333333333335,1
2023-07-15T15:00,709.220564559713,475.95963651880066,3.3333333333333335,1
2023-07-15T16:00,703.8902300632597,472.3824361438643,3.3333333333333335,1
2023-07-15T17:00,703.8902300632597,472.3824361438643,3.3333333333333335,1
2023-07-15T18:00,704.4844811020378,472.7812394535136,3.3333333333333335,1
2023-07-15T19:00,713.3388438463799,478.72342371042237,3.3333333333333335,1
2023-07-15T20:00,720.3439760012405,483.4245848453417,3.3333333333333335,1
2023-07-15T21:00,721.5048856601552,484.20367412574234,3.3333333333333335,1
2023-07-15T22:00,719.7628190078847,483.0345689812505,3.3333333333333335,1
2023-07-15T23:00,721.5048856601552,484.20367412574234,3.3333333333333335,1
2023-07-16T00:00,722.6639304003426,484.98151185467384,3.3333333333333335,1
2023-07-16T01:00,722.6639304003426,484.98151185467384,3.3333333333333335,1
2023-07-16T02:00,728.4314913927456,488.8521359887164,3.3333333333333335,1
2023-07-16T03:00,726.7060294557649,487.6941743088232,3.3333333333333335,1
2023-07-16T04:00,728.4314913927456,488.8521359887164,3.3333333333333335,1
2023-07-16T05:00,729.5795322806536,489.62258900576427,3.3333333333333335,1
2023-07-16T06:00,730.1528758129739,490.00736123725335,3.3333333333333335,1
2023-07-16T07:00,729.5795322806536,489.62258900576427,3.3333333333333335,1
2023-07-16T08:00,726.1299643398999,487.3075756160336,3.3333333333333335,1
2023-07-16T09:00,723.8211191806087,485.7581040444124,3.3333333333333335,1
2023-07-16T10:00,720.3439760012405,483.4245848453417,3.3333333333333335,1
2023-07-16T11:00,720.9246645082791,483.814286307132,3.3333333333333335,1
2023-07-16T12:00,718.0165257296524,481.8626273378512,3.3333333333333335,1
2023-07-16T13:00,712.1646227312139,477.9354010795303,3.3333333333333335,1
2023-07-16T14:00,711.5767855507888,477.54090212573726,3.3333333333333335,1
2023-07-16T15:00,708.630285169424,475.56349859206006,3.3333333333333335,1
2023-07-16T16:00,708.0395136743432,475.1670304126032,3.3333333333333335,1
2023-07-16T17:00,708.630285169424,475.56349859206006,3.3333333333333335,1
2023-07-16T18:00,712.1646227312139,477.9354010795303,3.3333333333333335,1
2023-07-16T19:00,719.1811923924862,482.6442379526704,3.3333333333333335,1
2023-07-16T20:00,721.5048856601552,484.20367412574234,3.3333333333333335,1
2023-07-16T21:00,727.8567919017867,488.4664537701048,3.3333333333333335,1
2023-07-16T22:00,730.7257694874697,490.3918315680682,3.3333333333333335,1
2023-07-16T23:00,734.1537434377407,492.6923531785488,3.3333333333333335,1
2023-07-17T00:00,738.1329256640295,495.3627919964675,3.3333333333333335,1
2023-07-17T01:00,740.3971424105681,496.88231333233193,3.3333333333333335,1
2023-07-17T02:00,740.3971424105681,496.88231333233193,3.3333333333333335,1
2023-07-17T03:00,739.8317378665478,496.50286897509585,3.3333333333333335,1
2023-07-17T04:00,739.2659008905641,496.123134411723,3.3333333333333335,1
2023-07-17T05:00,739.2659008905641,496.123134411723,3.3333333333333335,1
2023-07-17T06:00,738.6996304889008,495.74310897532814,3.3333333333333335,1
2023-07-17T07:00,738.1329256640295,495.3627919964675,3.3333333333333335,1
2023-07-17T08:00,736.4301946172787,494.22008507199496,3.3333333333333335,1
2023-07-17T09:00,731.2982143613874,490.77600070772934,3.3333333333333335,1
2023-07-17T10:00,729.0057378291054,489.23751416129056,3.3333333333333335,1
2023-07-17T11:00,725.5534418477838,486.9206699769356,3.3333333333333335,1
2023-07-17T12:00,722.6639304003426,484.98151185467384,3.3333333333333335,1
2023-07-17T13:00,715.0965602947524,479.903031470936,3.3333333333333335,1
2023-07-17T14:00,706.2642342062239,473.97563606705165,3.3333333333333335,1
2023-07-17T15:00,702.700220370188,471.5838177601464,3.3333333333333335,1
2023-07-17T16:00,701.5081919964393,470.78384463494274,3.3333333333333335,1
2023-07-17T17:00,702.700220370188,471.5838177601464,3.3333333333333335,1
2023-07-17T18:00,706.2642342062239,473.97563606705165,3.3333333333333335,1
2023-07-17T19:00,713.9252301713316,479.11694899159755,3.3333333333333335,1
2023-07-17T20:00,723.2427562283427,485.36996326805564,3.3333333333333335,1
2023-07-17T21:00,725.5534418477838,486.9206699769356,3.3333333333333335,1
2023-07-17T22:00,728.4314913927456,488.8521359887164,3.3333333333333335,1
2023-07-17T23:00,729.5795322806536,489.62258900576427,3.3333333333333335,1
2023-07-18T00:00,731.8702114878379,491.15986936298214,3.3333333333333335,1
2023-07-18T01:00,733.0128666902446,491.92670803346175,3.3333333333333335,1
2023-07-18T02:00,734.7235174803831,493.0747299168802,3.3333333333333335,1
2023-07-18T03:00,736.4301946172787,494.22008507199496,3.3333333333333335,1
2023-07-18T04:00,736.9982087353686,494.6012807207018,3.3333333333333335,1
2023-07-18T05:00,737.5657854145899,494.9821828031258,3.3333333333333335,1
2023-07-18T06:00,737.5657854145899,494.9821828031258,3.3333333333333335,1
2023-07-18T07:00,733.0128666902446,491.92670803346175,3.3333333333333335,1
2023-07-18T08:00,725.5534418477838,486.9206699769356,3.3333333333333335,1
2023-07-18T09:00,718.5990950147234,482.2535909943288,3.3333333333333335,1
2023-07-18T10:00,712.751975097222,478.32957467319545,3.3333333333333335,1
2023-07-18T11:00,705.6714819119483,473.5778385684635,3.3333333333333335,1
2023-07-18T12:00,701.5081919964393,470.78384463494274,3.3333333333333335,1
2023-07-18T13:00,699.7163418363307,469.5813296579117,3.3333333333333335,1
2023-07-18T14:00,701.5081919964393,470.78384463494274,3.3333333333333335,1
2023-07-18T15:00,703.8902300632597,472.3824361438643,3.3333333333333335,1
2023-07-18T16:00,701.5081919964393,470.78384463494274,3.3333333333333335,1
2023-07-18T17:00,702.700220370188,471.5838177601464,3.3333333333333335,1
2023-07-18T18:00,703.2954769109565,471.98329586461375,3.3333333333333335,1
2023-07-18T19:00,709.220564559713,475.95963651880066,3.3333333333333335,1
2023-07-18T20:00,716.8499668345412,481.07974684137326,3.3333333333333335,1
2023-07-18T21:00,717.4334833876808,481.47134621174325,3.3333333333333335,1
2023-07-18T22:00,720.3439760012405,483.4245848453417,3.3333333333333335,1
2023-07-18T23:00,720.3439760012405,483.4245848453417,3.3333333333333335,1
2023-07-19T00:00,721.5048856601552,484.20367412574234,3.3333333333333335,1
2023-07-19T01:00,726.1299643398999,487.3075756160336,3.3333333333333335,1
2023-07-19T02:00,726.1299643398999,487.3075756160336,3.3333333333333335,1
2023-07-19T03:00,726.7060294557649,487.6941743088232,3.3333333333333335,1
2023-07-19T04:00,728.4314913927456,488.8521359887164,3.3333333333333335,1
2023-07-19T05:00,727.2816382822145,488.08046678468236,3.3333333333333335,1
2023-07-19T06:00,728.4314913927456,488.8521359887164,3.3333333333333335,1
2023-07-19T07:00,726.7060294557649,487.6941743088232,3.3333333333333335,1
2023-07-19T08:00,723.2427562283427,485.36996326805564,3.3333333333333335,1
2023-07-19T09:00,720.3439760012405,483.4245848453417,3.3333333333333335,1
2023-07-19T10:00,718.0165257296524,481.8626273378512,3.3333333333333335,1
2023-07-19T11:00,714.5111352598275,479.51015131382326,3.3333333333333335,1
2023-07-19T12:00,713.9252301713316,479.11694899159755,3.3333333333333335,1
2023-07-19T13:00,711.5767855507888,477.54090212573726,3.3333333333333335,1
2023-07-19T14:00,710.9884623534299,477.1460770048041,3.3333333333333335,1
2023-07-19T15:00,710.3996519316403,476.750924906377,3.3333333333333335,1
2023-07-19T16:00,710.3996519316403,476.750924906377,3.3333333333333335,1
2023-07-19T17:00,710.9884623534299,477.1460770048041,3.3333333333333335,1
2023-07-19T18:00,712.1646227312139,477.9354010795303,3.3333333333333335,1
2023-07-19T19:00,716.8499668345412,481.07974684137326,3.3333333333333335,1
2023-07-19T20:00,720.9246645082791,483.814286307132,3.3333333333333335,1
2023-07-19T21:00,723.2427562283427,485.36996326805564,3.3333333333333335,1
2023-07-19T22:00,725.5534418477838,486.9206699769356,3.3333333333333335,1
2023-07-19T23:00,726.1299643398999,487.3075756160336,3.3333333333333335,1
2023-07-20T00:00,727.2816382822145,488.08046678468236,3.3333333333333335,1
2023-07-20T01:00,723.2427562283427,485.36996326805564,3.3333333333333335,1
2023-07-20T02:00,723.8211191806087,485.7581040444124,3.3333333333333335,1
2023-07-20T03:00,730.7257694874697,490.3918315680682,3.3333333333333335,1
2023-07-20T04:00,729.5795322806536,489.62258900576427,3.3333333333333335,1
2023-07-20T05:00,730.7257694874697,490.3918315680682,3.3333333333333335,1
2023-07-20T06:00,729.5795322806536,489.62258900576427,3.3333333333333335,1
2023-07-20T07:00,723.2427562283427,485.36996326805564,3.3333333333333335,1
2023-07-20T08:00,724.9764608882598,486.533456659251,3.3333333333333335,1
2023-07-20T09:00,721.5048856601552,484.20367412574234,3.3333333333333335,1
2023-07-20T10:00,715.6815064541526,480.2955902535258,3.3333333333333335,1
2023-07-20T11:00,712.1646227312139,477.9354010795303,3.3333333333333335,1
2023-07-20T12:00,707.448248841639,474.7702311530739,3.3333333333333335,1
2023-07-20T13:00,704.4844811020378,472.7812394535136,3.3333333333333335,1
2023-07-20T14:00,703.8902300632597,472.3824361438643,3.3333333333333335,1
2023-07-20T15:00,702.1044591606096,471.18400097121975,3.3333333333333335,1
2023-07-20T16:00,700.3141346338195,469.9825098503995,3.3333333333333335,1
2023-07-20T17:00,723.8211191806087,485.7581040444124,3.3333333333333335,1
2023-07-20T18:00,726.1299643398999,487.3075756160336,3.3333333333333335,1
2023-07-20T19:00,723.8211191806087,485.7581040444124,3.3333333333333335,1
2023-07-20T20:00,719.1811923924862,482.6442379526704,3.3333333333333335,1
2023-07-20T21:00,723.2427562283427,485.36996326805564,3.3333333333333335,1
2023-07-20T22:00,723.8211191806087,485.7581040444124,3.3333333333333335,1
2023-07-20T23:00,729.5795322806536,489.62258900576427,3.3333333333333335,1
2023-07-21T00:00,728.4314913927456,488.8521359887164,3.3333333333333335,1
2023-07-21T01:00,729.0057378291054,489.23751416129056,3.3333333333333335,1
2023-07-21T02:00,729.0057378291054,489.23751416129056,3.3333333333333335,1
2023-07-21T03:00,728.4314913927456,488.8521359887164,3.3333333333333335,1
2023-07-21T04:00,728.4314913927456,488.8521359887164,3.3333333333333335,1
2023-07-21T05:00,730.7257694874697,490.3918315680682,3.3333333333333335,1
2023-07-21T06:00,726.7060294557649,487.6941743088232,3.3333333333333335,1
2023-07-21T07:00,721.5048856601552,484.20367412574234,3.3333333333333335,1
2023-07-21T08:00,710.9884623534299,477.1460770048041,3.3333333333333335,1
2023-07-21T09:00,705.0782312968585,473.1797066455715,3.3333333333333335,1
2023-07-21T10:00,699.7163418363307,469.5813296579117,3.3333333333333335,1
2023-07-21T11:00,697.3200459562463,467.97316969601815,3.3333333333333335,1
2023-07-21T12:00,693.7100818654926,465.55051406201557,3.3333333333333335,1
2023-07-21T13:00,691.8980367630277,464.33444621031657,3.3333333333333335,1
2023-07-21T14:00,701.5081919964393,470.78384463494274,3.3333333333333335,1
2023-07-21T15:00,714.5111352598275,479.51015131382326,3.3333333333333335,1
2023-07-21T16:00,720.9246645082791,483.814286307132,3.3333333333333335,1
2023-07-21T17:00,720.3439760012405,483.4245848453417,3.3333333333333335,1
2023-07-21T18:00,718.5990950147234,482.2535909943288,3.3333333333333335,1
2023-07-21T19:00,720.3439760012405,483.4245848453417,3.3333333333333335,1
2023-07-21T20:00,729.0057378291054,489.23751416129056,3.3333333333333335,1
2023-07-21T21:00,731.8702114878379,491.15986936298214,3.3333333333333335,1
2023-07-21T22:00,731.2982143613874,490.77600070772934,3.3333333333333335,1
2023-07-21T23:00,731.8702114878379,491.15986936298214,3.3333333333333335,1
2023-07-22T00:00,731.8702114878379,491.15986936298214,3.3333333333333335,1
2023-07-22T01:00,731.2982143613874,490.77600070772934,3.3333333333333335,1
2023-07-22T02:00,729.5795322806536,489.62258900576427,3.3333333333333335,1
2023-07-22T03:00,730.1528758129739,490.00736123725335,3.3333333333333335,1
2023-07-22T04:00,731.2982143613874,490.77600070772934,3.3333333333333335,1
2023-07-22T05:00,731.8702114878379,491.15986936298214,3.3333333333333335,1
2023-07-22T06:00,731.8702114878379,491.15986936298214,3.3333333333333335,1
2023-07-22T07:00,726.7060294557649,487.6941743088232,3.3333333333333335,1
2023-07-22T08:00,723.8211191806087,485.7581040444124,3.3333333333333335,1
2023-07-22T09:00,719.7628190078847,483.0345689812505,3.3333333333333335,1
2023-07-22T10:00,713.3388438463799,478.72342371042237,3.3333333333333335,1
2023-07-22T11:00,703.8902300632597,472.3824361438643,3.3333333333333335,1
2023-07-22T12:00,699.7163418363307,469.5813296579117,3.3333333333333335,1
2023-07-22T13:00,696.7196842040008,467.5702654717787,3.3333333333333335,1
2023-07-22T14:00,697.3200459562463,467.97316969601815,3.3333333333333335,1
2023-07-22T15:00,694.9154869133556,466.35946430557624,3.3333333333333335,1
2023-07-22T16:00,691.8980367630277,464.33444621031657,3.3333333333333335,1
2023-07-22T17:00,692.5025786317555,464.74015572083925,3.3333333333333335,1
2023-07-22T18:00,707.448248841639,474.7702311530739,3.3333333333333335,1
2023-07-22T19:00,716.8499668345412,481.07974684137326,3.3333333333333335,1
2023-07-22T20:00,717.4334833876808,481.47134621174325,3.3333333333333335,1
2023-07-22T21:00,720.3439760012405,483.4245848453417,3.3333333333333335,1
2023-07-22T22:00,720.9246645082791,483.814286307132,3.3333333333333335,1
2023-07-22T23:00,723.8211191806087,485.7581040444124,3.3333333333333335,1
2023-07-23T00:00,725.5534418477838,486.9206699769356,3.3333333333333335,1
2023-07-23T01:00,727.2816382822145,488.08046678468236,3.3333333333333335,1
2023-07-23T02:00,729.0057378291054,489.23751416129056,3.3333333333333335,1
2023-07-23T03:00,730.7257694874697,490.3918315680682,3.3333333333333335,1
2023-07-23T04:00,730.7257694874697,490.3918315680682,3.3333333333333335,1
2023-07-23T05:00,731.8702114878379,491.15986936298214,3.3333333333333335,1
2023-07-23T06:00,730.7257694874697,490.3918315680682,3.3333333333333335,1
2023-07-23T07:00,723.8211191806087,485.7581040444124,3.3333333333333335,1
2023-07-23T08:00,720.3439760012405,483.4245848453417,3.3333333333333335,1
2023-07-23T09:00,711.5767855507888,477.54090212573726,3.3333333333333335,1
2023-07-23T10:00,706.2642342062239,473.97563606705165,3.3333333333333335,1
2023-07-23T11:00,702.1044591606096,471.18400097121975,3.3333333333333335,1
2023-07-23T12:00,697.3200459562463,467.97316969601815,3.3333333333333335,1
2023-07-23T13:00,693.7100818654926,465.55051406201557,3.3333333333333335,1
2023-07-23T14:00,690.0812335306877,463.11518516614825,3.3333333333333335,1
2023-07-23T15:00,689.4745685927339,462.70805085873235,3.3333333333333335,1
2023-07-23T16:00,690.6873656049705,463.5219618674657,3.3333333333333335,1
2023-07-23T17:00,691.8980367630277,464.33444621031657,3.3333333333333335,1
2023-07-23T18:00,693.7100818654926,465.55051406201557,3.3333333333333335,1
2023-07-23T19:00,702.700220370188,471.5838177601464,3.3333333333333335,1
2023-07-23T20:00,709.8103530729155,476.35544501674104,3.3333333333333335,1
2023-07-23T21:00,712.1646227312139,477.9354010795303,3.3333333333333335,1
2023-07-23T22:00,711.5767855507888,477.54090212573726,3.3333333333333335,1
2023-07-23T23:00,713.9252301713316,479.11694899159755,3.3333333333333335,1
2023-07-24T00:00,716.8499668345412,481.07974684137326,3.3333333333333335,1
2023-07-24T01:00,718.5990950147234,482.2535909943288,3.3333333333333335,1
2023-07-24T02:00,721.5048856601552,484.20367412574234,3.3333333333333335,1
2023-07-24T03:00,723.8211191806087,485.7581040444124,3.3333333333333335,1
2023-07-24T04:00,724.9764608882598,486.533456659251,3.3333333333333335,1
2023-07-24T05:00,725.5534418477838,486.9206699769356,3.3333333333333335,1
2023-07-24T06:00,724.9764608882598,486.533456659251,3.3333333333333335,1
2023-07-24T07:00,719.7628190078847,483.0345689812505,3.3333333333333335,1
2023-07-24T08:00,712.1646227312139,477.9354010795303,3.3333333333333335,1
2023-07-24T09:00,705.6714819119483,473.5778385684635,3.3333333333333335,1
2023-07-24T10:00,700.3141346338195,469.9825098503995,3.3333333333333335,1
2023-07-24T11:00,695.51740602743,466.76341367910635,3.3333333333333335,1
2023-07-24T12:00,690.6873656049705,463.5219618674657,3.3333333333333335,1
2023-07-24T13:00,687.6513624874455,461.4844928310394,3.3333333333333335,1
2023-07-24T14:00,684.6018957433188,459.43798832223155,3.3333333333333335,1
2023-07-24T15:00,687.0425519542013,461.07591860943364,3.3333333333333335,1
2023-07-24T16:00,685.8233095524996,460.2576820842386,3.3333333333333335,1
2023-07-24T17:00,685.8233095524996,460.2576820842386,3.3333333333333335,1
2023-07-24T18:00,690.0812335306877,463.11518516614825,3.3333333333333335,1
2023-07-24T19:00,697.9198912679881,468.37572733578617,3.3333333333333335,1
2023-07-24T20:00,703.2954769109565,471.98329586461375,3.3333333333333335,1
2023-07-24T21:00,706.856489433324,474.3730999826558,3.3333333333333335,1
2023-07-24T22:00,708.630285169424,475.56349859206006,3.3333333333333335,1
2023-07-24T23:00,710.3996519316403,476.750924906377,3.3333333333333335,1
2023-07-25T00:00,714.5111352598275,479.51015131382326,3.3333333333333335,1
2023-07-25T01:00,715.6815064541526,480.2955902535258,3.3333333333333335,1
2023-07-25T02:00,718.0165257296524,481.8626273378512,3.3333333333333335,1
2023-07-25T03:00,718.0165257296524,481.8626273378512,3.3333333333333335,1
2023-07-25T04:00,719.1811923924862,482.6442379526704,3.3333333333333335,1
2023-07-25T05:00,719.7628190078847,483.0345689812505,3.3333333333333335,1
2023-07-25T06:00,719.7628190078847,483.0345689812505,3.3333333333333335,1
2023-07-25T07:00,716.2659749112644,480.68782844895424,3.3333333333333335,1
2023-07-25T08:00,710.3996519316403,476.750924906377,3.3333333333333335,1
2023-07-25T09:00,708.630285169424,475.56349859206006,3.3333333333333335,1
2023-07-25T10:00,703.2954769109565,471.98329586461375,3.3333333333333335,1
2023-07-25T11:00,705.0782312968585,473.1797066455715,3.3333333333333335,1
2023-07-25T12:00,702.700220370188,471.5838177601464,3.3333333333333335,1
2023-07-25T13:00,705.0782312968585,473.1797066455715,3.3333333333333335,1
2023-07-25T14:00,701.5081919964393,470.78384463494274,3.3333333333333335,1
2023-07-25T15:00,702.700220370188,471.5838177601464,3.3333333333333335,1
2023-07-25T16:00,723.2427562283427,485.36996326805564,3.3333333333333335,1
2023-07-25T17:00,724.9764608882598,486.533456659251,3.3333333333333335,1
2023-07-25T18:00,721.5048856601552,484.20367412574234,3.3333333333333335,1
2023-07-25T19:00,723.8211191806087,485.7581040444124,3.3333333333333335,1
2023-07-25T20:00,726.1299643398999,487.3075756160336,3.3333333333333335,1
2023-07-25T21:00,726.7060294557649,487.6941743088232,3.3333333333333335,1
2023-07-25T22:00,728.4314913927456,488.8521359887164,3.3333333333333335,1
2023-07-25T23:00,729.5795322806536,489.62258900576427,3.3333333333333335,1
2023-07-26T00:00,727.8567919017867,488.4664537701048,3.3333333333333335,1
2023-07-26T01:00,728.4314913927456,488.8521359887164,3.3333333333333335,1
2023-07-26T02:00,727.2816382822145,488.08046678468236,3.3333333333333335,1
2023-07-26T03:00,726.7060294557649,487.6941743088232,3.3333333333333335,1
2023-07-26T04:00,728.4314913927456,488.8521359887164,3.3333333333333335,1
2023-07-26T05:00,730.7257694874697,490.3918315680682,3.3333333333333335,1
2023-07-26T06:00,730.7257694874697,490.3918315680682,3.3333333333333335,1
2023-07-26T07:00,726.1299643398999,487.3075756160336,3.3333333333333335,1
2023-07-26T08:00,720.3439760012405,483.4245848453417,3.3333333333333335,1
2023-07-26T09:00,713.3388438463799,478.72342371042237,3.3333333333333335,1
2023-07-26T10:00,707.448248841639,474.7702311530739,3.3333333333333335,1
2023-07-26T11:00,701.5081919964393,470.78384463494274,3.3333333333333335,1
2023-07-26T12:00,696.7196842040008,467.5702654717787,3.3333333333333335,1
2023-07-26T13:00,692.5025786317555,464.74015572083925,3.3333333333333335,1
2023-07-26T14:00,690.6873656049705,463.5219618674657,3.3333333333333335,1
2023-07-26T15:00,689.4745685927339,462.70805085873235,3.3333333333333335,1
2023-07-26T16:00,690.6873656049705,463.5219618674657,3.3333333333333335,1
2023-07-26T17:00,699.7163418363307,469.5813296579117,3.3333333333333335,1
2023-07-26T18:00,705.6714819119483,473.5778385684635,3.3333333333333335,1
2023-07-26T19:00,709.8103530729155,476.35544501674104,3.3333333333333335,1
2023-07-26T20:00,712.751975097222,478.32957467319545,3.3333333333333335,1
2023-07-26T21:00,709.8103530729155,476.35544501674104,3.3333333333333335,1
2023-07-26T22:00,719.1811923924862,482.6442379526704,3.3333333333333335,1
2023-07-26T23:00,722.0846405834792,484.5927490572435,3.3333333333333335,1
2023-07-27T00:00,724.3990203658255,486.1459349277856,3.3333333333333335,1
2023-07-27T01:00,726.7060294557649,487.6941743088232,3.3333333333333335,1
2023-07-27T02:00,729.0057378291054,489.23751416129056,3.3333333333333335,1
2023-07-27T03:00,729.0057378291054,489.23751416129056,3.3333333333333335,1
2023-07-27T04:00,730.7257694874697,490.3918315680682,3.3333333333333335,1
2023-07-27T05:00,731.2982143613874,490.77600070772934,3.3333333333333335,1
2023-07-27T06:00,731.2982143613874,490.77600070772934,3.3333333333333335,1
2023-07-27T07:00,726.1299643398999,487.3075756160336,3.3333333333333335,1
2023-07-27T08:00,715.6815064541526,480.2955902535258,3.3333333333333335,1
2023-07-27T09:00,707.448248841639,474.7702311530739,3.3333333333333335,1
2023-07-27T10:00,697.9198912679881,468.37572733578617,3.3333333333333335,1
2023-07-27T11:00,691.8980367630277,464.33444621031657,3.3333333333333335,1
2023-07-27T12:00,687.6513624874455,461.4844928310394,3.3333333333333335,1
2023-07-27T13:00,687.6513624874455,461.4844928310394,3.3333333333333335,1
2023-07-27T14:00,689.4745685927339,462.70805085873235,3.3333333333333335,1
2023-07-27T15:00,712.1646227312139,477.9354010795303,3.3333333333333335,1
2023-07-27T16:00,710.3996519316403,476.750924906377,3.3333333333333335,1
2023-07-27T17:00,702.1044591606096,471.18400097121975,3.3333333333333335,1
2023-07-27T18:00,702.1044591606096,471.18400097121975,3.3333333333333335,1
2023-07-27T19:00,706.856489433324,474.3730999826558,3.3333333333333335,1
2023-07-27T20:00,711.5767855507888,477.54090212573726,3.3333333333333335,1
2023-07-27T21:00,713.3388438463799,478.72342371042237,3.3333333333333335,1
2023-07-27T22:00,717.4334833876808,481.47134621174325,3.3333333333333335,1
2023-07-27T23:00,720.3439760012405,483.4245848453417,3.3333333333333335,1
2023-07-28T00:00,722.6639304003426,484.98151185467384,3.3333333333333335,1
2023-07-28T01:00,722.6639304003426,484.98151185467384,3.3333333333333335,1
2023-07-28T02:00,723.2427562283427,485.36996326805564,3.3333333333333335,1
2023-07-28T03:00,725.5534418477838,486.9206699769356,3.3333333333333335,1
2023-07-28T04:00,727.8567919017867,488.4664537701048,3.3333333333333335,1
2023-07-28T05:00,730.1528758129739,490.00736123725335,3.3333333333333335,1
2023-07-28T06:00,731.2982143613874,490.77600070772934,3.3333333333333335,1
2023-07-28T07:00,726.7060294557649,487.6941743088232,3.3333333333333335,1
2023-07-28T08:00,717.4334833876808,481.47134621174325,3.3333333333333335,1
2023-07-28T09:00,710.9884623534299,477.1460770048041,3.3333333333333335,1
2023-07-28T10:00,705.6714819119483,473.5778385684635,3.3333333333333335,1
2023-07-28T11:00,702.700220370188,471.5838177601464,3.3333333333333335,1
2023-07-28T12:00,699.1180378861054,469.179806429586,3.3333333333333335,1
2023-07-28T13:00,696.7196842040008,467.5702654717787,3.3333333333333335,1
2023-07-28T14:00,696.1188046750524,467.1670137663415,3.3333333333333335,1
2023-07-28T15:00,694.9154869133556,466.35946430557624,3.3333333333333335,1
2023-07-28T16:00,713.3388438463799,478.72342371042237,3.3333333333333335,1
2023-07-28T17:00,722.0846405834792,484.5927490572435,3.3333333333333335,1
2023-07-28T18:00,717.4334833876808,481.47134621174325,3.3333333333333335,1
2023-07-28T19:00,717.4334833876808,481.47134621174325,3.3333333333333335,1
2023-07-28T20:00,726.1299643398999,487.3075756160336,3.3333333333333335,1
2023-07-28T21:00,725.5534418477838,486.9206699769356,3.3333333333333335,1
2023-07-28T22:00,727.8567919017867,488.4664537701048,3.3333333333333335,1
2023-07-28T23:00,729.0057378291054,489.23751416129056,3.3333333333333335,1
2023-07-29T00:00,729.5795322806536,489.62258900576427,3.3333333333333335,1
2023-07-29T01:00,730.1528758129739,490.00736123725335,3.3333333333333335,1
2023-07-29T02:00,730.7257694874697,490.3918315680682,3.3333333333333335,1
2023-07-29T03:00,731.8702114878379,491.15986936298214,3.3333333333333335,1
2023-07-29T04:00,733.0128666902446,491.92670803346175,3.3333333333333335,1
2023-07-29T05:00,731.8702114878379,491.15986936298214,3.3333333333333335,1
2023-07-29T06:00,733.0128666902446,491.92670803346175,3.3333333333333335,1
2023-07-29T07:00,732.4417619158204,491.5434382378125,3.3333333333333335,1
2023-07-29T08:00,723.8211191806087,485.7581040444124,3.3333333333333335,1
2023-07-29T09:00,720.3439760012405,483.4245848453417,3.3333333333333335,1
2023-07-29T10:00,719.7628190078847,483.0345689812505,3.3333333333333335,1
2023-07-29T11:00,724.3990203658255,486.1459349277856,3.3333333333333335,1
2023-07-29T12:00,724.9764608882598,486.533456659251,3.3333333333333335,1
2023-07-29T13:00,724.9764608882598,486.533456659251,3.3333333333333335,1
2023-07-29T14:00,724.9764608882598,486.533456659251,3.3333333333333335,1
2023-07-29T15:00,722.0846405834792,484.5927490572435,3.3333333333333335,1
2023-07-29T16:00,716.8499668345412,481.07974684137326,3.3333333333333335,1
2023-07-29T17:00,716.8499668345412,481.07974684137326,3.3333333333333335,1
2023-07-29T18:00,716.8499668345412,481.07974684137326,3.3333333333333335,1
2023-07-29T19:00,718.0165257296524,481.8626273378512,3.3333333333333335,1
2023-07-29T20:00,723.2427562283427,485.36996326805564,3.3333333333333335,1
2023-07-29T21:00,724.3990203658255,486.1459349277856,3.3333333333333335,1
2023-07-29T22:00,724.3990203658255,486.1459349277856,3.3333333333333335,1
2023-07-29T23:00,723.8211191806087,485.7581040444124,3.3333333333333335,1
2023-07-30T00:00,725.5534418477838,486.9206699769356,3.3333333333333335,1
2023-07-30T01:00,725.5534418477838,486.9206699769356,3.3333333333333335,1
2023-07-30T02:00,729.5795322806536,489.62258900576427,3.3333333333333335,1
2023-07-30T03:00,729.5795322806536,489.62258900576427,3.3333333333333335,1
2023-07-30T04:00,731.8702114878379,491.15986936298214,3.3333333333333335,1
2023-07-30T05:00,729.5795322806536,489.62258900576427,3.3333333333333335,1
2023-07-30T06:00,728.4314913927456,488.8521359887164,3.3333333333333335,1
2023-07-30T07:00,723.8211191806087,485.7581040444124,3.3333333333333335,1
2023-07-30T08:00,720.3439760012405,483.4245848453417,3.3333333333333335,1
2023-07-30T09:00,714.5111352598275,479.51015131382326,3.3333333333333335,1
2023-07-30T10:00,709.8103530729155,476.35544501674104,3.3333333333333335,1
2023-07-30T11:00,707.448248841639,474.7702311530739,3.3333333333333335,1
2023-07-30T12:00,703.2954769109565,471.98329586461375,3.3333333333333335,1
2023-07-30T13:00,702.1044591606096,471.18400097121975,3.3333333333333335,1
2023-07-30T14:00,705.6714819119483,473.5778385684635,3.3333333333333335,1
2023-07-30T15:00,715.0965602947524,479.903031470936,3.3333333333333335,1
2023-07-30T16:00,718.5990950147234,482.2535909943288,3.3333333333333335,1
2023-07-30T17:00,718.0165257296524,481.8626273378512,3.3333333333333335,1
2023-07-30T18:00,716.2659749112644,480.68782844895424,3.3333333333333335,1
2023-07-30T19:00,718.0165257296524,481.8626273378512,3.3333333333333335,1
2023-07-30T20:00,715.0965602947524,479.903031470936,3.3333333333333335,1
2023-07-30T21:00,717.4334833876808,481.47134621174325,3.3333333333333335,1
2023-07-30T22:00,718.5990950147234,482.2535909943288,3.3333333333333335,1
2023-07-30T23:00,719.7628190078847,483.0345689812505,3.3333333333333335,1
2023-07-31T00:00,720.9246645082791,483.814286307132,3.3333333333333335,1
2023-07-31T01:00,721.5048856601552,484.20367412574234,3.3333333333333335,1
2023-07-31T02:00,722.6639304003426,484.98151185467384,3.3333333333333335,1
2023-07-31T03:00,723.2427562283427,485.36996326805564,3.3333333333333335,1
2023-07-31T04:00,724.3990203658255,486.1459349277856,3.3333333333333335,1
2023-07-31T05:00,726.1299643398999,487.3075756160336,3.3333333333333335,1
2023-07-31T06:00,727.2816382822145,488.08046678468236,3.3333333333333335,1
2023-07-31T07:00,723.8211191806087,485.7581040444124,3.3333333333333335,1
2023-07-31T08:00,716.2659749112644,480.68782844895424,3.3333333333333335,1
2023-07-31T09:00,708.630285169424,475.56349859206006,3.3333333333333335,1
2023-07-31T10:00,703.8902300632597,472.3824361438643,3.3333333333333335,1
2023-07-31T11:00,700.3141346338195,469.9825098503995,3.3333333333333335,1
2023-07-31T12:00,696.7196842040008,467.5702654717787,3.3333333333333335,1
2023-07-31T13:00,705.0782312968585,473.1797066455715,3.3333333333333335,1
2023-07-31T14:00,708.630285169424,475.56349859206006,3.3333333333333335,1
2023-07-31T15:00,709.8103530729155,476.35544501674104,3.3333333333333335,1
2023-07-31T16:00,705.6714819119483,473.5778385684635,3.3333333333333335,1
2023-07-31T17:00,705.0782312968585,473.1797066455715,3.3333333333333335,1
2023-07-31T18:00,708.0395136743432,475.1670304126032,3.3333333333333335,1
2023-07-31T19:00,712.1646227312139,477.9354010795303,3.3333333333333335,1
2023-07-31T20:00,710.9884623534299,477.1460770048041,3.3333333333333335,1
2023-07-31T21:00,713.3388438463799,478.72342371042237,3.3333333333333335,1
2023-07-31T22:00,716.8499668345412,481.07974684137326,3.3333333333333335,1
2023-07-31T23:00,719.1811923924862,482.6442379526704,3.3333333333333335,1
2023-08-01T00:00,721.5048856601552,484.20367412574234,3.3333333333333335,1
2023-08-01T01:00,723.2427562283427,485.36996326805564,3.3333333333333335,1
2023-08-01T02:00,723.8211191806087,485.7581040444124,3.3333333333333335,1
2023-08-01T03:00,724.3990203658255,486.1459349277856,3.3333333333333335,1
2023-08-01T04:00,725.5534418477838,486.9206699769356,3.3333333333333335,1
2023-08-01T05:00,726.1299643398999,487.3075756160336,3.3333333333333335,1
2023-08-01T06:00,726.1299643398999,487.3075756160336,3.3333333333333335,1
2023-08-01T07:00,722.0846405834792,484.5927490572435,3.3333333333333335,1
2023-08-01T08:00,714.5111352598275,479.51015131382326,3.3333333333333335,1
2023-08-01T09:00,709.220564559713,475.95963651880066,3.3333333333333335,1
2023-08-01T10:00,703.2954769109565,471.98329586461375,3.3333333333333335,1
2023-08-01T11:00,699.7163418363307,469.5813296579117,3.3333333333333335,1
2023-08-01T12:00,699.1180378861054,469.179806429586,3.3333333333333335,1
2023-08-01T13:00,697.9198912679881,468.37572733578617,3.3333333333333335,1
2023-08-01T14:00,706.856489433324,474.3730999826558,3.3333333333333335,1
2023-08-01T15:00,708.0395136743432,475.1670304126032,3.3333333333333335,1
2023-08-01T16:00,702.700220370188,471.5838177601464,3.3333333333333335,1
2023-08-01T17:00,706.2642342062239,473.97563606705165,3.3333333333333335,1
2023-08-01T18:00,708.0395136743432,475.1670304126032,3.3333333333333335,1
2023-08-01T19:00,711.5767855507888,477.54090212573726,3.3333333333333335,1
2023-08-01T20:00,720.9246645082791,483.814286307132,3.3333333333333335,1
2023-08-01T21:00,721.5048856601552,484.20367412574234,3.3333333333333335,1
2023-08-01T22:00,721.5048856601552,484.20367412574234,3.3333333333333335,1
2023-08-01T23:00,722.0846405834792,484.5927490572435,3.3333333333333335,1
2023-08-02T00:00,723.2427562283427,485.36996326805564,3.3333333333333335,1
2023-08-02T01:00,723.8211191806087,485.7581040444124,3.3333333333333335,1
2023-08-02T02:00,727.2816382822145,488.08046678468236,3.3333333333333335,1
2023-08-02T03:00,723.8211191806087,485.7581040444124,3.3333333333333335,1
2023-08-02T04:00,731.2982143613874,490.77600070772934,3.3333333333333335,1
2023-08-02T05:00,733.5835268519523,492.30967944844156,3.3333333333333335,1
2023-08-02T06:00,731.8702114878379,491.15986936298214,3.3333333333333335,1
2023-08-02T07:00,723.8211191806087,485.7581040444124,3.3333333333333335,1
2023-08-02T08:00,714.5111352598275,479.51015131382326,3.3333333333333335,1
2023-08-02T09:00,707.448248841639,474.7702311530739,3.3333333333333335,1
2023-08-02T10:00,702.700220370188,471.5838177601464,3.3333333333333335,1
2023-08-02T11:00,700.3141346338195,469.9825098503995,3.3333333333333335,1
2023-08-02T12:00,696.7196842040008,467.5702654717787,3.3333333333333335,1
2023-08-02T13:00,693.7100818654926,465.55051406201557,3.3333333333333335,1
2023-08-02T14:00,690.6873656049705,463.5219618674657,3.3333333333333335,1
2023-08-02T15:00,689.4745685927339,462.70805085873235,3.3333333333333335,1
2023-08-02T16:00,687.6513624874455,461.4844928310394,3.3333333333333335,1
2023-08-02T17:00,689.4745685927339,462.70805085873235,3.3333333333333335,1
2023-08-02T18:00,693.7100818654926,465.55051406201557,3.3333333333333335,1
2023-08-02T19:00,701.5081919964393,470.78384463494274,3.3333333333333335,1
2023-08-02T20:00,703.2954769109565,471.98329586461375,3.3333333333333335,1
2023-08-02T21:00,707.448248841639,474.7702311530739,3.3333333333333335,1
2023-08-02T22:00,710.3996519316403,476.750924906377,3.3333333333333335,1
2023-08-02T23:00,706.856489433324,474.3730999826558,3.3333333333333335,1
2023-08-03T00:00,709.220564559713,475.95963651880066,3.3333333333333335,1
2023-08-03T01:00,712.1646227312139,477.9354010795303,3.3333333333333335,1
2023-08-03T02:00,717.4334833876808,481.47134621174325,3.3333333333333335,1
2023-08-03T03:00,716.8499668345412,481.07974684137326,3.3333333333333335,1
2023-08-03T04:00,718.0165257296524,481.8626273378512,3.3333333333333335,1
2023-08-03T05:00,719.1811923924862,482.6442379526704,3.3333333333333335,1
2023-08-03T06:00,719.1811923924862,482.6442379526704,3.3333333333333335,1
2023-08-03T07:00,713.3388438463799,478.72342371042237,3.3333333333333335,1
2023-08-03T08:00,706.856489433324,474.3730999826558,3.3333333333333335,1
2023-08-03T09:00,699.7163418363307,469.5813296579117,3.3333333333333335,1
2023-08-03T10:00,696.1188046750524,467.1670137663415,3.3333333333333335,1
2023-08-03T11:00,691.8980367630277,464.33444621031657,3.3333333333333335,1
2023-08-03T12:00,687.6513624874455,461.4844928310394,3.3333333333333335,1
2023-08-03T13:00,685.8233095524996,460.2576820842386,3.3333333333333335,1
2023-08-03T14:00,683.3782988836771,458.61682950977917,3.3333333333333335,1
2023-08-03T15:00,682.1525072261705,457.7941977631705,3.3333333333333335,1
2023-08-03T16:00,681.538784648278,457.38232705651876,3.3333333333333335,1
2023-08-03T17:00,682.7656781429845,458.2056982487378,3.3333333333333335,1
2023-08-03T18:00,685.2128747990984,459.84801784455647,3.3333333333333335,1
2023-08-03T19:00,694.9154869133556,466.35946430557624,3.3333333333333335,1
2023-08-03T20:00,695.51740602743,466.76341367910635,3.3333333333333335,1
2023-08-03T21:00,698.5192214696881,468.7779392839591,3.3333333333333335,1
2023-08-03T22:00,703.2954769109565,471.98329586461375,3.3333333333333335,1
2023-08-03T23:00,707.448248841639,474.7702311530739,3.3333333333333335,1
2023-08-04T00:00,711.5767855507888,477.54090212573726,3.3333333333333335,1
2023-08-04T01:00,712.1646227312139,477.9354010795303,3.3333333333333335,1
2023-08-04T02:00,710.3996519316403,476.750924906377,3.3333333333333335,1
2023-08-04T03:00,707.448248841639,474.7702311530739,3.3333333333333335,1
2023-08-04T04:00,716.2659749112644,480.68782844895424,3.3333333333333335,1
2023-08-04T05:00,715.6815064541526,480.2955902535258,3.3333333333333335,1
2023-08-04T06:00,714.5111352598275,479.51015131382326,3.3333333333333335,1
2023-08-04T07:00,706.2642342062239,473.97563606705165,3.3333333333333335,1
2023-08-04T08:00,700.3141346338195,469.9825098503995,3.3333333333333335,1
2023-08-04T09:00,694.313045979209,465.9551647373334,3.3333333333333335,1
2023-08-04T10:00,688.2596344882787,461.8927056422413,3.3333333333333335,1
2023-08-04T11:00,683.3782988836771,458.61682950977917,3.3333333333333335,1
2023-08-04T12:00,679.6942919979211,456.14448357693715,3.3333333333333335,1
2023-08-04T13:00,676.6089638033634,454.07391236199425,3.3333333333333335,1
2023-08-04T14:00,675.3708859795953,453.2430353394865,3.3333333333333335,1
2023-08-04T15:00,675.3708859795953,453.2430353394865,3.3333333333333335,1
2023-08-04T16:00,675.3708859795953,453.2430353394865,3.3333333333333335,1
2023-08-04T17:00,677.2271539403599,454.48878125836785,3.3333333333333335,1
2023-08-04T18:00,679.6942919979211,456.14448357693715,3.3333333333333335,1
2023-08-04T19:00,688.8673693832782,462.3005580004189,3.3333333333333335,1
2023-08-04T20:00,695.51740602743,466.76341367910635,3.3333333333333335,1
2023-08-04T21:00,693.7100818654926,465.55051406201557,3.3333333333333335,1
2023-08-04T22:00,699.7163418363307,469.5813296579117,3.3333333333333335,1
2023-08-04T23:00,693.7100818654926,465.55051406201557,3.3333333333333335,1
2023-08-05T00:00,694.313045979209,465.9551647373334,3.3333333333333335,1
2023-08-05T01:00,697.3200459562463,467.97316969601815,3.3333333333333335,1
2023-08-05T02:00,706.2642342062239,473.97563606705165,3.3333333333333335,1
2023-08-05T03:00,703.8902300632597,472.3824361438643,3.3333333333333335,1
2023-08-05T04:00,701.5081919964393,470.78384463494274,3.3333333333333335,1
2023-08-05T05:00,705.0782312968585,473.1797066455715,3.3333333333333335,1
2023-08-05T06:00,709.220564559713,475.95963651880066,3.3333333333333335,1
2023-08-05T07:00,702.1044591606096,471.18400097121975,3.3333333333333335,1
2023-08-05T08:00,696.7196842040008,467.5702654717787,3.3333333333333335,1
2023-08-05T09:00,689.4745685927339,462.70805085873235,3.3333333333333335,1
2023-08-05T10:00,683.3782988836771,458.61682950977917,3.3333333333333335,1
2023-08-05T11:00,677.2271539403599,454.48878125836785,3.3333333333333335,1
2023-08-05T12:00,674.130534361607,452.41063236817706,3.3333333333333335,1
2023-08-05T13:00,672.2657160330053,451.1591482767564,3.3333333333333335,1
2023-08-05T14:00,670.3957104189084,449.90418298549156,3.3333333333333335,1
2023-08-05T15:00,670.3957104189084,449.90418298549156,3.3333333333333335,1
2023-08-05T16:00,672.2657160330053,451.1591482767564,3.3333333333333335,1
2023-08-05T17:00,673.5095019549219,451.99385601773986,3.3333333333333335,1
2023-08-05T18:00,678.4618443983107,455.3173850114814,3.3333333333333335,1
2023-08-05T19:00,689.4745685927339,462.70805085873235,3.3333333333333335,1
2023-08-05T20:00,693.7100818654926,465.55051406201557,3.3333333333333335,1
2023-08-05T21:00,683.3782988836771,458.61682950977917,3.3333333333333335,1
2023-08-05T22:00,685.8233095524996,460.2576820842386,3.3333333333333335,1
2023-08-05T23:00,687.6513624874455,461.4844928310394,3.3333333333333335,1
2023-08-06T00:00,691.8980367630277,464.33444621031657,3.3333333333333335,1
2023-08-06T01:00,695.51740602743,466.76341367910635,3.3333333333333335,1
2023-08-06T02:00,702.700220370188,471.5838177601464,3.3333333333333335,1
2023-08-06T03:00,701.5081919964393,470.78384463494274,3.3333333333333335,1
2023-08-06T04:00,699.1180378861054,469.179806429586,3.3333333333333335,1
2023-08-06T05:00,700.9114175864269,470.3833478847539,3.3333333333333335,1
2023-08-06T06:00,712.1646227312139,477.9354010795303,3.3333333333333335,1
2023-08-06T07:00,702.1044591606096,471.18400097121975,3.3333333333333335,1
2023-08-06T08:00,703.8902300632597,472.3824361438643,3.3333333333333335,1
2023-08-06T09:00,700.9114175864269,470.3833478847539,3.3333333333333335,1
2023-08-06T10:00,691.8980367630277,464.33444621031657,3.3333333333333335,1
2023-08-06T11:00,685.2128747990984,459.84801784455647,3.3333333333333335,1
2023-08-06T12:00,685.8233095524996,460.2576820842386,3.3333333333333335,1
2023-08-06T13:00,687.6513624874455,461.4844928310394,3.3333333333333335,1
2023-08-06T14:00,698.5192214696881,468.7779392839591,3.3333333333333335,1
2023-08-06T15:00,699.1180378861054,469.179806429586,3.3333333333333335,1
2023-08-06T16:00,694.9154869133556,466.35946430557624,3.3333333333333335,1
2023-08-06T17:00,691.8980367630277,464.33444621031657,3.3333333333333335,1
2023-08-06T18:00,693.7100818654926,465.55051406201557,3.3333333333333335,1
2023-08-06T19:00,699.1180378861054,469.179806429586,3.3333333333333335,1
2023-08-06T20:00,706.2642342062239,473.97563606705165,3.3333333333333335,1
2023-08-06T21:00,721.5048856601552,484.20367412574234,3.3333333333333335,1
2023-08-06T22:00,717.4334833876808,481.47134621174325,3.3333333333333335,1
2023-08-06T23:00,718.0165257296524,481.8626273378512,3.3333333333333335,1
2023-08-07T00:00,717.4334833876808,481.47134621174325,3.3333333333333335,1
2023-08-07T01:00,715.6815064541526,480.2955902535258,3.3333333333333335,1
2023-08-07T02:00,717.4334833876808,481.47134621174325,3.3333333333333335,1
2023-08-07T03:00,719.1811923924862,482.6442379526704,3.3333333333333335,1
2023-08-07T04:00,720.3439760012405,483.4245848453417,3.3333333333333335,1
2023-08-07T05:00,721.5048856601552,484.20367412574234,3.3333333333333335,1
2023-08-07T06:00,722.0846405834792,484.5927490572435,3.3333333333333335,1
2023-08-07T07:00,718.5990950147234,482.2535909943288,3.3333333333333335,1
2023-08-07T08:00,709.8103530729155,476.35544501674104,3.3333333333333335,1
2023-08-07T09:00,703.2954769109565,471.98329586461375,3.3333333333333335,1
2023-08-07T10:00,696.7196842040008,467.5702654717787,3.3333333333333335,1
2023-08-07T11:00,691.8980367630277,464.33444621031657,3.3333333333333335,1
2023-08-07T12:00,688.8673693832782,462.3005580004189,3.3333333333333335,1
2023-08-07T13:00,685.2128747990984,459.84801784455647,3.3333333333333335,1
2023-08-07T14:00,684.6018957433188,459.43798832223155,3.3333333333333335,1
2023-08-07T15:00,684.6018957433188,459.43798832223155,3.3333333333333335,1
2023-08-07T16:00,685.8233095524996,460.2576820842386,3.3333333333333335,1
2023-08-07T17:00,689.4745685927339,462.70805085873235,3.3333333333333335,1
2023-08-07T18:00,700.9114175864269,470.3833478847539,3.3333333333333335,1
2023-08-07T19:00,709.220564559713,475.95963651880066,3.3333333333333335,1
2023-08-07T20:00,705.0782312968585,473.1797066455715,3.3333333333333335,1
2023-08-07T21:00,707.448248841639,474.7702311530739,3.3333333333333335,1
2023-08-07T22:00,709.220564559713,475.95963651880066,3.3333333333333335,1
2023-08-07T23:00,713.3388438463799,478.72342371042237,3.3333333333333335,1
2023-08-08T00:00,715.6815064541526,480.2955902535258,3.3333333333333335,1
2023-08-08T01:00,718.0165257296524,481.8626273378512,3.3333333333333335,1
2023-08-08T02:00,720.3439760012405,483.4245848453417,3.3333333333333335,1
2023-08-08T03:00,722.6639304003426,484.98151185467384,3.3333333333333335,1
2023-08-08T04:00,723.8211191806087,485.7581040444124,3.3333333333333335,1
2023-08-08T05:00,724.9764608882598,486.533456659251,3.3333333333333335,1
2023-08-08T06:00,725.5534418477838,486.9206699769356,3.3333333333333335,1
2023-08-08T07:00,721.5048856601552,484.20367412574234,3.3333333333333335,1
2023-08-08T08:00,713.9252301713316,479.11694899159755,3.3333333333333335,1
2023-08-08T09:00,708.630285169424,475.56349859206006,3.3333333333333335,1
2023-08-08T10:00,705.6714819119483,473.5778385684635,3.3333333333333335,1
2023-08-08T11:00,700.3141346338195,469.9825098503995,3.3333333333333335,1
2023-08-08T12:00,696.7196842040008,467.5702654717787,3.3333333333333335,1
2023-08-08T13:00,695.51740602743,466.76341367910635,3.3333333333333335,1
2023-08-08T14:00,691.2929662172421,463.9283819033417,3.3333333333333335,1
2023-08-08T15:00,690.6873656049705,463.5219618674657,3.3333333333333335,1
2023-08-08T16:00,700.3141346338195,469.9825098503995,3.3333333333333335,1
2023-08-08T17:00,706.2642342062239,473.97563606705165,3.3333333333333335,1
2023-08-08T18:00,702.700220370188,471.5838177601464,3.3333333333333335,1
2023-08-08T19:00,708.0395136743432,475.1670304126032,3.3333333333333335,1
2023-08-08T20:00,703.8902300632597,472.3824361438643,3.3333333333333335,1
2023-08-08T21:00,704.4844811020378,472.7812394535136,3.3333333333333335,1
2023-08-08T22:00,709.220564559713,475.95963651880066,3.3333333333333335,1
2023-08-08T23:00,713.9252301713316,479.11694899159755,3.3333333333333335,1
2023-08-09T00:00,717.4334833876808,481.47134621174325,3.3333333333333335,1
2023-08-09T01:00,720.3439760012405,483.4245848453417,3.3333333333333335,1
2023-08-09T02:00,722.6639304003426,484.98151185467384,3.3333333333333335,1
2023-08-09T03:00,724.3990203658255,486.1459349277856,3.3333333333333335,1
2023-08-09T04:00,726.1299643398999,487.3075756160336,3.3333333333333335,1
2023-08-09T05:00,727.2816382822145,488.08046678468236,3.3333333333333335,1
2023-08-09T06:00,728.4314913927456,488.8521359887164,3.3333333333333335,1
2023-08-09T07:00,724.9764608882598,486.533456659251,3.3333333333333335,1
2023-08-09T08:00,718.0165257296524,481.8626273378512,3.3333333333333335,1
2023-08-09T09:00,713.3388438463799,478.72342371042237,3.3333333333333335,1
2023-08-09T10:00,708.0395136743432,475.1670304126032,3.3333333333333335,1
2023-08-09T11:00,701.5081919964393,470.78384463494274,3.3333333333333335,1
2023-08-09T12:00,696.7196842040008,467.5702654717787,3.3333333333333335,1
2023-08-09T13:00,691.8980367630277,464.33444621031657,3.3333333333333335,1
2023-08-09T14:00,688.8673693832782,462.3005580004189,3.3333333333333335,1
2023-08-09T15:00,688.8673693832782,462.3005580004189,3.3333333333333335,1
2023-08-09T16:00,688.8673693832782,462.3005580004189,3.3333333333333335,1
2023-08-09T17:00,691.8980367630277,464.33444621031657,3.3333333333333335,1
2023-08-09T18:00,696.1188046750524,467.1670137663415,3.3333333333333335,1
2023-08-09T19:00,705.6714819119483,473.5778385684635,3.3333333333333335,1
2023-08-09T20:00,709.8103530729155,476.35544501674104,3.3333333333333335,1
2023-08-09T21:00,713.9252301713316,479.11694899159755,3.3333333333333335,1
2023-08-09T22:00,718.0165257296524,481.8626273378512,3.3333333333333335,1
2023-08-09T23:00,721.5048856601552,484.20367412574234,3.3333333333333335,1
2023-08-10T00:00,724.9764608882598,486.533456659251,3.3333333333333335,1
2023-08-10T01:00,726.1299643398999,487.3075756160336,3.3333333333333335,1
2023-08-10T02:00,727.2816382822145,488.08046678468236,3.3333333333333335,1
2023-08-10T03:00,730.1528758129739,490.00736123725335,3.3333333333333335,1
2023-08-10T04:00,731.8702114878379,491.15986936298214,3.3333333333333335,1
2023-08-10T05:00,732.4417619158204,491.5434382378125,3.3333333333333335,1
2023-08-10T06:00,734.1537434377407,492.6923531785488,3.3333333333333335,1
2023-08-10T07:00,730.1528758129739,490.00736123725335,3.3333333333333335,1
2023-08-10T08:00,721.5048856601552,484.20367412574234,3.3333333333333335,1
2023-08-10T09:00,714.5111352598275,479.51015131382326,3.3333333333333335,1
2023-08-10T10:00,708.0395136743432,475.1670304126032,3.3333333333333335,1
2023-08-10T11:00,700.9114175864269,470.3833478847539,3.3333333333333335,1
2023-08-10T12:00,695.51740602743,466.76341367910635,3.3333333333333335,1
2023-08-10T13:00,691.8980367630277,464.33444621031657,3.3333333333333335,1
2023-08-10T14:00,690.6873656049705,463.5219618674657,3.3333333333333335,1
2023-08-10T15:00,687.6513624874455,461.4844928310394,3.3333333333333335,1
2023-08-10T16:00,688.2596344882787,461.8927056422413,3.3333333333333335,1
2023-08-10T17:00,690.6873656049705,463.5219618674657,3.3333333333333335,1
2023-08-10T18:00,695.51740602743,466.76341367910635,3.3333333333333335,1
2023-08-10T19:00,699.7163418363307,469.5813296579117,3.3333333333333335,1
2023-08-10T20:00,708.630285169424,475.56349859206006,3.3333333333333335,1
2023-08-10T21:00,703.2954769109565,471.98329586461375,3.3333333333333335,1
2023-08-10T22:00,711.5767855507888,477.54090212573726,3.3333333333333335,1
2023-08-10T23:00,721.5048856601552,484.20367412574234,3.3333333333333335,1
2023-08-11T00:00,723.8211191806087,485.7581040444124,3.3333333333333335,1
2023-08-11T01:00,720.9246645082791,483.814286307132,3.3333333333333335,1
2023-08-11T02:00,726.1299643398999,487.3075756160336,3.3333333333333335,1
2023-08-11T03:00,730.7257694874697,490.3918315680682,3.3333333333333335,1
2023-08-11T04:00,731.8702114878379,491.15986936298214,3.3333333333333335,1
2023-08-11T05:00,734.7235174803831,493.0747299168802,3.3333333333333335,1
2023-08-11T06:00,734.7235174803831,493.0747299168802,3.3333333333333335,1
2023-08-11T07:00,723.8211191806087,485.7581040444124,3.3333333333333335,1
2023-08-11T08:00,713.9252301713316,479.11694899159755,3.3333333333333335,1
2023-08-11T09:00,705.6714819119483,473.5778385684635,3.3333333333333335,1
2023-08-11T10:00,697.9198912679881,468.37572733578617,3.3333333333333335,1
2023-08-11T11:00,693.106593206795,465.14551136329203,3.3333333333333335,1
2023-08-11T12:00,689.4745685927339,462.70805085873235,3.3333333333333335,1
2023-08-11T13:00,687.0425519542013,461.07591860943364,3.3333333333333335,1
2023-08-11T14:00,685.2128747990984,459.84801784455647,3.3333333333333335,1
2023-08-11T15:00,684.6018957433188,459.43798832223155,3.3333333333333335,1
2023-08-11T16:00,685.8233095524996,460.2576820842386,3.3333333333333335,1
2023-08-11T17:00,687.6513624874455,461.4844928310394,3.3333333333333335,1
2023-08-11T18:00,692.5025786317555,464.74015572083925,3.3333333333333335,1
2023-08-11T19:00,701.5081919964393,470.78384463494274,3.3333333333333335,1
2023-08-11T20:00,701.5081919964393,470.78384463494274,3.3333333333333335,1
2023-08-11T21:00,703.2954769109565,471.98329586461375,3.3333333333333335,1
2023-08-11T22:00,710.9884623534299,477.1460770048041,3.3333333333333335,1
2023-08-11T23:00,713.9252301713316,479.11694899159755,3.3333333333333335,1
2023-08-12T00:00,714.5111352598275,479.51015131382326,3.3333333333333335,1
2023-08-12T01:00,715.6815064541526,480.2955902535258,3.3333333333333335,1
2023-08-12T02:00,717.4334833876808,481.47134621174325,3.3333333333333335,1
2023-08-12T03:00,719.7628190078847,483.0345689812505,3.3333333333333335,1
2023-08-12T04:00,722.6639304003426,484.98151185467384,3.3333333333333335,1
2023-08-12T05:00,723.2427562283427,485.36996326805564,3.3333333333333335,1
2023-08-12T06:00,723.8211191806087,485.7581040444124,3.3333333333333335,1
2023-08-12T07:00,719.1811923924862,482.6442379526704,3.3333333333333335,1
2023-08-12T08:00,711.5767855507888,477.54090212573726,3.3333333333333335,1
2023-08-12T09:00,702.700220370188,471.5838177601464,3.3333333333333335,1
2023-08-12T10:00,694.9154869133556,466.35946430557624,3.3333333333333335,1
2023-08-12T11:00,688.8673693832782,462.3005580004189,3.3333333333333335,1
2023-08-12T12:00,684.6018957433188,459.43798832223155,3.3333333333333335,1
2023-08-12T13:00,683.3782988836771,458.61682950977917,3.3333333333333335,1
2023-08-12T14:00,681.538784648278,457.38232705651876,3.3333333333333335,1
2023-08-12T15:00,681.538784648278,457.38232705651876,3.3333333333333335,1
2023-08-12T16:00,698.5192214696881,468.7779392839591,3.3333333333333335,1
2023-08-12T17:00,696.7196842040008,467.5702654717787,3.3333333333333335,1
2023-08-12T18:00,695.51740602743,466.76341367910635,3.3333333333333335,1
2023-08-12T19:00,700.3141346338195,469.9825098503995,3.3333333333333335,1
2023-08-12T20:00,699.7163418363307,469.5813296579117,3.3333333333333335,1
2023-08-12T21:00,702.1044591606096,471.18400097121975,3.3333333333333335,1
2023-08-12T22:00,726.1299643398999,487.3075756160336,3.3333333333333335,1
2023-08-12T23:00,722.6639304003426,484.98151185467384,3.3333333333333335,1
2023-08-13T00:00,723.2427562283427,485.36996326805564,3.3333333333333335,1
2023-08-13T01:00,726.1299643398999,487.3075756160336,3.3333333333333335,1
2023-08-13T02:00,727.2816382822145,488.08046678468236,3.3333333333333335,1
2023-08-13T03:00,726.7060294557649,487.6941743088232,3.3333333333333335,1
2023-08-13T04:00,727.8567919017867,488.4664537701048,3.3333333333333335,1
2023-08-13T05:00,729.0057378291054,489.23751416129056,3.3333333333333335,1
2023-08-13T06:00,730.7257694874697,490.3918315680682,3.3333333333333335,1
2023-08-13T07:00,727.8567919017867,488.4664537701048,3.3333333333333335,1
2023-08-13T08:00,723.2427562283427,485.36996326805564,3.3333333333333335,1
2023-08-13T09:00,720.3439760012405,483.4245848453417,3.3333333333333335,1
2023-08-13T10:00,725.5534418477838,486.9206699769356,3.3333333333333335,1
2023-08-13T11:00,726.1299643398999,487.3075756160336,3.3333333333333335,1
2023-08-13T12:00,719.1811923924862,482.6442379526704,3.3333333333333335,1
2023-08-13T13:00,719.7628190078847,483.0345689812505,3.3333333333333335,1
2023-08-13T14:00,712.1646227312139,477.9354010795303,3.3333333333333335,1
2023-08-13T15:00,709.8103530729155,476.35544501674104,3.3333333333333335,1
2023-08-13T16:00,705.6714819119483,473.5778385684635,3.3333333333333335,1
2023-08-13T17:00,705.6714819119483,473.5778385684635,3.3333333333333335,1
2023-08-13T18:00,706.2642342062239,473.97563606705165,3.3333333333333335,1
2023-08-13T19:00,713.9252301713316,479.11694899159755,3.3333333333333335,1
2023-08-13T20:00,717.4334833876808,481.47134621174325,3.3333333333333335,1
2023-08-13T21:00,720.9246645082791,483.814286307132,3.3333333333333335,1
2023-08-13T22:00,724.9764608882598,486.533456659251,3.3333333333333335,1
2023-08-13T23:00,726.1299643398999,487.3075756160336,3.3333333333333335,1
2023-08-14T00:00,728.4314913927456,488.8521359887164,3.3333333333333335,1
2023-08-14T01:00,729.5795322806536,489.62258900576427,3.3333333333333335,1
2023-08-14T02:00,730.1528758129739,490.00736123725335,3.3333333333333335,1
2023-08-14T03:00,731.2982143613874,490.77600070772934,3.3333333333333335,1
2023-08-14T04:00,731.8702114878379,491.15986936298214,3.3333333333333335,1
2023-08-14T05:00,734.1537434377407,492.6923531785488,3.3333333333333335,1
2023-08-14T06:00,734.7235174803831,493.0747299168802,3.3333333333333335,1
2023-08-14T07:00,731.2982143613874,490.77600070772934,3.3333333333333335,1
2023-08-14T08:00,726.1299643398999,487.3075756160336,3.3333333333333335,1
2023-08-14T09:00,719.1811923924862,482.6442379526704,3.3333333333333335,1
2023-08-14T10:00,713.3388438463799,478.72342371042237,3.3333333333333335,1
2023-08-14T11:00,707.448248841639,474.7702311530739,3.3333333333333335,1
2023-08-14T12:00,702.700220370188,471.5838177601464,3.3333333333333335,1
2023-08-14T13:00,701.5081919964393,470.78384463494274,3.3333333333333335,1
2023-08-14T14:00,699.7163418363307,469.5813296579117,3.3333333333333335,1
2023-08-14T15:00,697.3200459562463,467.97316969601815,3.3333333333333335,1
2023-08-14T16:00,695.51740602743,466.76341367910635,3.3333333333333335,1
2023-08-14T17:00,717.4334833876808,481.47134621174325,3.3333333333333335,1
2023-08-14T18:00,717.4334833876808,481.47134621174325,3.3333333333333335,1
2023-08-14T19:00,718.5990950147234,482.2535909943288,3.3333333333333335,1
2023-08-14T20:00,722.6639304003426,484.98151185467384,3.3333333333333335,1
2023-08-14T21:00,716.8499668345412,481.07974684137326,3.3333333333333335,1
2023-08-14T22:00,716.2659749112644,480.68782844895424,3.3333333333333335,1
2023-08-14T23:00,717.4334833876808,481.47134621174325,3.3333333333333335,1
2023-08-15T00:00,725.5534418477838,486.9206699769356,3.3333333333333335,1
2023-08-15T01:00,727.8567919017867,488.4664537701048,3.3333333333333335,1
2023-08-15T02:00,729.0057378291054,489.23751416129056,3.3333333333333335,1
2023-08-15T03:00,729.0057378291054,489.23751416129056,3.3333333333333335,1
2023-08-15T04:00,733.0128666902446,491.92670803346175,3.3333333333333335,1
2023-08-15T05:00,735.2928500086516,493.45681035384735,3.3333333333333335,1
2023-08-15T06:00,736.9982087353686,494.6012807207018,3.3333333333333335,1
2023-08-15T07:00,731.8702114878379,491.15986936298214,3.3333333333333335,1
2023-08-15T08:00,723.8211191806087,485.7581040444124,3.3333333333333335,1
2023-08-15T09:00,715.0965602947524,479.903031470936,3.3333333333333335,1
2023-08-15T10:00,707.448248841639,474.7702311530739,3.3333333333333335,1
2023-08-15T11:00,699.7163418363307,469.5813296579117,3.3333333333333335,1
2023-08-15T12:00,694.9154869133556,466.35946430557624,3.3333333333333335,1
2023-08-15T13:00,690.6873656049705,463.5219618674657,3.3333333333333335,1
2023-08-15T14:00,687.6513624874455,461.4844928310394,3.3333333333333335,1
2023-08-15T15:00,687.0425519542013,461.07591860943364,3.3333333333333335,1
2023-08-15T16:00,686.4332014556423,460.6669820157991,3.3333333333333335,1
2023-08-15T17:00,688.2596344882787,461.8927056422413,3.3333333333333335,1
2023-08-15T18:00,695.51740602743,466.76341367910635,3.3333333333333335,1
2023-08-15T19:00,706.2642342062239,473.97563606705165,3.3333333333333335,1
2023-08-15T20:00,715.0965602947524,479.903031470936,3.3333333333333335,1
2023-08-15T21:00,705.6714819119483,473.5778385684635,3.3333333333333335,1
2023-08-15T22:00,708.0395136743432,475.1670304126032,3.3333333333333335,1
2023-08-15T23:00,709.220564559713,475.95963651880066,3.3333333333333335,1
2023-08-16T00:00,720.3439760012405,483.4245848453417,3.3333333333333335,1
2023-08-16T01:00,729.0057378291054,489.23751416129056,3.3333333333333335,1
2023-08-16T02:00,725.5534418477838,486.9206699769356,3.3333333333333335,1
2023-08-16T03:00,731.8702114878379,491.15986936298214,3.3333333333333335,1
2023-08-16T04:00,735.2928500086516,493.45681035384735,3.3333333333333335,1
2023-08-16T05:00,738.1329256640295,495.3627919964675,3.3333333333333335,1
2023-08-16T06:00,737.5657854145899,494.9821828031258,3.3333333333333335,1
2023-08-16T07:00,727.8567919017867,488.4664537701048,3.3333333333333335,1
2023-08-16T08:00,720.3439760012405,483.4245848453417,3.3333333333333335,1
2023-08-16T09:00,712.1646227312139,477.9354010795303,3.3333333333333335,1
2023-08-16T10:00,703.8902300632597,472.3824361438643,3.3333333333333335,1
2023-08-16T11:00,695.51740602743,466.76341367910635,3.3333333333333335,1
2023-08-16T12:00,689.4745685927339,462.70805085873235,3.3333333333333335,1
2023-08-16T13:00,685.8233095524996,460.2576820842386,3.3333333333333335,1
2023-08-16T14:00,683.3782988836771,458.61682950977917,3.3333333333333335,1
2023-08-16T15:00,683.3782988836771,458.61682950977917,3.3333333333333335,1
2023-08-16T16:00,683.3782988836771,458.61682950977917,3.3333333333333335,1
2023-08-16T17:00,683.3782988836771,458.61682950977917,3.3333333333333335,1
2023-08-16T18:00,684.6018957433188,459.43798832223155,3.3333333333333335,1
2023-08-16T19:00,695.51740602743,466.76341367910635,3.3333333333333335,1
2023-08-16T20:00,714.5111352598275,479.51015131382326,3.3333333333333335,1
2023-08-16T21:00,712.751975097222,478.32957467319545,3.3333333333333335,1
2023-08-16T22:00,718.0165257296524,481.8626273378512,3.3333333333333335,1
2023-08-16T23:00,719.1811923924862,482.6442379526704,3.3333333333333335,1
2023-08-17T00:00,720.3439760012405,483.4245848453417,3.3333333333333335,1
2023-08-17T01:00,726.7060294557649,487.6941743088232,3.3333333333333335,1
2023-08-17T02:00,729.0057378291054,489.23751416129056,3.3333333333333335,1
2023-08-17T03:00,731.2982143613874,490.77600070772934,3.3333333333333335,1
2023-08-17T04:00,731.8702114878379,491.15986936298214,3.3333333333333335,1
2023-08-17T05:00,730.7257694874697,490.3918315680682,3.3333333333333335,1
2023-08-17T06:00,734.1537434377407,492.6923531785488,3.3333333333333335,1
2023-08-17T07:00,726.1299643398999,487.3075756160336,3.3333333333333335,1
2023-08-17T08:00,715.6815064541526,480.2955902535258,3.3333333333333335,1
2023-08-17T09:00,705.0782312968585,473.1797066455715,3.3333333333333335,1
2023-08-17T10:00,695.51740602743,466.76341367910635,3.3333333333333335,1
2023-08-17T11:00,687.6513624874455,461.4844928310394,3.3333333333333335,1
2023-08-17T12:00,683.3782988836771,458.61682950977917,3.3333333333333335,1
2023-08-17T13:00,680.3096785359254,456.557470971245,3.3333333333333335,1
2023-08-17T14:00,678.4618443983107,455.3173850114814,3.3333333333333335,1
2023-08-17T15:00,677.2271539403599,454.48878125836785,3.3333333333333335,1
2023-08-17T16:00,677.2271539403599,454.48878125836785,3.3333333333333335,1
2023-08-17T17:00,680.3096785359254,456.557470971245,3.3333333333333335,1
2023-08-17T18:00,683.9903709265556,459.02759253839025,3.3333333333333335,1
2023-08-17T19:00,697.3200459562463,467.97316969601815,3.3333333333333335,1
2023-08-17T20:00,705.0782312968585,473.1797066455715,3.3333333333333335,1
2023-08-17T21:00,703.2954769109565,471.98329586461375,3.3333333333333335,1
2023-08-17T22:00,708.0395136743432,475.1670304126032,3.3333333333333335,1
2023-08-17T23:00,713.3388438463799,478.72342371042237,3.3333333333333335,1
2023-08-18T00:00,714.5111352598275,479.51015131382326,3.3333333333333335,1
2023-08-18T01:00,715.0965602947524,479.903031470936,3.3333333333333335,1
2023-08-18T02:00,718.0165257296524,481.8626273378512,3.3333333333333335,1
2023-08-18T03:00,720.9246645082791,483.814286307132,3.3333333333333335,1
2023-08-18T04:00,723.8211191806087,485.7581040444124,3.3333333333333335,1
2023-08-18T05:00,724.9764608882598,486.533456659251,3.3333333333333335,1
2023-08-18T06:00,726.7060294557649,487.6941743088232,3.3333333333333335,1
2023-08-18T07:00,722.0846405834792,484.5927490572435,3.3333333333333335,1
2023-08-18T08:00,715.6815064541526,480.2955902535258,3.3333333333333335,1
2023-08-18T09:00,706.2642342062239,473.97563606705165,3.3333333333333335,1
2023-08-18T10:00,697.3200459562463,467.97316969601815,3.3333333333333335,1
2023-08-18T11:00,689.4745685927339,462.70805085873235,3.3333333333333335,1
2023-08-18T12:00,685.8233095524996,460.2576820842386,3.3333333333333335,1
2023-08-18T13:00,682.7656781429845,458.2056982487378,3.3333333333333335,1
2023-08-18T14:00,681.538784648278,457.38232705651876,3.3333333333333335,1
2023-08-18T15:00,680.3096785359254,456.557470971245,3.3333333333333335,1
2023-08-18T16:00,681.538784648278,457.38232705651876,3.3333333333333335,1
2023-08-18T17:00,682.7656781429845,458.2056982487378,3.3333333333333335,1
2023-08-18T18:00,687.0425519542013,461.07591860943364,3.3333333333333335,1
2023-08-18T19:00,696.7196842040008,467.5702654717787,3.3333333333333335,1
2023-08-18T20:00,702.1044591606096,471.18400097121975,3.3333333333333335,1
2023-08-18T21:00,705.0782312968585,473.1797066455715,3.3333333333333335,1
2023-08-18T22:00,708.630285169424,475.56349859206006,3.3333333333333335,1
2023-08-18T23:00,709.8103530729155,476.35544501674104,3.3333333333333335,1
2023-08-19T00:00,713.3388438463799,478.72342371042237,3.3333333333333335,1
2023-08-19T01:00,714.5111352598275,479.51015131382326,3.3333333333333335,1
2023-08-19T02:00,718.5990950147234,482.2535909943288,3.3333333333333335,1
2023-08-19T03:00,721.5048856601552,484.20367412574234,3.3333333333333335,1
2023-08-19T04:00,723.2427562283427,485.36996326805564,3.3333333333333335,1
2023-08-19T05:00,725.5534418477838,486.9206699769356,3.3333333333333335,1
2023-08-19T06:00,726.1299643398999,487.3075756160336,3.3333333333333335,1
2023-08-19T07:00,719.1811923924862,482.6442379526704,3.3333333333333335,1
2023-08-19T08:00,711.5767855507888,477.54090212573726,3.3333333333333335,1
2023-08-19T09:00,705.0782312968585,473.1797066455715,3.3333333333333335,1
2023-08-19T10:00,698.5192214696881,468.7779392839591,3.3333333333333335,1
2023-08-19T11:00,692.5025786317555,464.74015572083925,3.3333333333333335,1
2023-08-19T12:00,687.6513624874455,461.4844928310394,3.3333333333333335,1
2023-08-19T13:00,682.7656781429845,458.2056982487378,3.3333333333333335,1
2023-08-19T14:00,681.538784648278,457.38232705651876,3.3333333333333335,1
2023-08-19T15:00,680.3096785359254,456.557470971245,3.3333333333333335,1
2023-08-19T16:00,680.3096785359254,456.557470971245,3.3333333333333335,1
2023-08-19T17:00,682.7656781429845,458.2056982487378,3.3333333333333335,1
2023-08-19T18:00,687.0425519542013,461.07591860943364,3.3333333333333335,1
2023-08-19T19:00,696.7196842040008,467.5702654717787,3.3333333333333335,1
2023-08-19T20:00,702.700220370188,471.5838177601464,3.3333333333333335,1
2023-08-19T21:00,706.2642342062239,473.97563606705165,3.3333333333333335,1
2023-08-19T22:00,708.0395136743432,475.1670304126032,3.3333333333333335,1
2023-08-19T23:00,711.5767855507888,477.54090212573726,3.3333333333333335,1
2023-08-20T00:00,715.0965602947524,479.903031470936,3.3333333333333335,1
2023-08-20T01:00,719.1811923924862,482.6442379526704,3.3333333333333335,1
2023-08-20T02:00,722.6639304003426,484.98151185467384,3.3333333333333335,1
2023-08-20T03:00,724.3990203658255,486.1459349277856,3.3333333333333335,1
2023-08-20T04:00,726.1299643398999,487.3075756160336,3.3333333333333335,1
2023-08-20T05:00,726.7060294557649,487.6941743088232,3.3333333333333335,1
2023-08-20T06:00,727.8567919017867,488.4664537701048,3.3333333333333335,1
2023-08-20T07:00,724.3990203658255,486.1459349277856,3.3333333333333335,1
2023-08-20T08:00,717.4334833876808,481.47134621174325,3.3333333333333335,1
2023-08-20T09:00,710.9884623534299,477.1460770048041,3.3333333333333335,1
2023-08-20T10:00,704.4844811020378,472.7812394535136,3.3333333333333335,1
2023-08-20T11:00,699.7163418363307,469.5813296579117,3.3333333333333335,1
2023-08-20T12:00,695.51740602743,466.76341367910635,3.3333333333333335,1
2023-08-20T13:00,693.106593206795,465.14551136329203,3.3333333333333335,1
2023-08-20T14:00,692.5025786317555,464.74015572083925,3.3333333333333335,1
2023-08-20T15:00,691.2929662172421,463.9283819033417,3.3333333333333335,1
2023-08-20T16:00,693.7100818654926,465.55051406201557,3.3333333333333335,1
2023-08-20T17:00,694.9154869133556,466.35946430557624,3.3333333333333335,1
2023-08-20T18:00,696.7196842040008,467.5702654717787,3.3333333333333335,1
2023-08-20T19:00,702.700220370188,471.5838177601464,3.3333333333333335,1
2023-08-20T20:00,713.9252301713316,479.11694899159755,3.3333333333333335,1
2023-08-20T21:00,720.3439760012405,483.4245848453417,3.3333333333333335,1
2023-08-20T22:00,722.0846405834792,484.5927490572435,3.3333333333333335,1
2023-08-20T23:00,726.1299643398999,487.3075756160336,3.3333333333333335,1
2023-08-21T00:00,726.1299643398999,487.3075756160336,3.3333333333333335,1
2023-08-21T01:00,725.5534418477838,486.9206699769356,3.3333333333333335,1
2023-08-21T02:00,724.3990203658255,486.1459349277856,3.3333333333333335,1
2023-08-21T03:00,725.5534418477838,486.9206699769356,3.3333333333333335,1
2023-08-21T04:00,726.1299643398999,487.3075756160336,3.3333333333333335,1
2023-08-21T05:00,726.1299643398999,487.3075756160336,3.3333333333333335,1
2023-08-21T06:00,726.1299643398999,487.3075756160336,3.3333333333333335,1
2023-08-21T07:00,721.5048856601552,484.20367412574234,3.3333333333333335,1
2023-08-21T08:00,721.5048856601552,484.20367412574234,3.3333333333333335,1
2023-08-21T09:00,715.0965602947524,479.903031470936,3.3333333333333335,1
2023-08-21T10:00,709.220564559713,475.95963651880066,3.3333333333333335,1
2023-08-21T11:00,708.630285169424,475.56349859206006,3.3333333333333335,1
2023-08-21T12:00,719.1811923924862,482.6442379526704,3.3333333333333335,1
2023-08-21T13:00,723.2427562283427,485.36996326805564,3.3333333333333335,1
2023-08-21T14:00,718.0165257296524,481.8626273378512,3.3333333333333335,1
2023-08-21T15:00,720.3439760012405,483.4245848453417,3.3333333333333335,1
2023-08-21T16:00,723.8211191806087,485.7581040444124,3.3333333333333335,1
2023-08-21T17:00,720.3439760012405,483.4245848453417,3.3333333333333335,1
2023-08-21T18:00,720.3439760012405,483.4245848453417,3.3333333333333335,1
2023-08-21T19:00,724.3990203658255,486.1459349277856,3.3333333333333335,1
2023-08-21T20:00,729.0057378291054,489.23751416129056,3.3333333333333335,1
2023-08-21T21:00,729.5795322806536,489.62258900576427,3.3333333333333335,1
2023-08-21T22:00,730.7257694874697,490.3918315680682,3.3333333333333335,1
2023-08-21T23:00,731.8702114878379,491.15986936298214,3.3333333333333335,1
2023-08-22T00:00,734.1537434377407,492.6923531785488,3.3333333333333335,1
2023-08-22T01:00,738.1329256640295,495.3627919964675,3.3333333333333335,1
2023-08-22T02:00,740.3971424105681,496.88231333233193,3.3333333333333335,1
2023-08-22T03:00,740.3971424105681,496.88231333233193,3.3333333333333335,1
2023-08-22T04:00,740.3971424105681,496.88231333233193,3.3333333333333335,1
2023-08-22T05:00,740.3971424105681,496.88231333233193,3.3333333333333335,1
2023-08-22T06:00,740.9621155125502,497.2614681477725,3.3333333333333335,1
2023-08-22T07:00,737.5657854145899,494.9821828031258,3.3333333333333335,1
2023-08-22T08:00,730.7257694874697,490.3918315680682,3.3333333333333335,1
2023-08-22T09:00,723.8211191806087,485.7581040444124,3.3333333333333335,1
2023-08-22T10:00,716.8499668345412,481.07974684137326,3.3333333333333335,1
2023-08-22T11:00,708.0395136743432,475.1670304126032,3.3333333333333335,1
2023-08-22T12:00,701.5081919964393,470.78384463494274,3.3333333333333335,1
2023-08-22T13:00,697.3200459562463,467.97316969601815,3.3333333333333335,1
2023-08-22T14:00,694.313045979209,465.9551647373334,3.3333333333333335,1
2023-08-22T15:00,692.5025786317555,464.74015572083925,3.3333333333333335,1
2023-08-22T16:00,693.7100818654926,465.55051406201557,3.3333333333333335,1
2023-08-22T17:00,694.9154869133556,466.35946430557624,3.3333333333333335,1
2023-08-22T18:00,700.3141346338195,469.9825098503995,3.3333333333333335,1
2023-08-22T19:00,715.0965602947524,479.903031470936,3.3333333333333335,1
2023-08-22T20:00,720.9246645082791,483.814286307132,3.3333333333333335,1
2023-08-22T21:00,724.3990203658255,486.1459349277856,3.3333333333333335,1
2023-08-22T22:00,725.5534418477838,486.9206699769356,3.3333333333333335,1
2023-08-22T23:00,726.1299643398999,487.3075756160336,3.3333333333333335,1
2023-08-23T00:00,730.7257694874697,490.3918315680682,3.3333333333333335,1
2023-08-23T01:00,734.1537434377407,492.6923531785488,3.3333333333333335,1
2023-08-23T02:00,737.5657854145899,494.9821828031258,3.3333333333333335,1
2023-08-23T03:00,740.3971424105681,496.88231333233193,3.3333333333333335,1
2023-08-23T04:00,743.2177131670297,498.775205190106,3.3333333333333335,1
2023-08-23T05:00,743.7805437764072,499.1529221735768,3.3333333333333335,1
2023-08-23T06:00,742.6544560090717,498.39720194885103,3.3333333333333335,1
2023-08-23T07:00,733.5835268519523,492.30967944844156,3.3333333333333335,1
2023-08-23T08:00,728.4314913927456,488.8521359887164,3.3333333333333335,1
2023-08-23T09:00,719.1811923924862,482.6442379526704,3.3333333333333335,1
2023-08-23T10:00,710.3996519316403,476.750924906377,3.3333333333333335,1
2023-08-23T11:00,703.8902300632597,472.3824361438643,3.3333333333333335,1
2023-08-23T12:00,698.5192214696881,468.7779392839591,3.3333333333333335,1
2023-08-23T13:00,693.7100818654926,465.55051406201557,3.3333333333333335,1
2023-08-23T14:00,691.2929662172421,463.9283819033417,3.3333333333333335,1
2023-08-23T15:00,692.5025786317555,464.74015572083925,3.3333333333333335,1
2023-08-23T16:00,694.9154869133556,466.35946430557624,3.3333333333333335,1
2023-08-23T17:00,697.3200459562463,467.97316969601815,3.3333333333333335,1
2023-08-23T18:00,703.8902300632597,472.3824361438643,3.3333333333333335,1
2023-08-23T19:00,714.5111352598275,479.51015131382326,3.3333333333333335,1
2023-08-23T20:00,705.0782312968585,473.1797066455715,3.3333333333333335,1
2023-08-23T21:00,708.0395136743432,475.1670304126032,3.3333333333333335,1
2023-08-23T22:00,726.7060294557649,487.6941743088232,3.3333333333333335,1
2023-08-23T23:00,727.8567919017867,488.4664537701048,3.3333333333333335,1
2023-08-24T00:00,726.1299643398999,487.3075756160336,3.3333333333333335,1
2023-08-24T01:00,729.5795322806536,489.62258900576427,3.3333333333333335,1
2023-08-24T02:00,730.1528758129739,490.00736123725335,3.3333333333333335,1
2023-08-24T03:00,730.7257694874697,490.3918315680682,3.3333333333333335,1
2023-08-24T04:00,734.7235174803831,493.0747299168802,3.3333333333333335,1
2023-08-24T05:00,738.1329256640295,495.3627919964675,3.3333333333333335,1
2023-08-24T06:00,738.1329256640295,495.3627919964675,3.3333333333333335,1
2023-08-24T07:00,729.0057378291054,489.23751416129056,3.3333333333333335,1
2023-08-24T08:00,722.6639304003426,484.98151185467384,3.3333333333333335,1
2023-08-24T09:00,715.0965602947524,479.903031470936,3.3333333333333335,1
2023-08-24T10:00,708.630285169424,475.56349859206006,3.3333333333333335,1
2023-08-24T11:00,702.700220370188,471.5838177601464,3.3333333333333335,1
2023-08-24T12:00,697.9198912679881,468.37572733578617,3.3333333333333335,1
2023-08-24T13:00,694.9154869133556,466.35946430557624,3.3333333333333335,1
2023-08-24T14:00,692.5025786317555,464.74015572083925,3.3333333333333335,1
2023-08-24T15:00,692.5025786317555,464.74015572083925,3.3333333333333335,1
2023-08-24T16:00,693.7100818654926,465.55051406201557,3.3333333333333335,1
2023-08-24T17:00,695.51740602743,466.76341367910635,3.3333333333333335,1
2023-08-24T18:00,701.5081919964393,470.78384463494274,3.3333333333333335,1
2023-08-24T19:00,713.3388438463799,478.72342371042237,3.3333333333333335,1
2023-08-24T20:00,711.5767855507888,477.54090212573726,3.3333333333333335,1
2023-08-24T21:00,716.8499668345412,481.07974684137326,3.3333333333333335,1
2023-08-24T22:00,719.1811923924862,482.6442379526704,3.3333333333333335,1
2023-08-24T23:00,718.5990950147234,482.2535909943288,3.3333333333333335,1
2023-08-25T00:00,723.2427562283427,485.36996326805564,3.3333333333333335,1
2023-08-25T01:00,726.7060294557649,487.6941743088232,3.3333333333333335,1
2023-08-25T02:00,728.4314913927456,488.8521359887164,3.3333333333333335,1
2023-08-25T03:00,730.7257694874697,490.3918315680682,3.3333333333333335,1
2023-08-25T04:00,734.1537434377407,492.6923531785488,3.3333333333333335,1
2023-08-25T05:00,734.7235174803831,493.0747299168802,3.3333333333333335,1
2023-08-25T06:00,734.7235174803831,493.0747299168802,3.3333333333333335,1
2023-08-25T07:00,731.8702114878379,491.15986936298214,3.3333333333333335,1
2023-08-25T08:00,727.8567919017867,488.4664537701048,3.3333333333333335,1
2023-08-25T09:00,724.9764608882598,486.533456659251,3.3333333333333335,1
2023-08-25T10:00,719.7628190078847,483.0345689812505,3.3333333333333335,1
2023-08-25T11:00,711.5767855507888,477.54090212573726,3.3333333333333335,1
2023-08-25T12:00,707.448248841639,474.7702311530739,3.3333333333333335,1
2023-08-25T13:00,705.6714819119483,473.5778385684635,3.3333333333333335,1
2023-08-25T14:00,709.220564559713,475.95963651880066,3.3333333333333335,1
2023-08-25T15:00,707.448248841639,474.7702311530739,3.3333333333333335,1
2023-08-25T16:00,703.2954769109565,471.98329586461375,3.3333333333333335,1
2023-08-25T17:00,705.0782312968585,473.1797066455715,3.3333333333333335,1
2023-08-25T18:00,712.1646227312139,477.9354010795303,3.3333333333333335,1
2023-08-25T19:00,717.4334833876808,481.47134621174325,3.3333333333333335,1
2023-08-25T20:00,720.3439760012405,483.4245848453417,3.3333333333333335,1
2023-08-25T21:00,723.2427562283427,485.36996326805564,3.3333333333333335,1
2023-08-25T22:00,723.2427562283427,485.36996326805564,3.3333333333333335,1
2023-08-25T23:00,728.4314913927456,488.8521359887164,3.3333333333333335,1
2023-08-26T00:00,729.5795322806536,489.62258900576427,3.3333333333333335,1
2023-08-26T01:00,729.0057378291054,489.23751416129056,3.3333333333333335,1
2023-08-26T02:00,732.4417619158204,491.5434382378125,3.3333333333333335,1
2023-08-26T03:00,732.4417619158204,491.5434382378125,3.3333333333333335,1
2023-08-26T04:00,735.2928500086516,493.45681035384735,3.3333333333333335,1
2023-08-26T05:00,734.7235174803831,493.0747299168802,3.3333333333333335,1
2023-08-26T06:00,733.0128666902446,491.92670803346175,3.3333333333333335,1
2023-08-26T07:00,731.2982143613874,490.77600070772934,3.3333333333333335,1
2023-08-26T08:00,719.7628190078847,483.0345689812505,3.3333333333333335,1
2023-08-26T09:00,711.5767855507888,477.54090212573726,3.3333333333333335,1
2023-08-26T10:00,706.856489433324,474.3730999826558,3.3333333333333335,1
2023-08-26T11:00,703.2954769109565,471.98329586461375,3.3333333333333335,1
2023-08-26T12:00,700.9114175864269,470.3833478847539,3.3333333333333335,1
2023-08-26T13:00,699.7163418363307,469.5813296579117,3.3333333333333335,1
2023-08-26T14:00,693.106593206795,465.14551136329203,3.3333333333333335,1
2023-08-26T15:00,690.6873656049705,463.5219618674657,3.3333333333333335,1
2023-08-26T16:00,690.6873656049705,463.5219618674657,3.3333333333333335,1
2023-08-26T17:00,699.1180378861054,469.179806429586,3.3333333333333335,1
2023-08-26T18:00,705.0782312968585,473.1797066455715,3.3333333333333335,1
2023-08-26T19:00,708.630285169424,475.56349859206006,3.3333333333333335,1
2023-08-26T20:00,715.0965602947524,479.903031470936,3.3333333333333335,1
2023-08-26T21:00,717.4334833876808,481.47134621174325,3.3333333333333335,1
2023-08-26T22:00,723.2427562283427,485.36996326805564,3.3333333333333335,1
2023-08-26T23:00,724.9764608882598,486.533456659251,3.3333333333333335,1
2023-08-27T00:00,729.0057378291054,489.23751416129056,3.3333333333333335,1
2023-08-27T01:00,727.2816382822145,488.08046678468236,3.3333333333333335,1
2023-08-27T02:00,727.2816382822145,488.08046678468236,3.3333333333333335,1
2023-08-27T03:00,726.1299643398999,487.3075756160336,3.3333333333333335,1
2023-08-27T04:00,726.1299643398999,487.3075756160336,3.3333333333333335,1
2023-08-27T05:00,726.7060294557649,487.6941743088232,3.3333333333333335,1
2023-08-27T06:00,727.8567919017867,488.4664537701048,3.3333333333333335,1
2023-08-27T07:00,727.8567919017867,488.4664537701048,3.3333333333333335,1
2023-08-27T08:00,726.1299643398999,487.3075756160336,3.3333333333333335,1
2023-08-27T09:00,723.2427562283427,485.36996326805564,3.3333333333333335,1
2023-08-27T10:00,720.3439760012405,483.4245848453417,3.3333333333333335,1
2023-08-27T11:00,719.1811923924862,482.6442379526704,3.3333333333333335,1
2023-08-27T12:00,724.3990203658255,486.1459349277856,3.3333333333333335,1
2023-08-27T13:00,727.2816382822145,488.08046678468236,3.3333333333333335,1
2023-08-27T14:00,735.2928500086516,493.45681035384735,3.3333333333333335,1
2023-08-27T15:00,738.6996304889008,495.74310897532814,3.3333333333333335,1
2023-08-27T16:00,736.9982087353686,494.6012807207018,3.3333333333333335,1
2023-08-27T17:00,733.0128666902446,491.92670803346175,3.3333333333333335,1
2023-08-27T18:00,738.1329256640295,495.3627919964675,3.3333333333333335,1
2023-08-27T19:00,744.3429488048012,499.53035354862016,3.3333333333333335,1
2023-08-27T20:00,748.8269830316062,502.5395997653495,3.3333333333333335,1
2023-08-27T21:00,753.8396405948065,505.9036063819021,3.3333333333333335,1
2023-08-27T22:00,756.6101006513204,507.76286882772075,3.3333333333333335,1
2023-08-27T23:00,758.8191859382553,509.2453913076792,3.3333333333333335,1
2023-08-28T00:00,760.4717886636512,510.35445699442744,3.3333333333333335,1
2023-08-28T01:00,761.021858745458,510.7236103569772,3.3333333333333335,1
2023-08-28T02:00,760.4717886636512,510.35445699442744,3.3333333333333335,1
2023-08-28T03:00,759.9213204129716,509.98503641978397,3.3333333333333335,1
2023-08-28T04:00,759.3704531275202,509.6153480519399,3.3333333333333335,1
2023-08-28T05:00,761.021858745458,510.7236103569772,3.3333333333333335,1
2023-08-28T06:00,759.3704531275202,509.6153480519399,3.3333333333333335,1
2023-08-28T07:00,758.8191859382553,509.2453913076792,3.3333333333333335,1
2023-08-28T08:00,759.9213204129716,509.98503641978397,3.3333333333333335,1
2023-08-28T09:00,756.0568207962298,507.39156137855565,3.3333333333333335,1
2023-08-28T10:00,753.8396405948065,505.9036063819021,3.3333333333333335,1
2023-08-28T11:00,751.6159199961851,504.4112621088672,3.3333333333333335,1
2023-08-28T12:00,748.8269830316062,502.5395997653495,3.3333333333333335,1
2023-08-28T13:00,745.4664859707809,500.2843620586061,3.3333333333333335,1
2023-08-28T14:00,739.8317378665478,496.50286897509585,3.3333333333333335,1
2023-08-28T15:00,737.5657854145899,494.9821828031258,3.3333333333333335,1
2023-08-28T16:00,736.9982087353686,494.6012807207018,3.3333333333333335,1
2023-08-28T17:00,736.4301946172787,494.22008507199496,3.3333333333333335,1
2023-08-28T18:00,738.6996304889008,495.74310897532814,3.3333333333333335,1
2023-08-28T19:00,743.7805437764072,499.1529221735768,3.3333333333333335,1
2023-08-28T20:00,747.7084955021039,501.7889800786189,3.3333333333333335,1
2023-08-28T21:00,749.9438024188314,503.28909995776263,3.3333333333333335,1
2023-08-28T22:00,752.1724664774764,504.7847617987778,3.3333333333333335,1
2023-08-28T23:00,754.3945465518728,506.2760051120367,3.3333333333333335,1
2023-08-29T00:00,753.8396405948065,505.9036063819021,3.3333333333333335,1
2023-08-29T01:00,756.6101006513204,507.76286882772075,3.3333333333333335,1
2023-08-29T02:00,757.7154483563066,508.5046703464327,3.3333333333333335,1
2023-08-29T03:00,758.8191859382553,509.2453913076792,3.3333333333333335,1
2023-08-29T04:00,759.9213204129716,509.98503641978397,3.3333333333333335,1
2023-08-29T05:00,760.4717886636512,510.35445699442744,3.3333333333333335,1
2023-08-29T06:00,761.5715315211636,511.09249708644126,3.3333333333333335,1
2023-08-29T07:00,757.7154483563066,508.5046703464327,3.3333333333333335,1
2023-08-29T08:00,749.385600776607,502.914489485346,3.3333333333333335,1
2023-08-29T09:00,741.5266581586482,497.64033408322797,3.3333333333333335,1
2023-08-29T10:00,736.9982087353686,494.6012807207018,3.3333333333333335,1
2023-08-29T11:00,731.2982143613874,490.77600070772934,3.3333333333333335,1
2023-08-29T12:00,728.4314913927456,488.8521359887164,3.3333333333333335,1
2023-08-29T13:00,723.8211191806087,485.7581040444124,3.3333333333333335,1
2023-08-29T14:00,719.1811923924862,482.6442379526704,3.3333333333333335,1
2023-08-29T15:00,717.4334833876808,481.47134621174325,3.3333333333333335,1
2023-08-29T16:00,717.4334833876808,481.47134621174325,3.3333333333333335,1
2023-08-29T17:00,720.3439760012405,483.4245848453417,3.3333333333333335,1
2023-08-29T18:00,728.4314913927456,488.8521359887164,3.3333333333333335,1
2023-08-29T19:00,735.2928500086516,493.45681035384735,3.3333333333333335,1
2023-08-29T20:00,738.6996304889008,495.74310897532814,3.3333333333333335,1
2023-08-29T21:00,738.6996304889008,495.74310897532814,3.3333333333333335,1
2023-08-29T22:00,740.9621155125502,497.2614681477725,3.3333333333333335,1
2023-08-29T23:00,744.9049292161556,499.90749996214095,3.3333333333333335,1
2023-08-30T00:00,747.7084955021039,501.7889800786189,3.3333333333333335,1
2023-08-30T01:00,750.5015888867351,503.66343180568833,3.3333333333333335,1
2023-08-30T02:00,753.2843258670713,505.5309333247828,3.3333333333333335,1
2023-08-30T03:00,754.3945465518728,506.2760051120367,3.3333333333333335,1
2023-08-30T04:00,755.5031357561685,507.01998200877654,3.3333333333333335,1
2023-08-30T05:00,754.9490446396396,506.6481301200978,3.3333333333333335,1
2023-08-30T06:00,755.5031357561685,507.01998200877654,3.3333333333333335,1
2023-08-30T07:00,751.6159199961851,504.4112621088672,3.3333333333333335,1
2023-08-30T08:00,746.0276200253737,500.66094048005687,3.3333333333333335,1
2023-08-30T09:00,736.9982087353686,494.6012807207018,3.3333333333333335,1
2023-08-30T10:00,732.4417619158204,491.5434382378125,3.3333333333333335,1
2023-08-30T11:00,724.3990203658255,486.1459349277856,3.3333333333333335,1
2023-08-30T12:00,719.1811923924862,482.6442379526704,3.3333333333333335,1
2023-08-30T13:00,714.5111352598275,479.51015131382326,3.3333333333333335,1
2023-08-30T14:00,714.5111352598275,479.51015131382326,3.3333333333333335,1
2023-08-30T15:00,714.5111352598275,479.51015131382326,3.3333333333333335,1
2023-08-30T16:00,713.3388438463799,478.72342371042237,3.3333333333333335,1
2023-08-30T17:00,717.4334833876808,481.47134621174325,3.3333333333333335,1
2023-08-30T18:00,722.6639304003426,484.98151185467384,3.3333333333333335,1
2023-08-30T19:00,734.1537434377407,492.6923531785488,3.3333333333333335,1
2023-08-30T20:00,742.0907713312647,498.01891179799117,3.3333333333333335,1
2023-08-30T21:00,742.0907713312647,498.01891179799117,3.3333333333333335,1
2023-08-30T22:00,746.0276200253737,500.66094048005687,3.3333333333333335,1
2023-08-30T23:00,752.1724664774764,504.7847617987778,3.3333333333333335,1
2023-08-31T00:00,753.2843258670713,505.5309333247828,3.3333333333333335,1
2023-08-31T01:00,758.2675179729761,508.8751656016658,3.3333333333333335,1
2023-08-31T02:00,758.2675179729761,508.8751656016658,3.3333333333333335,1
2023-08-31T03:00,751.0589611053268,504.0374856498987,3.3333333333333335,1
2023-08-31T04:00,757.7154483563066,508.5046703464327,3.3333333333333335,1
2023-08-31T05:00,764.8612726724264,513.3002503311149,3.3333333333333335,1
2023-08-31T06:00,764.3139657882648,512.9329513571892,3.3333333333333335,1
2023-08-31T07:00,759.3704531275202,509.6153480519399,3.3333333333333335,1
2023-08-31T08:00,754.3945465518728,506.2760051120367,3.3333333333333335,1
2023-08-31T09:00,742.6544560090717,498.39720194885103,3.3333333333333335,1
2023-08-31T10:00,732.4417619158204,491.5434382378125,3.3333333333333335,1
2023-08-31T11:00,724.3990203658255,486.1459349277856,3.3333333333333335,1
2023-08-31T12:00,719.1811923924862,482.6442379526704,3.3333333333333335,1
2023-08-31T13:00,715.0965602947524,479.903031470936,3.3333333333333335,1
2023-08-31T14:00,712.1646227312139,477.9354010795303,3.3333333333333335,1
2023-08-31T15:00,710.9884623534299,477.1460770048041,3.3333333333333335,1
2023-08-31T16:00,712.1646227312139,477.9354010795303,3.3333333333333335,1
2023-08-31T17:00,715.0965602947524,479.903031470936,3.3333333333333335,1
2023-08-31T18:00,720.9246645082791,483.814286307132,3.3333333333333335,1
2023-08-31T19:00,728.4314913927456,488.8521359887164,3.3333333333333335,1
2023-08-31T20:00,719.1811923924862,482.6442379526704,3.3333333333333335,1
2023-08-31T21:00,736.4301946172787,494.22008507199496,3.3333333333333335,1
2023-08-31T22:00,738.1329256640295,495.3627919964675,3.3333333333333335,1
2023-08-31T23:00,740.9621155125502,497.2614681477725,3.3333333333333335,1
2023-09-01T00:00,746.5883323330348,501.0372358661216,3.3333333333333335,1
2023-09-01T01:00,751.6159199961851,504.4112621088672,3.3333333333333335,1
2023-09-01T02:00,754.3945465518728,506.2760051120367,3.3333333333333335,1
2023-09-01T03:00,756.6101006513204,507.76286882772075,3.3333333333333335,1
2023-09-01T04:00,757.1629762096796,508.1339049523715,3.3333333333333335,1
2023-09-01T05:00,759.3704531275202,509.6153480519399,3.3333333333333335,1
2023-09-01T06:00,762.1208078504283,511.4611177597399,3.3333333333333335,1
2023-09-01T07:00,751.0589611053268,504.0374856498987,3.3333333333333335,1
2023-09-01T08:00,742.0907713312647,498.01891179799117,3.3333333333333335,1
2023-09-01T09:00,735.2928500086516,493.45681035384735,3.3333333333333335,1
2023-09-01T10:00,729.0057378291054,489.23751416129056,3.3333333333333335,1
2023-09-01T11:00,722.0846405834792,484.5927490572435,3.3333333333333335,1
2023-09-01T12:00,716.8499668345412,481.07974684137326,3.3333333333333335,1
2023-09-01T13:00,711.5767855507888,477.54090212573726,3.3333333333333335,1
2023-09-01T14:00,708.0395136743432,475.1670304126032,3.3333333333333335,1
2023-09-01T15:00,706.2642342062239,473.97563606705165,3.3333333333333335,1
2023-09-01T16:00,705.6714819119483,473.5778385684635,3.3333333333333335,1
2023-09-01T17:00,708.630285169424,475.56349859206006,3.3333333333333335,1
2023-09-01T18:00,718.5990950147234,482.2535909943288,3.3333333333333335,1
2023-09-01T19:00,734.1537434377407,492.6923531785488,3.3333333333333335,1
2023-09-01T20:00,729.0057378291054,489.23751416129056,3.3333333333333335,1
2023-09-01T21:00,731.8702114878379,491.15986936298214,3.3333333333333335,1
2023-09-01T22:00,736.4301946172787,494.22008507199496,3.3333333333333335,1
2023-09-01T23:00,738.6996304889008,495.74310897532814,3.3333333333333335,1
2023-09-02T00:00,743.2177131670297,498.775205190106,3.3333333333333335,1
2023-09-02T01:00,743.2177131670297,498.775205190106,3.3333333333333335,1
2023-09-02T02:00,748.8269830316062,502.5395997653495,3.3333333333333335,1
2023-09-02T03:00,751.6159199961851,504.4112621088672,3.3333333333333335,1
2023-09-02T04:00,750.5015888867351,503.66343180568833,3.3333333333333335,1
2023-09-02T05:00,751.0589611053268,504.0374856498987,3.3333333333333335,1
2023-09-02T06:00,751.6159199961851,504.4112621088672,3.3333333333333335,1
2023-09-02T07:00,751.0589611053268,504.0374856498987,3.3333333333333335,1
2023-09-02T08:00,746.0276200253737,500.66094048005687,3.3333333333333335,1
2023-09-02T09:00,740.9621155125502,497.2614681477725,3.3333333333333335,1
2023-09-02T10:00,735.8617420473389,493.8385951771909,3.3333333333333335,1
2023-09-02T11:00,729.5795322806536,489.62258900576427,3.3333333333333335,1
2023-09-02T12:00,730.7257694874697,490.3918315680682,3.3333333333333335,1
2023-09-02T13:00,730.7257694874697,490.3918315680682,3.3333333333333335,1
2023-09-02T14:00,729.0057378291054,489.23751416129056,3.3333333333333335,1
2023-09-02T15:00,723.2427562283427,485.36996326805564,3.3333333333333335,1
2023-09-02T16:00,720.9246645082791,483.814286307132,3.3333333333333335,1
2023-09-02T17:00,724.3990203658255,486.1459349277856,3.3333333333333335,1
2023-09-02T18:00,728.4314913927456,488.8521359887164,3.3333333333333335,1
2023-09-02T19:00,731.8702114878379,491.15986936298214,3.3333333333333335,1
2023-09-02T20:00,733.5835268519523,492.30967944844156,3.3333333333333335,1
2023-09-02T21:00,735.2928500086516,493.45681035384735,3.3333333333333335,1
2023-09-02T22:00,738.6996304889008,495.74310897532814,3.3333333333333335,1
2023-09-02T23:00,740.3971424105681,496.88231333233193,3.3333333333333335,1
2023-09-03T00:00,742.6544560090717,498.39720194885103,3.3333333333333335,1
2023-09-03T01:00,743.2177131670297,498.775205190106,3.3333333333333335,1
2023-09-03T02:00,744.3429488048012,499.53035354862016,3.3333333333333335,1
2023-09-03T03:00,746.0276200253737,500.66094048005687,3.3333333333333335,1
2023-09-03T04:00,747.7084955021039,501.7889800786189,3.3333333333333335,1
2023-09-03T05:00,747.1486238432893,501.4132488540287,3.3333333333333335,1
2023-09-03T06:00,748.267948251907,502.16443017235815,3.3333333333333335,1
2023-09-03T07:00,746.5883323330348,501.0372358661216,3.3333333333333335,1
2023-09-03T08:00,745.4664859707809,500.2843620586061,3.3333333333333335,1
2023-09-03T09:00,742.0907713312647,498.01891179799117,3.3333333333333335,1
2023-09-03T10:00,736.9982087353686,494.6012807207018,3.3333333333333335,1
2023-09-03T11:00,729.5795322806536,489.62258900576427,3.3333333333333335,1
2023-09-03T12:00,724.3990203658255,486.1459349277856,3.3333333333333335,1
2023-09-03T13:00,719.7628190078847,483.0345689812505,3.3333333333333335,1
2023-09-03T14:00,719.1811923924862,482.6442379526704,3.3333333333333335,1
2023-09-03T15:00,720.3439760012405,483.4245848453417,3.3333333333333335,1
2023-09-03T16:00,720.3439760012405,483.4245848453417,3.3333333333333335,1
2023-09-03T17:00,720.9246645082791,483.814286307132,3.3333333333333335,1
2023-09-03T18:00,726.7060294557649,487.6941743088232,3.3333333333333335,1
2023-09-03T19:00,732.4417619158204,491.5434382378125,3.3333333333333335,1
2023-09-03T20:00,746.5883323330348,501.0372358661216,3.3333333333333335,1
2023-09-03T21:00,747.7084955021039,501.7889800786189,3.3333333333333335,1
2023-09-03T22:00,748.267948251907,502.16443017235815,3.3333333333333335,1
2023-09-03T23:00,748.8269830316062,502.5395997653495,3.3333333333333335,1
2023-09-04T00:00,749.385600776607,502.914489485346,3.3333333333333335,1
2023-09-04T01:00,747.7084955021039,501.7889800786189,3.3333333333333335,1
2023-09-04T02:00,748.267948251907,502.16443017235815,3.3333333333333335,1
2023-09-04T03:00,751.6159199961851,504.4112621088672,3.3333333333333335,1
2023-09-04T04:00,751.0589611053268,504.0374856498987,3.3333333333333335,1
2023-09-04T05:00,750.5015888867351,503.66343180568833,3.3333333333333335,1
2023-09-04T06:00,753.2843258670713,505.5309333247828,3.3333333333333335,1
2023-09-04T07:00,748.8269830316062,502.5395997653495,3.3333333333333335,1
2023-09-04T08:00,743.7805437764072,499.1529221735768,3.3333333333333335,1
2023-09-04T09:00,734.1537434377407,492.6923531785488,3.3333333333333335,1
2023-09-04T10:00,731.8702114878379,491.15986936298214,3.3333333333333335,1
2023-09-04T11:00,726.1299643398999,487.3075756160336,3.3333333333333335,1
2023-09-04T12:00,727.8567919017867,488.4664537701048,3.3333333333333335,1
2023-09-04T13:00,726.1299643398999,487.3075756160336,3.3333333333333335,1
2023-09-04T14:00,727.2816382822145,488.08046678468236,3.3333333333333335,1
2023-09-04T15:00,728.4314913927456,488.8521359887164,3.3333333333333335,1
2023-09-04T16:00,726.1299643398999,487.3075756160336,3.3333333333333335,1
2023-09-04T17:00,726.1299643398999,487.3075756160336,3.3333333333333335,1
2023-09-04T18:00,727.8567919017867,488.4664537701048,3.3333333333333335,1
2023-09-04T19:00,734.7235174803831,493.0747299168802,3.3333333333333335,1
2023-09-04T20:00,733.0128666902446,491.92670803346175,3.3333333333333335,1
2023-09-04T21:00,734.7235174803831,493.0747299168802,3.3333333333333335,1
2023-09-04T22:00,738.6996304889008,495.74310897532814,3.3333333333333335,1
2023-09-04T23:00,743.2177131670297,498.775205190106,3.3333333333333335,1
2023-09-05T00:00,744.3429488048012,499.53035354862016,3.3333333333333335,1
2023-09-05T01:00,744.3429488048012,499.53035354862016,3.3333333333333335,1
2023-09-05T02:00,745.4664859707809,500.2843620586061,3.3333333333333335,1
2023-09-05T03:00,747.7084955021039,501.7889800786189,3.3333333333333335,1
2023-09-05T04:00,748.8269830316062,502.5395997653495,3.3333333333333335,1
2023-09-05T05:00,749.385600776607,502.914489485346,3.3333333333333335,1
2023-09-05T06:00,749.385600776607,502.914489485346,3.3333333333333335,1
2023-09-05T07:00,746.5883323330348,501.0372358661216,3.3333333333333335,1
2023-09-05T08:00,740.9621155125502,497.2614681477725,3.3333333333333335,1
2023-09-05T09:00,730.7257694874697,490.3918315680682,3.3333333333333335,1
2023-09-05T10:00,720.3439760012405,483.4245848453417,3.3333333333333335,1
2023-09-05T11:00,710.9884623534299,477.1460770048041,3.3333333333333335,1
2023-09-05T12:00,704.4844811020378,472.7812394535136,3.3333333333333335,1
2023-09-05T13:00,700.3141346338195,469.9825098503995,3.3333333333333335,1
2023-09-05T14:00,697.9198912679881,468.37572733578617,3.3333333333333335,1
2023-09-05T15:00,697.3200459562463,467.97316969601815,3.3333333333333335,1
2023-09-05T16:00,697.9198912679881,468.37572733578617,3.3333333333333335,1
2023-09-05T17:00,698.5192214696881,468.7779392839591,3.3333333333333335,1
2023-09-05T18:00,706.856489433324,474.3730999826558,3.3333333333333335,1
2023-09-05T19:00,715.0965602947524,479.903031470936,3.3333333333333335,1
2023-09-05T20:00,722.6639304003426,484.98151185467384,3.3333333333333335,1
2023-09-05T21:00,726.1299643398999,487.3075756160336,3.3333333333333335,1
2023-09-05T22:00,729.5795322806536,489.62258900576427,3.3333333333333335,1
2023-09-05T23:00,733.0128666902446,491.92670803346175,3.3333333333333335,1
2023-09-06T00:00,734.7235174803831,493.0747299168802,3.3333333333333335,1
2023-09-06T01:00,735.2928500086516,493.45681035384735,3.3333333333333335,1
2023-09-06T02:00,736.9982087353686,494.6012807207018,3.3333333333333335,1
2023-09-06T03:00,738.6996304889008,495.74310897532814,3.3333333333333335,1
2023-09-06T04:00,740.3971424105681,496.88231333233193,3.3333333333333335,1
2023-09-06T05:00,742.0907713312647,498.01891179799117,3.3333333333333335,1
2023-09-06T06:00,743.2177131670297,498.775205190106,3.3333333333333335,1
2023-09-06T07:00,739.2659008905641,496.123134411723,3.3333333333333335,1
2023-09-06T08:00,730.7257694874697,490.3918315680682,3.3333333333333335,1
2023-09-06T09:00,720.9246645082791,483.814286307132,3.3333333333333335,1
2023-09-06T10:00,712.1646227312139,477.9354010795303,3.3333333333333335,1
2023-09-06T11:00,705.0782312968585,473.1797066455715,3.3333333333333335,1
2023-09-06T12:00,698.5192214696881,468.7779392839591,3.3333333333333335,1
2023-09-06T13:00,696.7196842040008,467.5702654717787,3.3333333333333335,1
2023-09-06T14:00,695.51740602743,466.76341367910635,3.3333333333333335,1
2023-09-06T15:00,696.1188046750524,467.1670137663415,3.3333333333333335,1
2023-09-06T16:00,696.1188046750524,467.1670137663415,3.3333333333333335,1
2023-09-06T17:00,708.0395136743432,475.1670304126032,3.3333333333333335,1
2023-09-06T18:00,716.8499668345412,481.07974684137326,3.3333333333333335,1
2023-09-06T19:00,719.7628190078847,483.0345689812505,3.3333333333333335,1
2023-09-06T20:00,733.5835268519523,492.30967944844156,3.3333333333333335,1
2023-09-06T21:00,730.7257694874697,490.3918315680682,3.3333333333333335,1
2023-09-06T22:00,731.2982143613874,490.77600070772934,3.3333333333333335,1
2023-09-06T23:00,731.8702114878379,491.15986936298214,3.3333333333333335,1
2023-09-07T00:00,733.0128666902446,491.92670803346175,3.3333333333333335,1
2023-09-07T01:00,734.7235174803831,493.0747299168802,3.3333333333333335,1
2023-09-07T02:00,735.2928500086516,493.45681035384735,3.3333333333333335,1
2023-09-07T03:00,736.9982087353686,494.6012807207018,3.3333333333333335,1
2023-09-07T04:00,738.1329256640295,495.3627919964675,3.3333333333333335,1
2023-09-07T05:00,739.8317378665478,496.50286897509585,3.3333333333333335,1
2023-09-07T06:00,740.9621155125502,497.2614681477725,3.3333333333333335,1
2023-09-07T07:00,737.5657854145899,494.9821828031258,3.3333333333333335,1
2023-09-07T08:00,730.7257694874697,490.3918315680682,3.3333333333333335,1
2023-09-07T09:00,720.3439760012405,483.4245848453417,3.3333333333333335,1
2023-09-07T10:00,711.5767855507888,477.54090212573726,3.3333333333333335,1
2023-09-07T11:00,705.0782312968585,473.1797066455715,3.3333333333333335,1
2023-09-07T12:00,700.3141346338195,469.9825098503995,3.3333333333333335,1
2023-09-07T13:00,696.7196842040008,467.5702654717787,3.3333333333333335,1
2023-09-07T14:00,695.51740602743,466.76341367910635,3.3333333333333335,1
2023-09-07T15:00,694.313045979209,465.9551647373334,3.3333333333333335,1
2023-09-07T16:00,694.9154869133556,466.35946430557624,3.3333333333333335,1
2023-09-07T17:00,696.7196842040008,467.5702654717787,3.3333333333333335,1
2023-09-07T18:00,703.2954769109565,471.98329586461375,3.3333333333333335,1
2023-09-07T19:00,714.5111352598275,479.51015131382326,3.3333333333333335,1
2023-09-07T20:00,713.9252301713316,479.11694899159755,3.3333333333333335,1
2023-09-07T21:00,716.2659749112644,480.68782844895424,3.3333333333333335,1
2023-09-07T22:00,720.9246645082791,483.814286307132,3.3333333333333335,1
2023-09-07T23:00,723.8211191806087,485.7581040444124,3.3333333333333335,1
2023-09-08T00:00,724.9764608882598,486.533456659251,3.3333333333333335,1
2023-09-08T01:00,726.1299643398999,487.3075756160336,3.3333333333333335,1
2023-09-08T02:00,729.5795322806536,489.62258900576427,3.3333333333333335,1
2023-09-08T03:00,731.2982143613874,490.77600070772934,3.3333333333333335,1
2023-09-08T04:00,731.8702114878379,491.15986936298214,3.3333333333333335,1
2023-09-08T05:00,733.5835268519523,492.30967944844156,3.3333333333333335,1
2023-09-08T06:00,735.2928500086516,493.45681035384735,3.3333333333333335,1
2023-09-08T07:00,730.1528758129739,490.00736123725335,3.3333333333333335,1
2023-09-08T08:00,722.6639304003426,484.98151185467384,3.3333333333333335,1
2023-09-08T09:00,714.5111352598275,479.51015131382326,3.3333333333333335,1
2023-09-08T10:00,708.0395136743432,475.1670304126032,3.3333333333333335,1
2023-09-08T11:00,702.700220370188,471.5838177601464,3.3333333333333335,1
2023-09-08T12:00,698.5192214696881,468.7779392839591,3.3333333333333335,1
2023-09-08T13:00,695.51740602743,466.76341367910635,3.3333333333333335,1
2023-09-08T14:00,693.7100818654926,465.55051406201557,3.3333333333333335,1
2023-09-08T15:00,693.7100818654926,465.55051406201557,3.3333333333333335,1
2023-09-08T16:00,694.313045979209,465.9551647373334,3.3333333333333335,1
2023-09-08T17:00,697.3200459562463,467.97316969601815,3.3333333333333335,1
2023-09-08T18:00,703.8902300632597,472.3824361438643,3.3333333333333335,1
2023-09-08T19:00,713.3388438463799,478.72342371042237,3.3333333333333335,1
2023-09-08T20:00,716.8499668345412,481.07974684137326,3.3333333333333335,1
2023-09-08T21:00,717.4334833876808,481.47134621174325,3.3333333333333335,1
2023-09-08T22:00,712.1646227312139,477.9354010795303,3.3333333333333335,1
2023-09-08T23:00,713.3388438463799,478.72342371042237,3.3333333333333335,1
2023-09-09T00:00,726.1299643398999,487.3075756160336,3.3333333333333335,1
2023-09-09T01:00,726.1299643398999,487.3075756160336,3.3333333333333335,1
2023-09-09T02:00,726.1299643398999,487.3075756160336,3.3333333333333335,1
2023-09-09T03:00,727.2816382822145,488.08046678468236,3.3333333333333335,1
2023-09-09T04:00,730.1528758129739,490.00736123725335,3.3333333333333335,1
2023-09-09T05:00,731.8702114878379,491.15986936298214,3.3333333333333335,1
2023-09-09T06:00,733.5835268519523,492.30967944844156,3.3333333333333335,1
2023-09-09T07:00,729.0057378291054,489.23751416129056,3.3333333333333335,1
2023-09-09T08:00,720.9246645082791,483.814286307132,3.3333333333333335,1
2023-09-09T09:00,711.5767855507888,477.54090212573726,3.3333333333333335,1
2023-09-09T10:00,703.2954769109565,471.98329586461375,3.3333333333333335,1
2023-09-09T11:00,697.3200459562463,467.97316969601815,3.3333333333333335,1
2023-09-09T12:00,691.8980367630277,464.33444621031657,3.3333333333333335,1
2023-09-09T13:00,689.4745685927339,462.70805085873235,3.3333333333333335,1
2023-09-09T14:00,686.4332014556423,460.6669820157991,3.3333333333333335,1
2023-09-09T15:00,687.0425519542013,461.07591860943364,3.3333333333333335,1
2023-09-09T16:00,686.4332014556423,460.6669820157991,3.3333333333333335,1
2023-09-09T17:00,689.4745685927339,462.70805085873235,3.3333333333333335,1
2023-09-09T18:00,697.3200459562463,467.97316969601815,3.3333333333333335,1
2023-09-09T19:00,707.448248841639,474.7702311530739,3.3333333333333335,1
2023-09-09T20:00,705.0782312968585,473.1797066455715,3.3333333333333335,1
2023-09-09T21:00,708.0395136743432,475.1670304126032,3.3333333333333335,1
2023-09-09T22:00,711.5767855507888,477.54090212573726,3.3333333333333335,1
2023-09-09T23:00,716.8499668345412,481.07974684137326,3.3333333333333335,1
2023-09-10T00:00,723.2427562283427,485.36996326805564,3.3333333333333335,1
2023-09-10T01:00,724.9764608882598,486.533456659251,3.3333333333333335,1
2023-09-10T02:00,725.5534418477838,486.9206699769356,3.3333333333333335,1
2023-09-10T03:00,726.1299643398999,487.3075756160336,3.3333333333333335,1
2023-09-10T04:00,729.5795322806536,489.62258900576427,3.3333333333333335,1
2023-09-10T05:00,730.1528758129739,490.00736123725335,3.3333333333333335,1
2023-09-10T06:00,731.8702114878379,491.15986936298214,3.3333333333333335,1
2023-09-10T07:00,727.2816382822145,488.08046678468236,3.3333333333333335,1
2023-09-10T08:00,718.0165257296524,481.8626273378512,3.3333333333333335,1
2023-09-10T09:00,708.0395136743432,475.1670304126032,3.3333333333333335,1
2023-09-10T10:00,699.7163418363307,469.5813296579117,3.3333333333333335,1
2023-09-10T11:00,693.106593206795,465.14551136329203,3.3333333333333335,1
2023-09-10T12:00,688.8673693832782,462.3005580004189,3.3333333333333335,1
2023-09-10T13:00,687.6513624874455,461.4844928310394,3.3333333333333335,1
2023-09-10T14:00,687.6513624874455,461.4844928310394,3.3333333333333335,1
2023-09-10T15:00,685.8233095524996,460.2576820842386,3.3333333333333335,1
2023-09-10T16:00,689.4745685927339,462.70805085873235,3.3333333333333335,1
2023-09-10T17:00,694.9154869133556,466.35946430557624,3.3333333333333335,1
2023-09-10T18:00,699.7163418363307,469.5813296579117,3.3333333333333335,1
2023-09-10T19:00,706.2642342062239,473.97563606705165,3.3333333333333335,1
2023-09-10T20:00,713.9252301713316,479.11694899159755,3.3333333333333335,1
2023-09-10T21:00,714.5111352598275,479.51015131382326,3.3333333333333335,1
2023-09-10T22:00,716.2659749112644,480.68782844895424,3.3333333333333335,1
2023-09-10T23:00,717.4334833876808,481.47134621174325,3.3333333333333335,1
2023-09-11T00:00,720.3439760012405,483.4245848453417,3.3333333333333335,1
2023-09-11T01:00,721.5048856601552,484.20367412574234,3.3333333333333335,1
2023-09-11T02:00,724.9764608882598,486.533456659251,3.3333333333333335,1
2023-09-11T03:00,726.1299643398999,487.3075756160336,3.3333333333333335,1
2023-09-11T04:00,726.7060294557649,487.6941743088232,3.3333333333333335,1
2023-09-11T05:00,728.4314913927456,488.8521359887164,3.3333333333333335,1
2023-09-11T06:00,730.1528758129739,490.00736123725335,3.3333333333333335,1
2023-09-11T07:00,729.0057378291054,489.23751416129056,3.3333333333333335,1
2023-09-11T08:00,720.9246645082791,483.814286307132,3.3333333333333335,1
2023-09-11T09:00,715.6815064541526,480.2955902535258,3.3333333333333335,1
2023-09-11T10:00,709.8103530729155,476.35544501674104,3.3333333333333335,1
2023-09-11T11:00,705.6714819119483,473.5778385684635,3.3333333333333335,1
2023-09-11T12:00,705.6714819119483,473.5778385684635,3.3333333333333335,1
2023-09-11T13:00,704.4844811020378,472.7812394535136,3.3333333333333335,1
2023-09-11T14:00,703.8902300632597,472.3824361438643,3.3333333333333335,1
2023-09-11T15:00,701.5081919964393,470.78384463494274,3.3333333333333335,1
2023-09-11T16:00,705.6714819119483,473.5778385684635,3.3333333333333335,1
2023-09-11T17:00,731.2982143613874,490.77600070772934,3.3333333333333335,1
2023-09-11T18:00,731.8702114878379,491.15986936298214,3.3333333333333335,1
2023-09-11T19:00,733.0128666902446,491.92670803346175,3.3333333333333335,1
2023-09-11T20:00,736.9982087353686,494.6012807207018,3.3333333333333335,1
2023-09-11T21:00,731.2982143613874,490.77600070772934,3.3333333333333335,1
2023-09-11T22:00,729.5795322806536,489.62258900576427,3.3333333333333335,1
2023-09-11T23:00,730.7257694874697,490.3918315680682,3.3333333333333335,1
2023-09-12T00:00,732.4417619158204,491.5434382378125,3.3333333333333335,1
2023-09-12T01:00,734.1537434377407,492.6923531785488,3.3333333333333335,1
2023-09-12T02:00,734.7235174803831,493.0747299168802,3.3333333333333335,1
2023-09-12T03:00,736.9982087353686,494.6012807207018,3.3333333333333335,1
2023-09-12T04:00,738.1329256640295,495.3627919964675,3.3333333333333335,1
2023-09-12T05:00,742.0907713312647,498.01891179799117,3.3333333333333335,1
2023-09-12T06:00,743.7805437764072,499.1529221735768,3.3333333333333335,1
2023-09-12T07:00,742.6544560090717,498.39720194885103,3.3333333333333335,1
2023-09-12T08:00,736.9982087353686,494.6012807207018,3.3333333333333335,1
2023-09-12T09:00,732.4417619158204,491.5434382378125,3.3333333333333335,1
2023-09-12T10:00,733.0128666902446,491.92670803346175,3.3333333333333335,1
2023-09-12T11:00,731.8702114878379,491.15986936298214,3.3333333333333335,1
2023-09-12T12:00,734.7235174803831,493.0747299168802,3.3333333333333335,1
2023-09-12T13:00,734.7235174803831,493.0747299168802,3.3333333333333335,1
2023-09-12T14:00,735.2928500086516,493.45681035384735,3.3333333333333335,1
2023-09-12T15:00,738.6996304889008,495.74310897532814,3.3333333333333335,1
2023-09-12T16:00,740.9621155125502,497.2614681477725,3.3333333333333335,1
2023-09-12T17:00,746.0276200253737,500.66094048005687,3.3333333333333335,1
2023-09-12T18:00,747.1486238432893,501.4132488540287,3.3333333333333335,1
2023-09-12T19:00,748.8269830316062,502.5395997653495,3.3333333333333335,1
2023-09-12T20:00,753.8396405948065,505.9036063819021,3.3333333333333335,1
2023-09-12T21:00,754.3945465518728,506.2760051120367,3.3333333333333335,1
2023-09-12T22:00,754.9490446396396,506.6481301200978,3.3333333333333335,1
2023-09-12T23:00,754.3945465518728,506.2760051120367,3.3333333333333335,1
2023-09-13T00:00,754.9490446396396,506.6481301200978,3.3333333333333335,1
2023-09-13T01:00,755.5031357561685,507.01998200877654,3.3333333333333335,1
2023-09-13T02:00,756.0568207962298,507.39156137855565,3.3333333333333335,1
2023-09-13T03:00,756.0568207962298,507.39156137855565,3.3333333333333335,1
2023-09-13T04:00,756.6101006513204,507.76286882772075,3.3333333333333335,1
2023-09-13T05:00,757.7154483563066,508.5046703464327,3.3333333333333335,1
2023-09-13T06:00,757.1629762096796,508.1339049523715,3.3333333333333335,1
2023-09-13T07:00,756.6101006513204,507.76286882772075,3.3333333333333335,1
2023-09-13T08:00,755.5031357561685,507.01998200877654,3.3333333333333335,1
2023-09-13T09:00,749.9438024188314,503.28909995776263,3.3333333333333335,1
2023-09-13T10:00,742.6544560090717,498.39720194885103,3.3333333333333335,1
2023-09-13T11:00,738.1329256640295,495.3627919964675,3.3333333333333335,1
2023-09-13T12:00,740.3971424105681,496.88231333233193,3.3333333333333335,1
2023-09-13T13:00,739.8317378665478,496.50286897509585,3.3333333333333335,1
2023-09-13T14:00,738.1329256640295,495.3627919964675,3.3333333333333335,1
2023-09-13T15:00,736.9982087353686,494.6012807207018,3.3333333333333335,1
2023-09-13T16:00,735.8617420473389,493.8385951771909,3.3333333333333335,1
2023-09-13T17:00,736.9982087353686,494.6012807207018,3.3333333333333335,1
2023-09-13T18:00,739.2659008905641,496.123134411723,3.3333333333333335,1
2023-09-13T19:00,743.2177131670297,498.775205190106,3.3333333333333335,1
2023-09-13T20:00,748.267948251907,502.16443017235815,3.3333333333333335,1
2023-09-13T21:00,748.8269830316062,502.5395997653495,3.3333333333333335,1
2023-09-13T22:00,750.5015888867351,503.66343180568833,3.3333333333333335,1
2023-09-13T23:00,751.6159199961851,504.4112621088672,3.3333333333333335,1
2023-09-14T00:00,753.8396405948065,505.9036063819021,3.3333333333333335,1
2023-09-14T01:00,756.0568207962298,507.39156137855565,3.3333333333333335,1
2023-09-14T02:00,756.6101006513204,507.76286882772075,3.3333333333333335,1
2023-09-14T03:00,758.2675179729761,508.8751656016658,3.3333333333333335,1
2023-09-14T04:00,759.3704531275202,509.6153480519399,3.3333333333333335,1
2023-09-14T05:00,759.9213204129716,509.98503641978397,3.3333333333333335,1
2023-09-14T06:00,761.021858745458,510.7236103569772,3.3333333333333335,1
2023-09-14T07:00,758.8191859382553,509.2453913076792,3.3333333333333335,1
2023-09-14T08:00,753.2843258670713,505.5309333247828,3.3333333333333335,1
2023-09-14T09:00,746.0276200253737,500.66094048005687,3.3333333333333335,1
2023-09-14T10:00,736.9982087353686,494.6012807207018,3.3333333333333335,1
2023-09-14T11:00,729.0057378291054,489.23751416129056,3.3333333333333335,1
2023-09-14T12:00,725.5534418477838,486.9206699769356,3.3333333333333335,1
2023-09-14T13:00,723.8211191806087,485.7581040444124,3.3333333333333335,1
2023-09-14T14:00,722.6639304003426,484.98151185467384,3.3333333333333335,1
2023-09-14T15:00,719.7628190078847,483.0345689812505,3.3333333333333335,1
2023-09-14T16:00,719.1811923924862,482.6442379526704,3.3333333333333335,1
2023-09-14T17:00,720.9246645082791,483.814286307132,3.3333333333333335,1
2023-09-14T18:00,728.4314913927456,488.8521359887164,3.3333333333333335,1
2023-09-14T19:00,737.5657854145899,494.9821828031258,3.3333333333333335,1
2023-09-14T20:00,731.8702114878379,491.15986936298214,3.3333333333333335,1
2023-09-14T21:00,738.6996304889008,495.74310897532814,3.3333333333333335,1
2023-09-14T22:00,742.0907713312647,498.01891179799117,3.3333333333333335,1
2023-09-14T23:00,748.267948251907,502.16443017235815,3.3333333333333335,1
2023-09-15T00:00,748.8269830316062,502.5395997653495,3.3333333333333335,1
2023-09-15T01:00,751.6159199961851,504.4112621088672,3.3333333333333335,1
2023-09-15T02:00,746.0276200253737,500.66094048005687,3.3333333333333335,1
2023-09-15T03:00,746.0276200253737,500.66094048005687,3.3333333333333335,1
2023-09-15T04:00,748.267948251907,502.16443017235815,3.3333333333333335,1
2023-09-15T05:00,753.8396405948065,505.9036063819021,3.3333333333333335,1
2023-09-15T06:00,754.3945465518728,506.2760051120367,3.3333333333333335,1
2023-09-15T07:00,749.9438024188314,503.28909995776263,3.3333333333333335,1
2023-09-15T08:00,744.3429488048012,499.53035354862016,3.3333333333333335,1
2023-09-15T09:00,738.1329256640295,495.3627919964675,3.3333333333333335,1
2023-09-15T10:00,731.8702114878379,491.15986936298214,3.3333333333333335,1
2023-09-15T11:00,726.1299643398999,487.3075756160336,3.3333333333333335,1
2023-09-15T12:00,722.0846405834792,484.5927490572435,3.3333333333333335,1
2023-09-15T13:00,718.5990950147234,482.2535909943288,3.3333333333333335,1
2023-09-15T14:00,716.8499668345412,481.07974684137326,3.3333333333333335,1
2023-09-15T15:00,715.6815064541526,480.2955902535258,3.3333333333333335,1
2023-09-15T16:00,715.6815064541526,480.2955902535258,3.3333333333333335,1
2023-09-15T17:00,717.4334833876808,481.47134621174325,3.3333333333333335,1
2023-09-15T18:00,723.8211191806087,485.7581040444124,3.3333333333333335,1
2023-09-15T19:00,731.8702114878379,491.15986936298214,3.3333333333333335,1
2023-09-15T20:00,735.8617420473389,493.8385951771909,3.3333333333333335,1
2023-09-15T21:00,736.9982087353686,494.6012807207018,3.3333333333333335,1
2023-09-15T22:00,739.8317378665478,496.50286897509585,3.3333333333333335,1
2023-09-15T23:00,745.4664859707809,500.2843620586061,3.3333333333333335,1
2023-09-16T00:00,746.0276200253737,500.66094048005687,3.3333333333333335,1
2023-09-16T01:00,748.8269830316062,502.5395997653495,3.3333333333333335,1
2023-09-16T02:00,748.8269830316062,502.5395997653495,3.3333333333333335,1
2023-09-16T03:00,751.0589611053268,504.0374856498987,3.3333333333333335,1
2023-09-16T04:00,750.5015888867351,503.66343180568833,3.3333333333333335,1
2023-09-16T05:00,753.2843258670713,505.5309333247828,3.3333333333333335,1
2023-09-16T06:00,754.3945465518728,506.2760051120367,3.3333333333333335,1
2023-09-16T07:00,746.5883323330348,501.0372358661216,3.3333333333333335,1
2023-09-16T08:00,738.6996304889008,495.74310897532814,3.3333333333333335,1
2023-09-16T09:00,732.4417619158204,491.5434382378125,3.3333333333333335,1
2023-09-16T10:00,724.9764608882598,486.533456659251,3.3333333333333335,1
2023-09-16T11:00,718.5990950147234,482.2535909943288,3.3333333333333335,1
2023-09-16T12:00,714.5111352598275,479.51015131382326,3.3333333333333335,1
2023-09-16T13:00,711.5767855507888,477.54090212573726,3.3333333333333335,1
2023-09-16T14:00,709.220564559713,475.95963651880066,3.3333333333333335,1
2023-09-16T15:00,708.630285169424,475.56349859206006,3.3333333333333335,1
2023-09-16T16:00,708.630285169424,475.56349859206006,3.3333333333333335,1
2023-09-16T17:00,709.8103530729155,476.35544501674104,3.3333333333333335,1
2023-09-16T18:00,712.1646227312139,477.9354010795303,3.3333333333333335,1
2023-09-16T19:00,717.4334833876808,481.47134621174325,3.3333333333333335,1
2023-09-16T20:00,715.0965602947524,479.903031470936,3.3333333333333335,1
2023-09-16T21:00,729.0057378291054,489.23751416129056,3.3333333333333335,1
2023-09-16T22:00,733.5835268519523,492.30967944844156,3.3333333333333335,1
2023-09-16T23:00,736.9982087353686,494.6012807207018,3.3333333333333335,1
2023-09-17T00:00,738.1329256640295,495.3627919964675,3.3333333333333335,1
2023-09-17T01:00,742.0907713312647,498.01891179799117,3.3333333333333335,1
2023-09-17T02:00,742.0907713312647,498.01891179799117,3.3333333333333335,1
2023-09-17T03:00,740.9621155125502,497.2614681477725,3.3333333333333335,1
2023-09-17T04:00,742.0907713312647,498.01891179799117,3.3333333333333335,1
2023-09-17T05:00,743.2177131670297,498.775205190106,3.3333333333333335,1
2023-09-17T06:00,744.3429488048012,499.53035354862016,3.3333333333333335,1
2023-09-17T07:00,740.9621155125502,497.2614681477725,3.3333333333333335,1
2023-09-17T08:00,734.1537434377407,492.6923531785488,3.3333333333333335,1
2023-09-17T09:00,723.8211191806087,485.7581040444124,3.3333333333333335,1
2023-09-17T10:00,713.9252301713316,479.11694899159755,3.3333333333333335,1
2023-09-17T11:00,705.6714819119483,473.5778385684635,3.3333333333333335,1
2023-09-17T12:00,702.700220370188,471.5838177601464,3.3333333333333335,1
2023-09-17T13:00,699.7163418363307,469.5813296579117,3.3333333333333335,1
2023-09-17T14:00,699.1180378861054,469.179806429586,3.3333333333333335,1
2023-09-17T15:00,699.1180378861054,469.179806429586,3.3333333333333335,1
2023-09-17T16:00,699.1180378861054,469.179806429586,3.3333333333333335,1
2023-09-17T17:00,701.5081919964393,470.78384463494274,3.3333333333333335,1
2023-09-17T18:00,711.5767855507888,477.54090212573726,3.3333333333333335,1
2023-09-17T19:00,719.7628190078847,483.0345689812505,3.3333333333333335,1
2023-09-17T20:00,718.0165257296524,481.8626273378512,3.3333333333333335,1
2023-09-17T21:00,718.5990950147234,482.2535909943288,3.3333333333333335,1
2023-09-17T22:00,719.7628190078847,483.0345689812505,3.3333333333333335,1
2023-09-17T23:00,722.6639304003426,484.98151185467384,3.3333333333333335,1
2023-09-18T00:00,725.5534418477838,486.9206699769356,3.3333333333333335,1
2023-09-18T01:00,725.5534418477838,486.9206699769356,3.3333333333333335,1
2023-09-18T02:00,727.2816382822145,488.08046678468236,3.3333333333333335,1
2023-09-18T03:00,729.0057378291054,489.23751416129056,3.3333333333333335,1
2023-09-18T04:00,730.1528758129739,490.00736123725335,3.3333333333333335,1
2023-09-18T05:00,730.7257694874697,490.3918315680682,3.3333333333333335,1
2023-09-18T06:00,731.2982143613874,490.77600070772934,3.3333333333333335,1
2023-09-18T07:00,729.0057378291054,489.23751416129056,3.3333333333333335,1
2023-09-18T08:00,723.2427562283427,485.36996326805564,3.3333333333333335,1
2023-09-18T09:00,713.9252301713316,479.11694899159755,3.3333333333333335,1
2023-09-18T10:00,703.8902300632597,472.3824361438643,3.3333333333333335,1
2023-09-18T11:00,695.51740602743,466.76341367910635,3.3333333333333335,1
2023-09-18T12:00,690.0812335306877,463.11518516614825,3.3333333333333335,1
2023-09-18T13:00,687.6513624874455,461.4844928310394,3.3333333333333335,1
2023-09-18T14:00,688.8673693832782,462.3005580004189,3.3333333333333335,1
2023-09-18T15:00,691.2929662172421,463.9283819033417,3.3333333333333335,1
2023-09-18T16:00,693.7100818654926,465.55051406201557,3.3333333333333335,1
2023-09-18T17:00,693.7100818654926,465.55051406201557,3.3333333333333335,1
2023-09-18T18:00,703.8902300632597,472.3824361438643,3.3333333333333335,1
2023-09-18T19:00,711.5767855507888,477.54090212573726,3.3333333333333335,1
2023-09-18T20:00,712.1646227312139,477.9354010795303,3.3333333333333335,1
2023-09-18T21:00,712.1646227312139,477.9354010795303,3.3333333333333335,1
2023-09-18T22:00,715.0965602947524,479.903031470936,3.3333333333333335,1
2023-09-18T23:00,719.1811923924862,482.6442379526704,3.3333333333333335,1
2023-09-19T00:00,720.3439760012405,483.4245848453417,3.3333333333333335,1
2023-09-19T01:00,722.0846405834792,484.5927490572435,3.3333333333333335,1
2023-09-19T02:00,723.8211191806087,485.7581040444124,3.3333333333333335,1
2023-09-19T03:00,724.3990203658255,486.1459349277856,3.3333333333333335,1
2023-09-19T04:00,724.9764608882598,486.533456659251,3.3333333333333335,1
2023-09-19T05:00,725.5534418477838,486.9206699769356,3.3333333333333335,1
2023-09-19T06:00,724.9764608882598,486.533456659251,3.3333333333333335,1
2023-09-19T07:00,723.2427562283427,485.36996326805564,3.3333333333333335,1
2023-09-19T08:00,717.4334833876808,481.47134621174325,3.3333333333333335,1
2023-09-19T09:00,705.6714819119483,473.5778385684635,3.3333333333333335,1
2023-09-19T10:00,697.3200459562463,467.97316969601815,3.3333333333333335,1
2023-09-19T11:00,689.4745685927339,462.70805085873235,3.3333333333333335,1
2023-09-19T12:00,689.4745685927339,462.70805085873235,3.3333333333333335,1
2023-09-19T13:00,690.6873656049705,463.5219618674657,3.3333333333333335,1
2023-09-19T14:00,685.8233095524996,460.2576820842386,3.3333333333333335,1
2023-09-19T15:00,683.3782988836771,458.61682950977917,3.3333333333333335,1
2023-09-19T16:00,685.8233095524996,460.2576820842386,3.3333333333333335,1
2023-09-19T17:00,690.0812335306877,463.11518516614825,3.3333333333333335,1
2023-09-19T18:00,700.3141346338195,469.9825098503995,3.3333333333333335,1
2023-09-19T19:00,709.220564559713,475.95963651880066,3.3333333333333335,1
2023-09-19T20:00,712.1646227312139,477.9354010795303,3.3333333333333335,1
2023-09-19T21:00,712.1646227312139,477.9354010795303,3.3333333333333335,1
2023-09-19T22:00,715.0965602947524,479.903031470936,3.3333333333333335,1
2023-09-19T23:00,723.2427562283427,485.36996326805564,3.3333333333333335,1
2023-09-20T00:00,727.2816382822145,488.08046678468236,3.3333333333333335,1
2023-09-20T01:00,736.9982087353686,494.6012807207018,3.3333333333333335,1
2023-09-20T02:00,736.4301946172787,494.22008507199496,3.3333333333333335,1
2023-09-20T03:00,736.4301946172787,494.22008507199496,3.3333333333333335,1
2023-09-20T04:00,738.1329256640295,495.3627919964675,3.3333333333333335,1
2023-09-20T05:00,745.4664859707809,500.2843620586061,3.3333333333333335,1
2023-09-20T06:00,751.0589611053268,504.0374856498987,3.3333333333333335,1
2023-09-20T07:00,752.7286014639734,505.15798533353643,3.3333333333333335,1
2023-09-20T08:00,751.6159199961851,504.4112621088672,3.3333333333333335,1
2023-09-20T09:00,748.8269830316062,502.5395997653495,3.3333333333333335,1
2023-09-20T10:00,748.267948251907,502.16443017235815,3.3333333333333335,1
2023-09-20T11:00,742.6544560090717,498.39720194885103,3.3333333333333335,1
2023-09-20T12:00,740.9621155125502,497.2614681477725,3.3333333333333335,1
2023-09-20T13:00,737.5657854145899,494.9821828031258,3.3333333333333335,1
2023-09-20T14:00,736.9982087353686,494.6012807207018,3.3333333333333335,1
2023-09-20T15:00,737.5657854145899,494.9821828031258,3.3333333333333335,1
2023-09-20T16:00,737.5657854145899,494.9821828031258,3.3333333333333335,1
2023-09-20T17:00,737.5657854145899,494.9821828031258,3.3333333333333335,1
2023-09-20T18:00,738.6996304889008,495.74310897532814,3.3333333333333335,1
2023-09-20T19:00,738.6996304889008,495.74310897532814,3.3333333333333335,1
2023-09-20T20:00,746.0276200253737,500.66094048005687,3.3333333333333335,1
2023-09-20T21:00,746.0276200253737,500.66094048005687,3.3333333333333335,1
2023-09-20T22:00,746.5883323330348,501.0372358661216,3.3333333333333335,1
2023-09-20T23:00,748.267948251907,502.16443017235815,3.3333333333333335,1
2023-09-21T00:00,751.6159199961851,504.4112621088672,3.3333333333333335,1
2023-09-21T01:00,752.1724664774764,504.7847617987778,3.3333333333333335,1
2023-09-21T02:00,752.1724664774764,504.7847617987778,3.3333333333333335,1
2023-09-21T03:00,753.2843258670713,505.5309333247828,3.3333333333333335,1
2023-09-21T04:00,753.2843258670713,505.5309333247828,3.3333333333333335,1
2023-09-21T05:00,753.2843258670713,505.5309333247828,3.3333333333333335,1
2023-09-21T06:00,753.8396405948065,505.9036063819021,3.3333333333333335,1
2023-09-21T07:00,754.3945465518728,506.2760051120367,3.3333333333333335,1
2023-09-21T08:00,758.2675179729761,508.8751656016658,3.3333333333333335,1
2023-09-21T09:00,762.6696885898169,511.8294729517157,3.3333333333333335,1
2023-09-21T10:00,762.6696885898169,511.8294729517157,3.3333333333333335,1
2023-09-21T11:00,761.5715315211636,511.09249708644126,3.3333333333333335,1
2023-09-21T12:00,759.3704531275202,509.6153480519399,3.3333333333333335,1
2023-09-21T13:00,759.3704531275202,509.6153480519399,3.3333333333333335,1
2023-09-21T14:00,752.1724664774764,504.7847617987778,3.3333333333333335,1
2023-09-21T15:00,754.3945465518728,506.2760051120367,3.3333333333333335,1
2023-09-21T16:00,754.3945465518728,506.2760051120367,3.3333333333333335,1
2023-09-21T17:00,755.5031357561685,507.01998200877654,3.3333333333333335,1
2023-09-21T18:00,757.1629762096796,508.1339049523715,3.3333333333333335,1
2023-09-21T19:00,759.3704531275202,509.6153480519399,3.3333333333333335,1
2023-09-21T20:00,765.9547132202276,514.034060927836,3.3333333333333335,1
2023-09-21T21:00,765.4081882036425,513.6672866671321,3.3333333333333335,1
2023-09-21T22:00,765.4081882036425,513.6672866671321,3.3333333333333335,1
2023-09-21T23:00,766.5008485575082,514.4005736738158,3.3333333333333335,1
2023-09-22T00:00,768.1369248022625,515.498548399427,3.3333333333333335,1
2023-09-22T01:00,768.6815097163294,515.8640206526376,3.3333333333333335,1
2023-09-22T02:00,769.7695237212065,516.5941894832752,3.3333333333333335,1
2023-09-22T03:00,770.8560020653473,517.3233277282777,3.3333333333333335,1
2023-09-22T04:00,771.3986673927234,517.6875117422165,3.3333333333333335,1
2023-09-22T05:00,771.3986673927234,517.6875117422165,3.3333333333333335,1
2023-09-22T06:00,771.3986673927234,517.6875117422165,3.3333333333333335,1
2023-09-22T07:00,770.8560020653473,517.3233277282777,3.3333333333333335,1
2023-09-22T08:00,770.3129544445375,516.9588871562908,3.3333333333333335,1
2023-09-22T09:00,765.4081882036425,513.6672866671321,3.3333333333333335,1
2023-09-22T10:00,762.6696885898169,511.8294729517157,3.3333333333333335,1
2023-09-22T11:00,754.3945465518728,506.2760051120367,3.3333333333333335,1
2023-09-22T12:00,748.8269830316062,502.5395997653495,3.3333333333333335,1
2023-09-22T13:00,746.5883323330348,501.0372358661216,3.3333333333333335,1
2023-09-22T14:00,743.7805437764072,499.1529221735768,3.3333333333333335,1
2023-09-22T15:00,742.6544560090717,498.39720194885103,3.3333333333333335,1
2023-09-22T16:00,742.6544560090717,498.39720194885103,3.3333333333333335,1
2023-09-22T17:00,743.7805437764072,499.1529221735768,3.3333333333333335,1
2023-09-22T18:00,746.0276200253737,500.66094048005687,3.3333333333333335,1
2023-09-22T19:00,748.267948251907,502.16443017235815,3.3333333333333335,1
2023-09-22T20:00,756.6101006513204,507.76286882772075,3.3333333333333335,1
2023-09-22T21:00,757.1629762096796,508.1339049523715,3.3333333333333335,1
2023-09-22T22:00,757.1629762096796,508.1339049523715,3.3333333333333335,1
2023-09-22T23:00,757.1629762096796,508.1339049523715,3.3333333333333335,1
2023-09-23T00:00,757.7154483563066,508.5046703464327,3.3333333333333335,1
2023-09-23T01:00,757.1629762096796,508.1339049523715,3.3333333333333335,1
2023-09-23T02:00,759.3704531275202,509.6153480519399,3.3333333333333335,1
2023-09-23T03:00,759.9213204129716,509.98503641978397,3.3333333333333335,1
2023-09-23T04:00,760.4717886636512,510.35445699442744,3.3333333333333335,1
2023-09-23T05:00,760.4717886636512,510.35445699442744,3.3333333333333335,1
2023-09-23T06:00,760.4717886636512,510.35445699442744,3.3333333333333335,1
2023-09-23T07:00,759.9213204129716,509.98503641978397,3.3333333333333335,1
2023-09-23T08:00,756.6101006513204,507.76286882772075,3.3333333333333335,1
2023-09-23T09:00,753.2843258670713,505.5309333247828,3.3333333333333335,1
2023-09-23T10:00,749.385600776607,502.914489485346,3.3333333333333335,1
2023-09-23T11:00,742.6544560090717,498.39720194885103,3.3333333333333335,1
2023-09-23T12:00,739.8317378665478,496.50286897509585,3.3333333333333335,1
2023-09-23T13:00,738.1329256640295,495.3627919964675,3.3333333333333335,1
2023-09-23T14:00,738.6996304889008,495.74310897532814,3.3333333333333335,1
2023-09-23T15:00,737.5657854145899,494.9821828031258,3.3333333333333335,1
2023-09-23T16:00,737.5657854145899,494.9821828031258,3.3333333333333335,1
2023-09-23T17:00,737.5657854145899,494.9821828031258,3.3333333333333335,1
2023-09-23T18:00,740.9621155125502,497.2614681477725,3.3333333333333335,1
2023-09-23T19:00,744.9049292161556,499.90749996214095,3.3333333333333335,1
2023-09-23T20:00,754.3945465518728,506.2760051120367,3.3333333333333335,1
2023-09-23T21:00,757.7154483563066,508.5046703464327,3.3333333333333335,1
2023-09-23T22:00,758.2675179729761,508.8751656016658,3.3333333333333335,1
2023-09-23T23:00,759.3704531275202,509.6153480519399,3.3333333333333335,1
2023-09-24T00:00,759.9213204129716,509.98503641978397,3.3333333333333335,1
2023-09-24T01:00,759.9213204129716,509.98503641978397,3.3333333333333335,1
2023-09-24T02:00,759.3704531275202,509.6153480519399,3.3333333333333335,1
2023-09-24T03:00,759.3704531275202,509.6153480519399,3.3333333333333335,1
2023-09-24T04:00,759.3704531275202,509.6153480519399,3.3333333333333335,1
2023-09-24T05:00,759.9213204129716,509.98503641978397,3.3333333333333335,1
2023-09-24T06:00,760.4717886636512,510.35445699442744,3.3333333333333335,1
2023-09-24T07:00,759.9213204129716,509.98503641978397,3.3333333333333335,1
2023-09-24T08:00,757.1629762096796,508.1339049523715,3.3333333333333335,1
2023-09-24T09:00,753.8396405948065,505.9036063819021,3.3333333333333335,1
2023-09-24T10:00,746.5883323330348,501.0372358661216,3.3333333333333335,1
2023-09-24T11:00,740.9621155125502,497.2614681477725,3.3333333333333335,1
2023-09-24T12:00,734.7235174803831,493.0747299168802,3.3333333333333335,1
2023-09-24T13:00,730.7257694874697,490.3918315680682,3.3333333333333335,1
2023-09-24T14:00,731.2982143613874,490.77600070772934,3.3333333333333335,1
2023-09-24T15:00,734.7235174803831,493.0747299168802,3.3333333333333335,1
2023-09-24T16:00,736.4301946172787,494.22008507199496,3.3333333333333335,1
2023-09-24T17:00,738.1329256640295,495.3627919964675,3.3333333333333335,1
2023-09-24T18:00,743.2177131670297,498.775205190106,3.3333333333333335,1
2023-09-24T19:00,747.7084955021039,501.7889800786189,3.3333333333333335,1
2023-09-24T20:00,754.3945465518728,506.2760051120367,3.3333333333333335,1
2023-09-24T21:00,757.7154483563066,508.5046703464327,3.3333333333333335,1
2023-09-24T22:00,759.9213204129716,509.98503641978397,3.3333333333333335,1
2023-09-24T23:00,759.9213204129716,509.98503641978397,3.3333333333333335,1
2023-09-25T00:00,760.4717886636512,510.35445699442744,3.3333333333333335,1
2023-09-25T01:00,760.4717886636512,510.35445699442744,3.3333333333333335,1
2023-09-25T02:00,760.4717886636512,510.35445699442744,3.3333333333333335,1
2023-09-25T03:00,761.021858745458,510.7236103569772,3.3333333333333335,1
2023-09-25T04:00,761.5715315211636,511.09249708644126,3.3333333333333335,1
2023-09-25T05:00,762.1208078504283,511.4611177597399,3.3333333333333335,1
2023-09-25T06:00,762.6696885898169,511.8294729517157,3.3333333333333335,1
2023-09-25T07:00,762.6696885898169,511.8294729517157,3.3333333333333335,1
2023-09-25T08:00,761.021858745458,510.7236103569772,3.3333333333333335,1
2023-09-25T09:00,757.1629762096796,508.1339049523715,3.3333333333333335,1
2023-09-25T10:00,752.1724664774764,504.7847617987778,3.3333333333333335,1
2023-09-25T11:00,740.3971424105681,496.88231333233193,3.3333333333333335,1
2023-09-25T12:00,734.1537434377407,492.6923531785488,3.3333333333333335,1
2023-09-25T13:00,731.2982143613874,490.77600070772934,3.3333333333333335,1
2023-09-25T14:00,730.1528758129739,490.00736123725335,3.3333333333333335,1
2023-09-25T15:00,734.1537434377407,492.6923531785488,3.3333333333333335,1
2023-09-25T16:00,734.1537434377407,492.6923531785488,3.3333333333333335,1
2023-09-25T17:00,735.2928500086516,493.45681035384735,3.3333333333333335,1
2023-09-25T18:00,740.3971424105681,496.88231333233193,3.3333333333333335,1
2023-09-25T19:00,743.7805437764072,499.1529221735768,3.3333333333333335,1
2023-09-25T20:00,753.2843258670713,505.5309333247828,3.3333333333333335,1
2023-09-25T21:00,758.8191859382553,509.2453913076792,3.3333333333333335,1
2023-09-25T22:00,762.1208078504283,511.4611177597399,3.3333333333333335,1
2023-09-25T23:00,764.8612726724264,513.3002503311149,3.3333333333333335,1
2023-09-26T00:00,765.9547132202276,514.034060927836,3.3333333333333335,1
2023-09-26T01:00,767.5919535206044,515.1328168539914,3.3333333333333335,1
2023-09-26T02:00,768.6815097163294,515.8640206526376,3.3333333333333335,1
2023-09-26T03:00,769.7695237212065,516.5941894832752,3.3333333333333335,1
2023-09-26T04:00,770.3129544445375,516.9588871562908,3.3333333333333335,1
2023-09-26T05:00,770.3129544445375,516.9588871562908,3.3333333333333335,1
2023-09-26T06:00,768.1369248022625,515.498548399427,3.3333333333333335,1
2023-09-26T07:00,765.9547132202276,514.034060927836,3.3333333333333335,1
2023-09-26T08:00,763.7662667098397,512.5653891807445,3.3333333333333335,1
2023-09-26T09:00,755.5031357561685,507.01998200877654,3.3333333333333335,1
2023-09-26T10:00,746.0276200253737,500.66094048005687,3.3333333333333335,1
2023-09-26T11:00,737.5657854145899,494.9821828031258,3.3333333333333335,1
2023-09-26T12:00,732.4417619158204,491.5434382378125,3.3333333333333335,1
2023-09-26T13:00,728.4314913927456,488.8521359887164,3.3333333333333335,1
2023-09-26T14:00,726.7060294557649,487.6941743088232,3.3333333333333335,1
2023-09-26T15:00,726.1299643398999,487.3075756160336,3.3333333333333335,1
2023-09-26T16:00,726.1299643398999,487.3075756160336,3.3333333333333335,1
2023-09-26T17:00,729.5795322806536,489.62258900576427,3.3333333333333335,1
2023-09-26T18:00,736.9982087353686,494.6012807207018,3.3333333333333335,1
2023-09-26T19:00,746.0276200253737,500.66094048005687,3.3333333333333335,1
2023-09-26T20:00,752.7286014639734,505.15798533353643,3.3333333333333335,1
2023-09-26T21:00,755.5031357561685,507.01998200877654,3.3333333333333335,1
2023-09-26T22:00,758.2675179729761,508.8751656016658,3.3333333333333335,1
2023-09-26T23:00,759.9213204129716,509.98503641978397,3.3333333333333335,1
2023-09-27T00:00,762.1208078504283,511.4611177597399,3.3333333333333335,1
2023-09-27T01:00,763.218174592814,512.1975632351442,3.3333333333333335,1
2023-09-27T02:00,765.4081882036425,513.6672866671321,3.3333333333333335,1
2023-09-27T03:00,766.5008485575082,514.4005736738158,3.3333333333333335,1
2023-09-27T04:00,767.5919535206044,515.1328168539914,3.3333333333333335,1
2023-09-27T05:00,768.1369248022625,515.498548399427,3.3333333333333335,1
2023-09-27T06:00,767.5919535206044,515.1328168539914,3.3333333333333335,1
2023-09-27T07:00,764.8612726724264,513.3002503311149,3.3333333333333335,1
2023-09-27T08:00,757.7154483563066,508.5046703464327,3.3333333333333335,1
2023-09-27T09:00,746.5883323330348,501.0372358661216,3.3333333333333335,1
2023-09-27T10:00,737.5657854145899,494.9821828031258,3.3333333333333335,1
2023-09-27T11:00,729.0057378291054,489.23751416129056,3.3333333333333335,1
2023-09-27T12:00,725.5534418477838,486.9206699769356,3.3333333333333335,1
2023-09-27T13:00,724.9764608882598,486.533456659251,3.3333333333333335,1
2023-09-27T14:00,723.2427562283427,485.36996326805564,3.3333333333333335,1
2023-09-27T15:00,722.0846405834792,484.5927490572435,3.3333333333333335,1
2023-09-27T16:00,723.2427562283427,485.36996326805564,3.3333333333333335,1
2023-09-27T17:00,723.8211191806087,485.7581040444124,3.3333333333333335,1
2023-09-27T18:00,730.1528758129739,490.00736123725335,3.3333333333333335,1
2023-09-27T19:00,736.4301946172787,494.22008507199496,3.3333333333333335,1
2023-09-27T20:00,736.9982087353686,494.6012807207018,3.3333333333333335,1
2023-09-27T21:00,738.6996304889008,495.74310897532814,3.3333333333333335,1
2023-09-27T22:00,739.8317378665478,496.50286897509585,3.3333333333333335,1
2023-09-27T23:00,742.6544560090717,498.39720194885103,3.3333333333333335,1
2023-09-28T00:00,744.9049292161556,499.90749996214095,3.3333333333333335,1
2023-09-28T01:00,749.9438024188314,503.28909995776263,3.3333333333333335,1
2023-09-28T02:00,751.6159199961851,504.4112621088672,3.3333333333333335,1
2023-09-28T03:00,753.8396405948065,505.9036063819021,3.3333333333333335,1
2023-09-28T04:00,755.5031357561685,507.01998200877654,3.3333333333333335,1
2023-09-28T05:00,757.1629762096796,508.1339049523715,3.3333333333333335,1
2023-09-28T06:00,758.8191859382553,509.2453913076792,3.3333333333333335,1
2023-09-28T07:00,757.1629762096796,508.1339049523715,3.3333333333333335,1
2023-09-28T08:00,752.1724664774764,504.7847617987778,3.3333333333333335,1
2023-09-28T09:00,744.3429488048012,499.53035354862016,3.3333333333333335,1
2023-09-28T10:00,736.4301946172787,494.22008507199496,3.3333333333333335,1
2023-09-28T11:00,729.0057378291054,489.23751416129056,3.3333333333333335,1
2023-09-28T12:00,723.2427562283427,485.36996326805564,3.3333333333333335,1
2023-09-28T13:00,719.7628190078847,483.0345689812505,3.3333333333333335,1
2023-09-28T14:00,718.5990950147234,482.2535909943288,3.3333333333333335,1
2023-09-28T15:00,717.4334833876808,481.47134621174325,3.3333333333333335,1
2023-09-28T16:00,716.2659749112644,480.68782844895424,3.3333333333333335,1
2023-09-28T17:00,719.1811923924862,482.6442379526704,3.3333333333333335,1
2023-09-28T18:00,726.1299643398999,487.3075756160336,3.3333333333333335,1
2023-09-28T19:00,731.8702114878379,491.15986936298214,3.3333333333333335,1
2023-09-28T20:00,740.9621155125502,497.2614681477725,3.3333333333333335,1
2023-09-28T21:00,743.7805437764072,499.1529221735768,3.3333333333333335,1
2023-09-28T22:00,743.7805437764072,499.1529221735768,3.3333333333333335,1
2023-09-28T23:00,746.0276200253737,500.66094048005687,3.3333333333333335,1
2023-09-29T00:00,749.385600776607,502.914489485346,3.3333333333333335,1
2023-09-29T01:00,752.7286014639734,505.15798533353643,3.3333333333333335,1
2023-09-29T02:00,754.3945465518728,506.2760051120367,3.3333333333333335,1
2023-09-29T03:00,754.9490446396396,506.6481301200978,3.3333333333333335,1
2023-09-29T04:00,754.9490446396396,506.6481301200978,3.3333333333333335,1
2023-09-29T05:00,754.9490446396396,506.6481301200978,3.3333333333333335,1
2023-09-29T06:00,756.6101006513204,507.76286882772075,3.3333333333333335,1
2023-09-29T07:00,754.3945465518728,506.2760051120367,3.3333333333333335,1
2023-09-29T08:00,751.0589611053268,504.0374856498987,3.3333333333333335,1
2023-09-29T09:00,743.2177131670297,498.775205190106,3.3333333333333335,1
2023-09-29T10:00,736.4301946172787,494.22008507199496,3.3333333333333335,1
2023-09-29T11:00,731.2982143613874,490.77600070772934,3.3333333333333335,1
2023-09-29T12:00,725.5534418477838,486.9206699769356,3.3333333333333335,1
2023-09-29T13:00,720.9246645082791,483.814286307132,3.3333333333333335,1
2023-09-29T14:00,717.4334833876808,481.47134621174325,3.3333333333333335,1
2023-09-29T15:00,718.0165257296524,481.8626273378512,3.3333333333333335,1
2023-09-29T16:00,720.9246645082791,483.814286307132,3.3333333333333335,1
2023-09-29T17:00,724.9764608882598,486.533456659251,3.3333333333333335,1
2023-09-29T18:00,731.2982143613874,490.77600070772934,3.3333333333333335,1
2023-09-29T19:00,737.5657854145899,494.9821828031258,3.3333333333333335,1
2023-09-29T20:00,743.7805437764072,499.1529221735768,3.3333333333333335,1
2023-09-29T21:00,746.0276200253737,500.66094048005687,3.3333333333333335,1
2023-09-29T22:00,748.267948251907,502.16443017235815,3.3333333333333335,1
2023-09-29T23:00,748.8269830316062,502.5395997653495,3.3333333333333335,1
2023-09-30T00:00,751.6159199961851,504.4112621088672,3.3333333333333335,1
2023-09-30T01:00,755.5031357561685,507.01998200877654,3.3333333333333335,1
2023-09-30T02:00,759.3704531275202,509.6153480519399,3.3333333333333335,1
2023-09-30T03:00,759.9213204129716,509.98503641978397,3.3333333333333335,1
2023-09-30T04:00,761.021858745458,510.7236103569772,3.3333333333333335,1
2023-09-30T05:00,760.4717886636512,510.35445699442744,3.3333333333333335,1
2023-09-30T06:00,761.021858745458,510.7236103569772,3.3333333333333335,1
2023-09-30T07:00,761.021858745458,510.7236103569772,3.3333333333333335,1
2023-09-30T08:00,761.021858745458,510.7236103569772,3.3333333333333335,1
2023-09-30T09:00,756.6101006513204,507.76286882772075,3.3333333333333335,1
2023-09-30T10:00,748.8269830316062,502.5395997653495,3.3333333333333335,1
2023-09-30T11:00,743.2177131670297,498.775205190106,3.3333333333333335,1
2023-09-30T12:00,737.5657854145899,494.9821828031258,3.3333333333333335,1
2023-09-30T13:00,734.7235174803831,493.0747299168802,3.3333333333333335,1
2023-09-30T14:00,722.6639304003426,484.98151185467384,3.3333333333333335,1
2023-09-30T15:00,724.3990203658255,486.1459349277856,3.3333333333333335,1
2023-09-30T16:00,726.1299643398999,487.3075756160336,3.3333333333333335,1
2023-09-30T17:00,729.5795322806536,489.62258900576427,3.3333333333333335,1
2023-09-30T18:00,738.1329256640295,495.3627919964675,3.3333333333333335,1
2023-09-30T19:00,742.6544560090717,498.39720194885103,3.3333333333333335,1
2023-09-30T20:00,749.9438024188314,503.28909995776263,3.3333333333333335,1
2023-09-30T21:00,754.3945465518728,506.2760051120367,3.3333333333333335,1
2023-09-30T22:00,755.5031357561685,507.01998200877654,3.3333333333333335,1
2023-09-30T23:00,756.6101006513204,507.76286882772075,3.3333333333333335,1
2023-10-01T00:00,757.1629762096796,508.1339049523715,3.3333333333333335,1
2023-10-01T01:00,757.7154483563066,508.5046703464327,3.3333333333333335,1
2023-10-01T02:00,758.8191859382553,509.2453913076792,3.3333333333333335,1
2023-10-01T03:00,759.3704531275202,509.6153480519399,3.3333333333333335,1
2023-10-01T04:00,758.8191859382553,509.2453913076792,3.3333333333333335,1
2023-10-01T05:00,758.8191859382553,509.2453913076792,3.3333333333333335,1
2023-10-01T06:00,758.8191859382553,509.2453913076792,3.3333333333333335,1
2023-10-01T07:00,758.8191859382553,509.2453913076792,3.3333333333333335,1
2023-10-01T08:00,757.1629762096796,508.1339049523715,3.3333333333333335,1
2023-10-01T09:00,749.385600776607,502.914489485346,3.3333333333333335,1
2023-10-01T10:00,743.2177131670297,498.775205190106,3.3333333333333335,1
2023-10-01T11:00,738.1329256640295,495.3627919964675,3.3333333333333335,1
2023-10-01T12:00,735.2928500086516,493.45681035384735,3.3333333333333335,1
2023-10-01T13:00,733.0128666902446,491.92670803346175,3.3333333333333335,1
2023-10-01T14:00,733.0128666902446,491.92670803346175,3.3333333333333335,1
2023-10-01T15:00,730.1528758129739,490.00736123725335,3.3333333333333335,1
2023-10-01T16:00,728.4314913927456,488.8521359887164,3.3333333333333335,1
2023-10-01T17:00,734.7235174803831,493.0747299168802,3.3333333333333335,1
2023-10-01T18:00,742.0907713312647,498.01891179799117,3.3333333333333335,1
2023-10-01T19:00,748.267948251907,502.16443017235815,3.3333333333333335,1
2023-10-01T20:00,751.0589611053268,504.0374856498987,3.3333333333333335,1
2023-10-01T21:00,751.6159199961851,504.4112621088672,3.3333333333333335,1
2023-10-01T22:00,753.8396405948065,505.9036063819021,3.3333333333333335,1
2023-10-01T23:00,758.2675179729761,508.8751656016658,3.3333333333333335,1
2023-10-02T00:00,759.3704531275202,509.6153480519399,3.3333333333333335,1
2023-10-02T01:00,759.3704531275202,509.6153480519399,3.3333333333333335,1
2023-10-02T02:00,757.7154483563066,508.5046703464327,3.3333333333333335,1
2023-10-02T03:00,755.5031357561685,507.01998200877654,3.3333333333333335,1
2023-10-02T04:00,755.5031357561685,507.01998200877654,3.3333333333333335,1
2023-10-02T05:00,756.6101006513204,507.76286882772075,3.3333333333333335,1
2023-10-02T06:00,757.1629762096796,508.1339049523715,3.3333333333333335,1
2023-10-02T07:00,757.1629762096796,508.1339049523715,3.3333333333333335,1
2023-10-02T08:00,759.9213204129716,509.98503641978397,3.3333333333333335,1
2023-10-02T09:00,755.5031357561685,507.01998200877654,3.3333333333333335,1
2023-10-02T10:00,746.5883323330348,501.0372358661216,3.3333333333333335,1
2023-10-02T11:00,738.6996304889008,495.74310897532814,3.3333333333333335,1
2023-10-02T12:00,734.7235174803831,493.0747299168802,3.3333333333333335,1
2023-10-02T13:00,733.0128666902446,491.92670803346175,3.3333333333333335,1
2023-10-02T14:00,731.2982143613874,490.77600070772934,3.3333333333333335,1
2023-10-02T15:00,734.1537434377407,492.6923531785488,3.3333333333333335,1
2023-10-02T16:00,734.1537434377407,492.6923531785488,3.3333333333333335,1
2023-10-02T17:00,736.4301946172787,494.22008507199496,3.3333333333333335,1
2023-10-02T18:00,745.4664859707809,500.2843620586061,3.3333333333333335,1
2023-10-02T19:00,755.5031357561685,507.01998200877654,3.3333333333333335,1
2023-10-02T20:00,764.8612726724264,513.3002503311149,3.3333333333333335,1
2023-10-02T21:00,766.5008485575082,514.4005736738158,3.3333333333333335,1
2023-10-02T22:00,767.5919535206044,515.1328168539914,3.3333333333333335,1
2023-10-02T23:00,768.1369248022625,515.498548399427,3.3333333333333335,1
2023-10-03T00:00,769.2257090834096,516.2292341643328,3.3333333333333335,1
2023-10-03T01:00,769.7695237212065,516.5941894832752,3.3333333333333335,1
2023-10-03T02:00,768.6815097163294,515.8640206526376,3.3333333333333335,1
2023-10-03T03:00,769.7695237212065,516.5941894832752,3.3333333333333335,1
2023-10-03T04:00,770.3129544445375,516.9588871562908,3.3333333333333335,1
2023-10-03T05:00,770.8560020653473,517.3233277282777,3.3333333333333335,1
2023-10-03T06:00,771.3986673927234,517.6875117422165,3.3333333333333335,1
2023-10-03T07:00,773.5655218503891,519.1416930104937,3.3333333333333335,1
2023-10-03T08:00,776.2655842372243,520.9537114098952,3.3333333333333335,1
2023-10-03T09:00,773.5655218503891,519.1416930104937,3.3333333333333335,1
2023-10-03T10:00,767.046595047836,514.766825463665,3.3333333333333335,1
2023-10-03T11:00,761.021858745458,510.7236103569772,3.3333333333333335,1
2023-10-03T12:00,757.1629762096796,508.1339049523715,3.3333333333333335,1
2023-10-03T13:00,751.0589611053268,504.0374856498987,3.3333333333333335,1
2023-10-03T14:00,748.8269830316062,502.5395997653495,3.3333333333333335,1
2023-10-03T15:00,746.5883323330348,501.0372358661216,3.3333333333333335,1
2023-10-03T16:00,746.0276200253737,500.66094048005687,3.3333333333333335,1
2023-10-03T17:00,747.1486238432893,501.4132488540287,3.3333333333333335,1
2023-10-03T18:00,749.9438024188314,503.28909995776263,3.3333333333333335,1
2023-10-03T19:00,753.2843258670713,505.5309333247828,3.3333333333333335,1
2023-10-03T20:00,757.1629762096796,508.1339049523715,3.3333333333333335,1
2023-10-03T21:00,759.9213204129716,509.98503641978397,3.3333333333333335,1
2023-10-03T22:00,760.4717886636512,510.35445699442744,3.3333333333333335,1
2023-10-03T23:00,762.1208078504283,511.4611177597399,3.3333333333333335,1
2023-10-04T00:00,762.6696885898169,511.8294729517157,3.3333333333333335,1
2023-10-04T01:00,763.7662667098397,512.5653891807445,3.3333333333333335,1
2023-10-04T02:00,764.3139657882648,512.9329513571892,3.3333333333333335,1
2023-10-04T03:00,764.3139657882648,512.9329513571892,3.3333333333333335,1
2023-10-04T04:00,764.8612726724264,513.3002503311149,3.3333333333333335,1
2023-10-04T05:00,764.8612726724264,513.3002503311149,3.3333333333333335,1
2023-10-04T06:00,764.8612726724264,513.3002503311149,3.3333333333333335,1
2023-10-04T07:00,764.3139657882648,512.9329513571892,3.3333333333333335,1
2023-10-04T08:00,763.7662667098397,512.5653891807445,3.3333333333333335,1
2023-10-04T09:00,759.9213204129716,509.98503641978397,3.3333333333333335,1
2023-10-04T10:00,758.2675179729761,508.8751656016658,3.3333333333333335,1
2023-10-04T11:00,757.7154483563066,508.5046703464327,3.3333333333333335,1
2023-10-04T12:00,758.2675179729761,508.8751656016658,3.3333333333333335,1
2023-10-04T13:00,757.1629762096796,508.1339049523715,3.3333333333333335,1
2023-10-04T14:00,756.6101006513204,507.76286882772075,3.3333333333333335,1
2023-10-04T15:00,756.0568207962298,507.39156137855565,3.3333333333333335,1
2023-10-04T16:00,754.9490446396396,506.6481301200978,3.3333333333333335,1
2023-10-04T17:00,755.5031357561685,507.01998200877654,3.3333333333333335,1
2023-10-04T18:00,759.3704531275202,509.6153480519399,3.3333333333333335,1
2023-10-04T19:00,761.5715315211636,511.09249708644126,3.3333333333333335,1
2023-10-04T20:00,762.1208078504283,511.4611177597399,3.3333333333333335,1
2023-10-04T21:00,762.6696885898169,511.8294729517157,3.3333333333333335,1
2023-10-04T22:00,764.3139657882648,512.9329513571892,3.3333333333333335,1
2023-10-04T23:00,764.8612726724264,513.3002503311149,3.3333333333333335,1
2023-10-05T00:00,765.4081882036425,513.6672866671321,3.3333333333333335,1
2023-10-05T01:00,765.4081882036425,513.6672866671321,3.3333333333333335,1
2023-10-05T02:00,765.4081882036425,513.6672866671321,3.3333333333333335,1
2023-10-05T03:00,765.9547132202276,514.034060927836,3.3333333333333335,1
2023-10-05T04:00,765.9547132202276,514.034060927836,3.3333333333333335,1
2023-10-05T05:00,765.4081882036425,513.6672866671321,3.3333333333333335,1
2023-10-05T06:00,766.5008485575082,514.4005736738158,3.3333333333333335,1
2023-10-05T07:00,765.4081882036425,513.6672866671321,3.3333333333333335,1
2023-10-05T08:00,763.7662667098397,512.5653891807445,3.3333333333333335,1
2023-10-05T09:00,759.9213204129716,509.98503641978397,3.3333333333333335,1
2023-10-05T10:00,752.1724664774764,504.7847617987778,3.3333333333333335,1
2023-10-05T11:00,744.3429488048012,499.53035354862016,3.3333333333333335,1
2023-10-05T12:00,739.2659008905641,496.123134411723,3.3333333333333335,1
2023-10-05T13:00,736.4301946172787,494.22008507199496,3.3333333333333335,1
2023-10-05T14:00,736.4301946172787,494.22008507199496,3.3333333333333335,1
2023-10-05T15:00,734.1537434377407,492.6923531785488,3.3333333333333335,1
2023-10-05T16:00,734.7235174803831,493.0747299168802,3.3333333333333335,1
2023-10-05T17:00,738.6996304889008,495.74310897532814,3.3333333333333335,1
2023-10-05T18:00,747.7084955021039,501.7889800786189,3.3333333333333335,1
2023-10-05T19:00,751.0589611053268,504.0374856498987,3.3333333333333335,1
2023-10-05T20:00,753.2843258670713,505.5309333247828,3.3333333333333335,1
2023-10-05T21:00,752.1724664774764,504.7847617987778,3.3333333333333335,1
2023-10-05T22:00,753.8396405948065,505.9036063819021,3.3333333333333335,1
2023-10-05T23:00,755.5031357561685,507.01998200877654,3.3333333333333335,1
2023-10-06T00:00,758.8191859382553,509.2453913076792,3.3333333333333335,1
2023-10-06T01:00,761.021858745458,510.7236103569772,3.3333333333333335,1
2023-10-06T02:00,762.6696885898169,511.8294729517157,3.3333333333333335,1
2023-10-06T03:00,764.3139657882648,512.9329513571892,3.3333333333333335,1
2023-10-06T04:00,765.9547132202276,514.034060927836,3.3333333333333335,1
2023-10-06T05:00,766.5008485575082,514.4005736738158,3.3333333333333335,1
2023-10-06T06:00,769.7695237212065,516.5941894832752,3.3333333333333335,1
2023-10-06T07:00,770.8560020653473,517.3233277282777,3.3333333333333335,1
2023-10-06T08:00,768.1369248022625,515.498548399427,3.3333333333333335,1
2023-10-06T09:00,762.1208078504283,511.4611177597399,3.3333333333333335,1
2023-10-06T10:00,757.7154483563066,508.5046703464327,3.3333333333333335,1
2023-10-06T11:00,754.9490446396396,506.6481301200978,3.3333333333333335,1
2023-10-06T12:00,751.6159199961851,504.4112621088672,3.3333333333333335,1
2023-10-06T13:00,752.7286014639734,505.15798533353643,3.3333333333333335,1
2023-10-06T14:00,757.7154483563066,508.5046703464327,3.3333333333333335,1
2023-10-06T15:00,761.5715315211636,511.09249708644126,3.3333333333333335,1
2023-10-06T16:00,767.5919535206044,515.1328168539914,3.3333333333333335,1
2023-10-06T17:00,768.1369248022625,515.498548399427,3.3333333333333335,1
2023-10-06T18:00,770.8560020653473,517.3233277282777,3.3333333333333335,1
2023-10-06T19:00,770.8560020653473,517.3233277282777,3.3333333333333335,1
2023-10-06T20:00,781.1021767266102,524.1995603295001,3.3333333333333335,1
2023-10-06T21:00,781.6377285048026,524.5589704233736,3.3333333333333335,1
2023-10-06T22:00,782.1729135921585,524.9181344301397,3.3333333333333335,1
2023-10-06T23:00,782.1729135921585,524.9181344301397,3.3333333333333335,1
2023-10-07T00:00,782.7077327408648,525.277052854593,3.3333333333333335,1
2023-10-07T01:00,783.7762762182476,525.9941549671288,3.3333333333333335,1
2023-10-07T02:00,784.3100020385062,526.3523396562158,3.3333333333333335,1
2023-10-07T03:00,785.9090047218813,527.4254342251025,3.3333333333333335,1
2023-10-07T04:00,786.4412831470871,527.7826475638684,3.3333333333333335,1
2023-10-07T05:00,787.504760689251,528.4963499150241,3.3333333333333335,1
2023-10-07T06:00,787.504760689251,528.4963499150241,3.3333333333333335,1
2023-10-07T07:00,787.504760689251,528.4963499150241,3.3333333333333335,1
2023-10-07T08:00,786.4412831470871,527.7826475638684,3.3333333333333335,1
2023-10-07T09:00,782.1729135921585,524.9181344301397,3.3333333333333335,1
2023-10-07T10:00,780.5662575028142,523.8399036419931,3.3333333333333335,1
2023-10-07T11:00,779.4933136863665,523.1198484512661,3.3333333333333335,1
2023-10-07T12:00,778.4188909652402,522.3988007640318,3.3333333333333335,1
2023-10-07T13:00,775.7263236065025,520.5918122961174,3.3333333333333335,1
2023-10-07T14:00,771.940951232909,518.0514397391789,3.3333333333333335,1
2023-10-07T15:00,768.1369248022625,515.498548399427,3.3333333333333335,1
2023-10-07T16:00,765.4081882036425,513.6672866671321,3.3333333333333335,1
2023-10-07T17:00,765.4081882036425,513.6672866671321,3.3333333333333335,1
2023-10-07T18:00,770.3129544445375,516.9588871562908,3.3333333333333335,1
2023-10-07T19:00,771.940951232909,518.0514397391789,3.3333333333333335,1
2023-10-07T20:00,773.5655218503891,519.1416930104937,3.3333333333333335,1
2023-10-07T21:00,775.1866878378146,520.2296614263429,3.3333333333333335,1
2023-10-07T22:00,776.8044705112463,521.3153592919864,3.3333333333333335,1
2023-10-07T23:00,778.9562875711661,522.75944892626,3.3333333333333335,1
2023-10-08T00:00,783.7762762182476,525.9941549671288,3.3333333333333335,1
2023-10-08T01:00,789.097289637679,529.5650999447275,3.3333333333333335,1
2023-10-08T02:00,791.7443862693472,531.3415728977094,3.3333333333333335,1
2023-10-08T03:00,794.9092665201597,533.4655316900456,3.3333333333333335,1
2023-10-08T04:00,797.0122047622693,534.8768186314464,3.3333333333333335,1
2023-10-08T05:00,798.5857743193965,535.932844967784,3.3333333333333335,1
2023-10-08T06:00,800.6790564800015,537.3376516895283,3.3333333333333335,1
2023-10-08T07:00,799.1096089275919,536.284391640528,3.3333333333333335,1
2023-10-08T08:00,792.8007501631307,532.0505012622287,3.3333333333333335,1
2023-10-08T09:00,784.3100020385062,526.3523396562158,3.3333333333333335,1
2023-10-08T10:00,773.5655218503891,519.1416930104937,3.3333333333333335,1
2023-10-08T11:00,767.046595047836,514.766825463665,3.3333333333333335,1
2023-10-08T12:00,762.6696885898169,511.8294729517157,3.3333333333333335,1
2023-10-08T13:00,759.3704531275202,509.6153480519399,3.3333333333333335,1
2023-10-08T14:00,757.1629762096796,508.1339049523715,3.3333333333333335,1
2023-10-08T15:00,757.7154483563066,508.5046703464327,3.3333333333333335,1
2023-10-08T16:00,757.1629762096796,508.1339049523715,3.3333333333333335,1
2023-10-08T17:00,758.2675179729761,508.8751656016658,3.3333333333333335,1
2023-10-08T18:00,768.1369248022625,515.498548399427,3.3333333333333335,1
2023-10-08T19:00,765.4081882036425,513.6672866671321,3.3333333333333335,1
2023-10-08T20:00,770.3129544445375,516.9588871562908,3.3333333333333335,1
2023-10-08T21:00,781.1021767266102,524.1995603295001,3.3333333333333335,1
2023-10-08T22:00,778.9562875711661,522.75944892626,3.3333333333333335,1
2023-10-08T23:00,776.2655842372243,520.9537114098952,3.3333333333333335,1
2023-10-09T00:00,777.3429832071276,521.6767564648836,3.3333333333333335,1
2023-10-09T01:00,778.9562875711661,522.75944892626,3.3333333333333335,1
2023-10-09T02:00,781.6377285048026,524.5589704233736,3.3333333333333335,1
2023-10-09T03:00,785.3763655521086,527.0679787897852,3.3333333333333335,1
2023-10-09T04:00,783.2421867005402,525.635726199804,3.3333333333333335,1
2023-10-09T05:00,788.0359612627672,528.8528399049136,3.3333333333333335,1
2023-10-09T06:00,786.9732015597073,528.1396192973172,3.3333333333333335,1
2023-10-09T07:00,783.2421867005402,525.635726199804,3.3333333333333335,1
2023-10-09T08:00,778.4188909652402,522.3988007640318,3.3333333333333335,1
2023-10-09T09:00,771.3986673927234,517.6875117422165,3.3333333333333335,1
2023-10-09T10:00,761.021858745458,510.7236103569772,3.3333333333333335,1
2023-10-09T11:00,754.3945465518728,506.2760051120367,3.3333333333333335,1
2023-10-09T12:00,748.8269830316062,502.5395997653495,3.3333333333333335,1
2023-10-09T13:00,747.7084955021039,501.7889800786189,3.3333333333333335,1
2023-10-09T14:00,746.0276200253737,500.66094048005687,3.3333333333333335,1
2023-10-09T15:00,749.9438024188314,503.28909995776263,3.3333333333333335,1
2023-10-09T16:00,752.7286014639734,505.15798533353643,3.3333333333333335,1
2023-10-09T17:00,753.8396405948065,505.9036063819021,3.3333333333333335,1
2023-10-09T18:00,760.4717886636512,510.35445699442744,3.3333333333333335,1
2023-10-09T19:00,763.7662667098397,512.5653891807445,3.3333333333333335,1
2023-10-09T20:00,761.5715315211636,511.09249708644126,3.3333333333333335,1
2023-10-09T21:00,768.1369248022625,515.498548399427,3.3333333333333335,1
2023-10-09T22:00,766.5008485575082,514.4005736738158,3.3333333333333335,1
2023-10-09T23:00,768.6815097163294,515.8640206526376,3.3333333333333335,1
2023-10-10T00:00,769.7695237212065,516.5941894832752,3.3333333333333335,1
2023-10-10T01:00,771.940951232909,518.0514397391789,3.3333333333333335,1
2023-10-10T02:00,773.0243776625457,518.778529836975,3.3333333333333335,1
2023-10-10T03:00,773.5655218503891,519.1416930104937,3.3333333333333335,1
2023-10-10T04:00,775.1866878378146,520.2296614263429,3.3333333333333335,1
2023-10-10T05:00,776.2655842372243,520.9537114098952,3.3333333333333335,1
2023-10-10T06:00,775.7263236065025,520.5918122961174,3.3333333333333335,1
2023-10-10T07:00,774.6466761471727,519.8672582744357,3.3333333333333335,1
2023-10-10T08:00,771.3986673927234,517.6875117422165,3.3333333333333335,1
2023-10-10T09:00,764.8612726724264,513.3002503311149,3.3333333333333335,1
2023-10-10T10:00,762.6696885898169,511.8294729517157,3.3333333333333335,1
2023-10-10T11:00,757.1629762096796,508.1339049523715,3.3333333333333335,1
2023-10-10T12:00,759.3704531275202,509.6153480519399,3.3333333333333335,1
2023-10-10T13:00,762.6696885898169,511.8294729517157,3.3333333333333335,1
2023-10-10T14:00,764.8612726724264,513.3002503311149,3.3333333333333335,1
2023-10-10T15:00,765.4081882036425,513.6672866671321,3.3333333333333335,1
2023-10-10T16:00,763.218174592814,512.1975632351442,3.3333333333333335,1
2023-10-10T17:00,762.6696885898169,511.8294729517157,3.3333333333333335,1
2023-10-10T18:00,771.940951232909,518.0514397391789,3.3333333333333335,1
2023-10-10T19:00,775.7263236065025,520.5918122961174,3.3333333333333335,1
2023-10-10T20:00,780.5662575028142,523.8399036419931,3.3333333333333335,1
2023-10-10T21:00,784.3100020385062,526.3523396562158,3.3333333333333335,1
2023-10-10T22:00,786.4412831470871,527.7826475638684,3.3333333333333335,1
2023-10-10T23:00,786.9732015597073,528.1396192973172,3.3333333333333335,1
2023-10-11T00:00,782.7077327408648,525.277052854593,3.3333333333333335,1
2023-10-11T01:00,784.8433649033037,526.710280765015,3.3333333333333335,1
2023-10-11T02:00,787.504760689251,528.4963499150241,3.3333333333333335,1
2023-10-11T03:00,789.097289637679,529.5650999447275,3.3333333333333335,1
2023-10-11T04:00,794.3826621122338,533.1121261980021,3.3333333333333335,1
2023-10-11T05:00,798.0615958747866,535.5810675455904,3.3333333333333335,1
2023-10-11T06:00,797.0122047622693,534.8768186314464,3.3333333333333335,1
2023-10-11T07:00,793.8557083812022,532.7584862743774,3.3333333333333335,1
2023-10-11T08:00,783.7762762182476,525.9941549671288,3.3333333333333335,1
2023-10-11T09:00,775.1866878378146,520.2296614263429,3.3333333333333335,1
2023-10-11T10:00,765.4081882036425,513.6672866671321,3.3333333333333335,1
2023-10-11T11:00,757.1629762096796,508.1339049523715,3.3333333333333335,1
2023-10-11T12:00,751.0589611053268,504.0374856498987,3.3333333333333335,1
2023-10-11T13:00,747.7084955021039,501.7889800786189,3.3333333333333335,1
2023-10-11T14:00,746.0276200253737,500.66094048005687,3.3333333333333335,1
2023-10-11T15:00,744.3429488048012,499.53035354862016,3.3333333333333335,1
2023-10-11T16:00,746.0276200253737,500.66094048005687,3.3333333333333335,1
2023-10-11T17:00,751.6159199961851,504.4112621088672,3.3333333333333335,1
2023-10-11T18:00,766.5008485575082,514.4005736738158,3.3333333333333335,1
2023-10-11T19:00,768.1369248022625,515.498548399427,3.3333333333333335,1
2023-10-11T20:00,775.7263236065025,520.5918122961174,3.3333333333333335,1
2023-10-11T21:00,773.0243776625457,518.778529836975,3.3333333333333335,1
2023-10-11T22:00,775.1866878378146,520.2296614263429,3.3333333333333335,1
2023-10-11T23:00,777.8811231007315,522.0379034492706,3.3333333333333335,1
2023-10-12T00:00,780.5662575028142,523.8399036419931,3.3333333333333335,1
2023-10-12T01:00,783.2421867005402,525.635726199804,3.3333333333333335,1
2023-10-12T02:00,781.6377285048026,524.5589704233736,3.3333333333333335,1
2023-10-12T03:00,782.7077327408648,525.277052854593,3.3333333333333335,1
2023-10-12T04:00,785.3763655521086,527.0679787897852,3.3333333333333335,1
2023-10-12T05:00,781.1021767266102,524.1995603295001,3.3333333333333335,1
2023-10-12T06:00,780.5662575028142,523.8399036419931,3.3333333333333335,1
2023-10-12T07:00,781.6377285048026,524.5589704233736,3.3333333333333335,1
2023-10-12T08:00,776.2655842372243,520.9537114098952,3.3333333333333335,1
2023-10-12T09:00,768.1369248022625,515.498548399427,3.3333333333333335,1
2023-10-12T10:00,763.218174592814,512.1975632351442,3.3333333333333335,1
2023-10-12T11:00,762.1208078504283,511.4611177597399,3.3333333333333335,1
2023-10-12T12:00,762.1208078504283,511.4611177597399,3.3333333333333335,1
2023-10-12T13:00,759.3704531275202,509.6153480519399,3.3333333333333335,1
2023-10-12T14:00,758.8191859382553,509.2453913076792,3.3333333333333335,1
2023-10-12T15:00,755.5031357561685,507.01998200877654,3.3333333333333335,1
2023-10-12T16:00,754.3945465518728,506.2760051120367,3.3333333333333335,1
2023-10-12T17:00,759.3704531275202,509.6153480519399,3.3333333333333335,1
2023-10-12T18:00,765.9547132202276,514.034060927836,3.3333333333333335,1
2023-10-12T19:00,773.0243776625457,518.778529836975,3.3333333333333335,1
2023-10-12T20:00,770.8560020653473,517.3233277282777,3.3333333333333335,1
2023-10-12T21:00,771.3986673927234,517.6875117422165,3.3333333333333335,1
2023-10-12T22:00,774.6466761471727,519.8672582744357,3.3333333333333335,1
2023-10-12T23:00,776.8044705112463,521.3153592919864,3.3333333333333335,1
2023-10-13T00:00,779.4933136863665,523.1198484512661,3.3333333333333335,1
2023-10-13T01:00,784.3100020385062,526.3523396562158,3.3333333333333335,1
2023-10-13T02:00,788.0359612627672,528.8528399049136,3.3333333333333335,1
2023-10-13T03:00,789.6274188809745,529.9208709623143,3.3333333333333335,1
2023-10-13T04:00,790.1571924520644,530.2764032874235,3.3333333333333335,1
2023-10-13T05:00,790.1571924520644,530.2764032874235,3.3333333333333335,1
2023-10-13T06:00,791.2156754349135,530.986753777741,3.3333333333333335,1
2023-10-13T07:00,790.1571924520644,530.2764032874235,3.3333333333333335,1
2023-10-13T08:00,782.1729135921585,524.9181344301397,3.3333333333333335,1
2023-10-13T09:00,772.4828543893174,518.4151122583374,3.3333333333333335,1
2023-10-13T10:00,763.7662667098397,512.5653891807445,3.3333333333333335,1
2023-10-13T11:00,757.1629762096796,508.1339049523715,3.3333333333333335,1
2023-10-13T12:00,756.6101006513204,507.76286882772075,3.3333333333333335,1
2023-10-13T13:00,759.9213204129716,509.98503641978397,3.3333333333333335,1
2023-10-13T14:00,754.9490446396396,506.6481301200978,3.3333333333333335,1
2023-10-13T15:00,755.5031357561685,507.01998200877654,3.3333333333333335,1
2023-10-13T16:00,753.2843258670713,505.5309333247828,3.3333333333333335,1
2023-10-13T17:00,756.6101006513204,507.76286882772075,3.3333333333333335,1
2023-10-13T18:00,769.2257090834096,516.2292341643328,3.3333333333333335,1
2023-10-13T19:00,764.3139657882648,512.9329513571892,3.3333333333333335,1
2023-10-13T20:00,776.2655842372243,520.9537114098952,3.3333333333333335,1
2023-10-13T21:00,778.9562875711661,522.75944892626,3.3333333333333335,1
2023-10-13T22:00,781.1021767266102,524.1995603295001,3.3333333333333335,1
2023-10-13T23:00,783.7762762182476,525.9941549671288,3.3333333333333335,1
2023-10-14T00:00,784.8433649033037,526.710280765015,3.3333333333333335,1
2023-10-14T01:00,786.9732015597073,528.1396192973172,3.3333333333333335,1
2023-10-14T02:00,787.504760689251,528.4963499150241,3.3333333333333335,1
2023-10-14T03:00,787.504760689251,528.4963499150241,3.3333333333333335,1
2023-10-14T04:00,790.1571924520644,530.2764032874235,3.3333333333333335,1
2023-10-14T05:00,788.0359612627672,528.8528399049136,3.3333333333333335,1
2023-10-14T06:00,790.1571924520644,530.2764032874235,3.3333333333333335,1
2023-10-14T07:00,786.4412831470871,527.7826475638684,3.3333333333333335,1
2023-10-14T08:00,778.4188909652402,522.3988007640318,3.3333333333333335,1
2023-10-14T09:00,768.6815097163294,515.8640206526376,3.3333333333333335,1
2023-10-14T10:00,759.3704531275202,509.6153480519399,3.3333333333333335,1
2023-10-14T11:00,751.6159199961851,504.4112621088672,3.3333333333333335,1
2023-10-14T12:00,746.0276200253737,500.66094048005687,3.3333333333333335,1
2023-10-14T13:00,742.0907713312647,498.01891179799117,3.3333333333333335,1
2023-10-14T14:00,740.3971424105681,496.88231333233193,3.3333333333333335,1
2023-10-14T15:00,740.3971424105681,496.88231333233193,3.3333333333333335,1
2023-10-14T16:00,740.3971424105681,496.88231333233193,3.3333333333333335,1
2023-10-14T17:00,746.0276200253737,500.66094048005687,3.3333333333333335,1
2023-10-14T18:00,754.3945465518728,506.2760051120367,3.3333333333333335,1
2023-10-14T19:00,759.9213204129716,509.98503641978397,3.3333333333333335,1
2023-10-14T20:00,769.7695237212065,516.5941894832752,3.3333333333333335,1
2023-10-14T21:00,773.0243776625457,518.778529836975,3.3333333333333335,1
2023-10-14T22:00,775.1866878378146,520.2296614263429,3.3333333333333335,1
2023-10-14T23:00,777.3429832071276,521.6767564648836,3.3333333333333335,1
2023-10-15T00:00,779.4933136863665,523.1198484512661,3.3333333333333335,1
2023-10-15T01:00,782.7077327408648,525.277052854593,3.3333333333333335,1
2023-10-15T02:00,784.3100020385062,526.3523396562158,3.3333333333333335,1
2023-10-15T03:00,787.504760689251,528.4963499150241,3.3333333333333335,1
2023-10-15T04:00,792.2727442769466,531.6961552347359,3.3333333333333335,1
2023-10-15T05:00,791.7443862693472,531.3415728977094,3.3333333333333335,1
2023-10-15T06:00,791.7443862693472,531.3415728977094,3.3333333333333335,1
2023-10-15T07:00,788.5668040048555,529.2090897532663,3.3333333333333335,1
2023-10-15T08:00,778.4188909652402,522.3988007640318,3.3333333333333335,1
2023-10-15T09:00,768.1369248022625,515.498548399427,3.3333333333333335,1
2023-10-15T10:00,756.6101006513204,507.76286882772075,3.3333333333333335,1
2023-10-15T11:00,746.5883323330348,501.0372358661216,3.3333333333333335,1
2023-10-15T12:00,738.6996304889008,495.74310897532814,3.3333333333333335,1
2023-10-15T13:00,733.0128666902446,491.92670803346175,3.3333333333333335,1
2023-10-15T14:00,730.1528758129739,490.00736123725335,3.3333333333333335,1
2023-10-15T15:00,729.0057378291054,489.23751416129056,3.3333333333333335,1
2023-10-15T16:00,730.7257694874697,490.3918315680682,3.3333333333333335,1
2023-10-15T17:00,739.8317378665478,496.50286897509585,3.3333333333333335,1
2023-10-15T18:00,759.9213204129716,509.98503641978397,3.3333333333333335,1
2023-10-15T19:00,760.4717886636512,510.35445699442744,3.3333333333333335,1
2023-10-15T20:00,764.3139657882648,512.9329513571892,3.3333333333333335,1
2023-10-15T21:00,768.6815097163294,515.8640206526376,3.3333333333333335,1
2023-10-15T22:00,773.5655218503891,519.1416930104937,3.3333333333333335,1
2023-10-15T23:00,774.6466761471727,519.8672582744357,3.3333333333333335,1
2023-10-16T00:00,773.5655218503891,519.1416930104937,3.3333333333333335,1
2023-10-16T01:00,781.6377285048026,524.5589704233736,3.3333333333333335,1
2023-10-16T02:00,771.3986673927234,517.6875117422165,3.3333333333333335,1
2023-10-16T03:00,782.1729135921585,524.9181344301397,3.3333333333333335,1
2023-10-16T04:00,771.940951232909,518.0514397391789,3.3333333333333335,1
2023-10-16T05:00,773.5655218503891,519.1416930104937,3.3333333333333335,1
2023-10-16T06:00,777.3429832071276,521.6767564648836,3.3333333333333335,1
2023-10-16T07:00,782.7077327408648,525.277052854593,3.3333333333333335,1
2023-10-16T08:00,778.9562875711661,522.75944892626,3.3333333333333335,1
2023-10-16T09:00,773.0243776625457,518.778529836975,3.3333333333333335,1
2023-10-16T10:00,759.9213204129716,509.98503641978397,3.3333333333333335,1
2023-10-16T11:00,746.5883323330348,501.0372358661216,3.3333333333333335,1
2023-10-16T12:00,737.5657854145899,494.9821828031258,3.3333333333333335,1
2023-10-16T13:00,731.8702114878379,491.15986936298214,3.3333333333333335,1
2023-10-16T14:00,726.7060294557649,487.6941743088232,3.3333333333333335,1
2023-10-16T15:00,725.5534418477838,486.9206699769356,3.3333333333333335,1
2023-10-16T16:00,726.7060294557649,487.6941743088232,3.3333333333333335,1
2023-10-16T17:00,737.5657854145899,494.9821828031258,3.3333333333333335,1
2023-10-16T18:00,757.1629762096796,508.1339049523715,3.3333333333333335,1
2023-10-16T19:00,765.4081882036425,513.6672866671321,3.3333333333333335,1
2023-10-16T20:00,765.9547132202276,514.034060927836,3.3333333333333335,1
2023-10-16T21:00,761.5715315211636,511.09249708644126,3.3333333333333335,1
2023-10-16T22:00,765.9547132202276,514.034060927836,3.3333333333333335,1
2023-10-16T23:00,776.2655842372243,520.9537114098952,3.3333333333333335,1
2023-10-17T00:00,771.3986673927234,517.6875117422165,3.3333333333333335,1
2023-10-17T01:00,774.6466761471727,519.8672582744357,3.3333333333333335,1
2023-10-17T02:00,777.3429832071276,521.6767564648836,3.3333333333333335,1
2023-10-17T03:00,780.0299700760548,523.4799998525867,3.3333333333333335,1
2023-10-17T04:00,781.1021767266102,524.1995603295001,3.3333333333333335,1
2023-10-17T05:00,779.4933136863665,523.1198484512661,3.3333333333333335,1
2023-10-17T06:00,778.9562875711661,522.75944892626,3.3333333333333335,1
2023-10-17T07:00,776.8044705112463,521.3153592919864,3.3333333333333335,1
2023-10-17T08:00,769.7695237212065,516.5941894832752,3.3333333333333335,1
2023-10-17T09:00,758.8191859382553,509.2453913076792,3.3333333333333335,1
2023-10-17T10:00,748.267948251907,502.16443017235815,3.3333333333333335,1
2023-10-17T11:00,739.8317378665478,496.50286897509585,3.3333333333333335,1
2023-10-17T12:00,733.5835268519523,492.30967944844156,3.3333333333333335,1
2023-10-17T13:00,729.0057378291054,489.23751416129056,3.3333333333333335,1
2023-10-17T14:00,727.2816382822145,488.08046678468236,3.3333333333333335,1
2023-10-17T15:00,727.2816382822145,488.08046678468236,3.3333333333333335,1
2023-10-17T16:00,729.5795322806536,489.62258900576427,3.3333333333333335,1
2023-10-17T17:00,738.6996304889008,495.74310897532814,3.3333333333333335,1
2023-10-17T18:00,749.9438024188314,503.28909995776263,3.3333333333333335,1
2023-10-17T19:00,754.3945465518728,506.2760051120367,3.3333333333333335,1
2023-10-17T20:00,756.6101006513204,507.76286882772075,3.3333333333333335,1
2023-10-17T21:00,757.1629762096796,508.1339049523715,3.3333333333333335,1
2023-10-17T22:00,759.9213204129716,509.98503641978397,3.3333333333333335,1
2023-10-17T23:00,763.218174592814,512.1975632351442,3.3333333333333335,1
2023-10-18T00:00,765.9547132202276,514.034060927836,3.3333333333333335,1
2023-10-18T01:00,768.1369248022625,515.498548399427,3.3333333333333335,1
2023-10-18T02:00,770.8560020653473,517.3233277282777,3.3333333333333335,1
2023-10-18T03:00,776.2655842372243,520.9537114098952,3.3333333333333335,1
2023-10-18T04:00,778.9562875711661,522.75944892626,3.3333333333333335,1
2023-10-18T05:00,780.5662575028142,523.8399036419931,3.3333333333333335,1
2023-10-18T06:00,781.6377285048026,524.5589704233736,3.3333333333333335,1
2023-10-18T07:00,778.9562875711661,522.75944892626,3.3333333333333335,1
2023-10-18T08:00,768.1369248022625,515.498548399427,3.3333333333333335,1
2023-10-18T09:00,756.6101006513204,507.76286882772075,3.3333333333333335,1
2023-10-18T10:00,743.2177131670297,498.775205190106,3.3333333333333335,1
2023-10-18T11:00,734.1537434377407,492.6923531785488,3.3333333333333335,1
2023-10-18T12:00,727.2816382822145,488.08046678468236,3.3333333333333335,1
2023-10-18T13:00,722.6639304003426,484.98151185467384,3.3333333333333335,1
2023-10-18T14:00,720.3439760012405,483.4245848453417,3.3333333333333335,1
2023-10-18T15:00,720.3439760012405,483.4245848453417,3.3333333333333335,1
2023-10-18T16:00,722.6639304003426,484.98151185467384,3.3333333333333335,1
2023-10-18T17:00,732.4417619158204,491.5434382378125,3.3333333333333335,1
2023-10-18T18:00,751.6159199961851,504.4112621088672,3.3333333333333335,1
2023-10-18T19:00,753.2843258670713,505.5309333247828,3.3333333333333335,1
2023-10-18T20:00,754.3945465518728,506.2760051120367,3.3333333333333335,1
2023-10-18T21:00,756.0568207962298,507.39156137855565,3.3333333333333335,1
2023-10-18T22:00,759.9213204129716,509.98503641978397,3.3333333333333335,1
2023-10-18T23:00,762.6696885898169,511.8294729517157,3.3333333333333335,1
2023-10-19T00:00,764.3139657882648,512.9329513571892,3.3333333333333335,1
2023-10-19T01:00,766.5008485575082,514.4005736738158,3.3333333333333335,1
2023-10-19T02:00,769.2257090834096,516.2292341643328,3.3333333333333335,1
2023-10-19T03:00,771.3986673927234,517.6875117422165,3.3333333333333335,1
2023-10-19T04:00,771.3986673927234,517.6875117422165,3.3333333333333335,1
2023-10-19T05:00,773.0243776625457,518.778529836975,3.3333333333333335,1
2023-10-19T06:00,774.1062877478543,519.5046023124244,3.3333333333333335,1
2023-10-19T07:00,773.0243776625457,518.778529836975,3.3333333333333335,1
2023-10-19T08:00,771.3986673927234,517.6875117422165,3.3333333333333335,1
2023-10-19T09:00,764.8612726724264,513.3002503311149,3.3333333333333335,1
2023-10-19T10:00,756.6101006513204,507.76286882772075,3.3333333333333335,1
2023-10-19T11:00,746.5883323330348,501.0372358661216,3.3333333333333335,1
2023-10-19T12:00,740.3971424105681,496.88231333233193,3.3333333333333335,1
2023-10-19T13:00,739.8317378665478,496.50286897509585,3.3333333333333335,1
2023-10-19T14:00,743.2177131670297,498.775205190106,3.3333333333333335,1
2023-10-19T15:00,752.7286014639734,505.15798533353643,3.3333333333333335,1
2023-10-19T16:00,770.8560020653473,517.3233277282777,3.3333333333333335,1
2023-10-19T17:00,777.8811231007315,522.0379034492706,3.3333333333333335,1
2023-10-19T18:00,780.5662575028142,523.8399036419931,3.3333333333333335,1
2023-10-19T19:00,783.7762762182476,525.9941549671288,3.3333333333333335,1
2023-10-19T20:00,791.7443862693472,531.3415728977094,3.3333333333333335,1
2023-10-19T21:00,791.7443862693472,531.3415728977094,3.3333333333333335,1
2023-10-19T22:00,792.8007501631307,532.0505012622287,3.3333333333333335,1
2023-10-19T23:00,792.8007501631307,532.0505012622287,3.3333333333333335,1
2023-10-20T00:00,793.8557083812022,532.7584862743774,3.3333333333333335,1
2023-10-20T01:00,795.43552229877,533.8187032161121,3.3333333333333335,1
2023-10-20T02:00,798.0615958747866,535.5810675455904,3.3333333333333335,1
2023-10-20T03:00,798.5857743193965,535.932844967784,3.3333333333333335,1
2023-10-20T04:00,799.6331003751081,536.6357080173103,3.3333333333333335,1
2023-10-20T05:00,800.6790564800015,537.3376516895283,3.3333333333333335,1
2023-10-20T06:00,801.7236479959307,538.0386795827917,3.3333333333333335,1
2023-10-20T07:00,801.7236479959307,538.0386795827917,3.3333333333333335,1
2023-10-20T08:00,795.43552229877,533.8187032161121,3.3333333333333335,1
2023-10-20T09:00,787.504760689251,528.4963499150241,3.3333333333333335,1
2023-10-20T10:00,777.3429832071276,521.6767564648836,3.3333333333333335,1
2023-10-20T11:00,769.7695237212065,516.5941894832752,3.3333333333333335,1
2023-10-20T12:00,764.3139657882648,512.9329513571892,3.3333333333333335,1
2023-10-20T13:00,760.4717886636512,510.35445699442744,3.3333333333333335,1
2023-10-20T14:00,757.7154483563066,508.5046703464327,3.3333333333333335,1
2023-10-20T15:00,756.6101006513204,507.76286882772075,3.3333333333333335,1
2023-10-20T16:00,759.3704531275202,509.6153480519399,3.3333333333333335,1
2023-10-20T17:00,765.9547132202276,514.034060927836,3.3333333333333335,1
2023-10-20T18:00,777.3429832071276,521.6767564648836,3.3333333333333335,1
2023-10-20T19:00,782.1729135921585,524.9181344301397,3.3333333333333335,1
2023-10-20T20:00,784.8433649033037,526.710280765015,3.3333333333333335,1
2023-10-20T21:00,789.6274188809745,529.9208709623143,3.3333333333333335,1
2023-10-20T22:00,794.9092665201597,533.4655316900456,3.3333333333333335,1
2023-10-20T23:00,799.1096089275919,536.284391640528,3.3333333333333335,1
2023-10-21T00:00,802.2454336990656,538.3888512303934,3.3333333333333335,1
2023-10-21T01:00,804.849288107094,540.1363042224854,3.3333333333333335,1
2023-10-21T02:00,807.9628366311714,542.2258141688354,3.3333333333333335,1
2023-10-21T03:00,811.064432821266,544.3073028749362,3.3333333333333335,1
2023-10-21T04:00,810.5483243166833,543.9609412090165,3.3333333333333335,1
2023-10-21T05:00,810.031886975744,543.6143588602223,3.3333333333333335,1
2023-10-21T06:00,807.4447456278294,541.8781220432026,3.3333333333333335,1
2023-10-21T07:00,807.4447456278294,541.8781220432026,3.3333333333333335,1
2023-10-21T08:00,794.3826621122338,533.1121261980021,3.3333333333333335,1
2023-10-21T09:00,784.8433649033037,526.710280765015,3.3333333333333335,1
2023-10-21T10:00,775.1866878378146,520.2296614263429,3.3333333333333335,1
2023-10-21T11:00,767.5919535206044,515.1328168539914,3.3333333333333335,1
2023-10-21T12:00,762.6696885898169,511.8294729517157,3.3333333333333335,1
2023-10-21T13:00,760.4717886636512,510.35445699442744,3.3333333333333335,1
2023-10-21T14:00,759.9213204129716,509.98503641978397,3.3333333333333335,1
2023-10-21T15:00,759.9213204129716,509.98503641978397,3.3333333333333335,1
2023-10-21T16:00,762.1208078504283,511.4611177597399,3.3333333333333335,1
2023-10-21T17:00,767.5919535206044,515.1328168539914,3.3333333333333335,1
2023-10-21T18:00,779.4933136863665,523.1198484512661,3.3333333333333335,1
2023-10-21T19:00,781.1021767266102,524.1995603295001,3.3333333333333335,1
2023-10-21T20:00,776.8044705112463,521.3153592919864,3.3333333333333335,1
2023-10-21T21:00,781.6377285048026,524.5589704233736,3.3333333333333335,1
2023-10-21T22:00,778.9562875711661,522.75944892626,3.3333333333333335,1
2023-10-21T23:00,781.1021767266102,524.1995603295001,3.3333333333333335,1
2023-10-22T00:00,783.7762762182476,525.9941549671288,3.3333333333333335,1
2023-10-22T01:00,784.8433649033037,526.710280765015,3.3333333333333335,1
2023-10-22T02:00,788.0359612627672,528.8528399049136,3.3333333333333335,1
2023-10-22T03:00,790.1571924520644,530.2764032874235,3.3333333333333335,1
2023-10-22T04:00,800.6790564800015,537.3376516895283,3.3333333333333335,1
2023-10-22T05:00,802.7668802498647,538.7387952720419,3.3333333333333335,1
2023-10-22T06:00,803.2879883088004,539.0885121509821,3.3333333333333335,1
2023-10-22T07:00,803.2879883088004,539.0885121509821,3.3333333333333335,1
2023-10-22T08:00,789.097289637679,529.5650999447275,3.3333333333333335,1
2023-10-22T09:00,777.8811231007315,522.0379034492706,3.3333333333333335,1
2023-10-22T10:00,768.1369248022625,515.498548399427,3.3333333333333335,1
2023-10-22T11:00,760.4717886636512,510.35445699442744,3.3333333333333335,1
2023-10-22T12:00,756.6101006513204,507.76286882772075,3.3333333333333335,1
2023-10-22T13:00,753.8396405948065,505.9036063819021,3.3333333333333335,1
2023-10-22T14:00,752.1724664774764,504.7847617987778,3.3333333333333335,1
2023-10-22T15:00,751.6159199961851,504.4112621088672,3.3333333333333335,1
2023-10-22T16:00,753.2843258670713,505.5309333247828,3.3333333333333335,1
2023-10-22T17:00,760.4717886636512,510.35445699442744,3.3333333333333335,1
2023-10-22T18:00,762.6696885898169,511.8294729517157,3.3333333333333335,1
2023-10-22T19:00,774.1062877478543,519.5046023124244,3.3333333333333335,1
2023-10-22T20:00,771.3986673927234,517.6875117422165,3.3333333333333335,1
2023-10-22T21:00,775.1866878378146,520.2296614263429,3.3333333333333335,1
2023-10-22T22:00,782.1729135921585,524.9181344301397,3.3333333333333335,1
2023-10-22T23:00,784.8433649033037,526.710280765015,3.3333333333333335,1
2023-10-23T00:00,788.0359612627672,528.8528399049136,3.3333333333333335,1
2023-10-23T01:00,791.7443862693472,531.3415728977094,3.3333333333333335,1
2023-10-23T02:00,795.9614301395615,534.1716412402667,3.3333333333333335,1
2023-10-23T03:00,798.5857743193965,535.932844967784,3.3333333333333335,1
2023-10-23T04:00,804.849288107094,540.1363042224854,3.3333333333333335,1
2023-10-23T05:00,803.808758534204,539.4380023090217,3.3333333333333335,1
2023-10-23T06:00,803.2879883088004,539.0885121509821,3.3333333333333335,1
2023-10-23T07:00,800.6790564800015,537.3376516895283,3.3333333333333335,1
2023-10-23T08:00,788.0359612627672,528.8528399049136,3.3333333333333335,1
2023-10-23T09:00,776.8044705112463,521.3153592919864,3.3333333333333335,1
2023-10-23T10:00,765.4081882036425,513.6672866671321,3.3333333333333335,1
2023-10-23T11:00,754.9490446396396,506.6481301200978,3.3333333333333335,1
2023-10-23T12:00,748.8269830316062,502.5395997653495,3.3333333333333335,1
2023-10-23T13:00,744.3429488048012,499.53035354862016,3.3333333333333335,1
2023-10-23T14:00,742.6544560090717,498.39720194885103,3.3333333333333335,1
2023-10-23T15:00,742.6544560090717,498.39720194885103,3.3333333333333335,1
2023-10-23T16:00,743.2177131670297,498.775205190106,3.3333333333333335,1
2023-10-23T17:00,753.8396405948065,505.9036063819021,3.3333333333333335,1
2023-10-23T18:00,769.2257090834096,516.2292341643328,3.3333333333333335,1
2023-10-23T19:00,776.8044705112463,521.3153592919864,3.3333333333333335,1
2023-10-23T20:00,776.2655842372243,520.9537114098952,3.3333333333333335,1
2023-10-23T21:00,776.2655842372243,520.9537114098952,3.3333333333333335,1
2023-10-23T22:00,778.9562875711661,522.75944892626,3.3333333333333335,1
2023-10-23T23:00,780.5662575028142,523.8399036419931,3.3333333333333335,1
2023-10-24T00:00,782.7077327408648,525.277052854593,3.3333333333333335,1
2023-10-24T01:00,785.3763655521086,527.0679787897852,3.3333333333333335,1
2023-10-24T02:00,786.9732015597073,528.1396192973172,3.3333333333333335,1
2023-10-24T03:00,787.504760689251,528.4963499150241,3.3333333333333335,1
2023-10-24T04:00,788.0359612627672,528.8528399049136,3.3333333333333335,1
2023-10-24T05:00,790.1571924520644,530.2764032874235,3.3333333333333335,1
2023-10-24T06:00,792.8007501631307,532.0505012622287,3.3333333333333335,1
2023-10-24T07:00,790.1571924520644,530.2764032874235,3.3333333333333335,1
2023-10-24T08:00,779.4933136863665,523.1198484512661,3.3333333333333335,1
2023-10-24T09:00,767.5919535206044,515.1328168539914,3.3333333333333335,1
2023-10-24T10:00,754.3945465518728,506.2760051120367,3.3333333333333335,1
2023-10-24T11:00,743.7805437764072,499.1529221735768,3.3333333333333335,1
2023-10-24T12:00,736.4301946172787,494.22008507199496,3.3333333333333335,1
2023-10-24T13:00,731.8702114878379,491.15986936298214,3.3333333333333335,1
2023-10-24T14:00,729.5795322806536,489.62258900576427,3.3333333333333335,1
2023-10-24T15:00,729.0057378291054,489.23751416129056,3.3333333333333335,1
2023-10-24T16:00,729.5795322806536,489.62258900576427,3.3333333333333335,1
2023-10-24T17:00,738.6996304889008,495.74310897532814,3.3333333333333335,1
2023-10-24T18:00,738.6996304889008,495.74310897532814,3.3333333333333335,1
2023-10-24T19:00,744.9049292161556,499.90749996214095,3.3333333333333335,1
2023-10-24T20:00,765.4081882036425,513.6672866671321,3.3333333333333335,1
2023-10-24T21:00,762.6696885898169,511.8294729517157,3.3333333333333335,1
2023-10-24T22:00,764.8612726724264,513.3002503311149,3.3333333333333335,1
2023-10-24T23:00,766.5008485575082,514.4005736738158,3.3333333333333335,1
2023-10-25T00:00,768.6815097163294,515.8640206526376,3.3333333333333335,1
2023-10-25T01:00,770.8560020653473,517.3233277282777,3.3333333333333335,1
2023-10-25T02:00,775.7263236065025,520.5918122961174,3.3333333333333335,1
2023-10-25T03:00,772.4828543893174,518.4151122583374,3.3333333333333335,1
2023-10-25T04:00,770.8560020653473,517.3233277282777,3.3333333333333335,1
2023-10-25T05:00,773.5655218503891,519.1416930104937,3.3333333333333335,1
2023-10-25T06:00,775.1866878378146,520.2296614263429,3.3333333333333335,1
2023-10-25T07:00,773.5655218503891,519.1416930104937,3.3333333333333335,1
2023-10-25T08:00,768.1369248022625,515.498548399427,3.3333333333333335,1
2023-10-25T09:00,761.5715315211636,511.09249708644126,3.3333333333333335,1
2023-10-25T10:00,761.021858745458,510.7236103569772,3.3333333333333335,1
2023-10-25T11:00,760.4717886636512,510.35445699442744,3.3333333333333335,1
2023-10-25T12:00,757.1629762096796,508.1339049523715,3.3333333333333335,1
2023-10-25T13:00,753.2843258670713,505.5309333247828,3.3333333333333335,1
2023-10-25T14:00,753.2843258670713,505.5309333247828,3.3333333333333335,1
2023-10-25T15:00,754.3945465518728,506.2760051120367,3.3333333333333335,1
2023-10-25T16:00,755.5031357561685,507.01998200877654,3.3333333333333335,1
2023-10-25T17:00,758.2675179729761,508.8751656016658,3.3333333333333335,1
2023-10-25T18:00,763.218174592814,512.1975632351442,3.3333333333333335,1
2023-10-25T19:00,766.5008485575082,514.4005736738158,3.3333333333333335,1
2023-10-25T20:00,765.4081882036425,513.6672866671321,3.3333333333333335,1
2023-10-25T21:00,767.5919535206044,515.1328168539914,3.3333333333333335,1
2023-10-25T22:00,768.6815097163294,515.8640206526376,3.3333333333333335,1
2023-10-25T23:00,767.046595047836,514.766825463665,3.3333333333333335,1
2023-10-26T00:00,771.940951232909,518.0514397391789,3.3333333333333335,1
2023-10-26T01:00,771.3986673927234,517.6875117422165,3.3333333333333335,1
2023-10-26T02:00,773.0243776625457,518.778529836975,3.3333333333333335,1
2023-10-26T03:00,771.940951232909,518.0514397391789,3.3333333333333335,1
2023-10-26T04:00,776.8044705112463,521.3153592919864,3.3333333333333335,1
2023-10-26T05:00,772.4828543893174,518.4151122583374,3.3333333333333335,1
2023-10-26T06:00,775.1866878378146,520.2296614263429,3.3333333333333335,1
2023-10-26T07:00,776.2655842372243,520.9537114098952,3.3333333333333335,1
2023-10-26T08:00,771.3986673927234,517.6875117422165,3.3333333333333335,1
2023-10-26T09:00,764.3139657882648,512.9329513571892,3.3333333333333335,1
2023-10-26T10:00,753.2843258670713,505.5309333247828,3.3333333333333335,1
2023-10-26T11:00,743.2177131670297,498.775205190106,3.3333333333333335,1
2023-10-26T12:00,739.8317378665478,496.50286897509585,3.3333333333333335,1
2023-10-26T13:00,735.8617420473389,493.8385951771909,3.3333333333333335,1
2023-10-26T14:00,733.0128666902446,491.92670803346175,3.3333333333333335,1
2023-10-26T15:00,731.8702114878379,491.15986936298214,3.3333333333333335,1
2023-10-26T16:00,733.0128666902446,491.92670803346175,3.3333333333333335,1
2023-10-26T17:00,742.0907713312647,498.01891179799117,3.3333333333333335,1
2023-10-26T18:00,748.8269830316062,502.5395997653495,3.3333333333333335,1
2023-10-26T19:00,747.1486238432893,501.4132488540287,3.3333333333333335,1
2023-10-26T20:00,748.8269830316062,502.5395997653495,3.3333333333333335,1
2023-10-26T21:00,760.4717886636512,510.35445699442744,3.3333333333333335,1
2023-10-26T22:00,762.1208078504283,511.4611177597399,3.3333333333333335,1
2023-10-26T23:00,765.9547132202276,514.034060927836,3.3333333333333335,1
2023-10-27T00:00,768.6815097163294,515.8640206526376,3.3333333333333335,1
2023-10-27T01:00,769.2257090834096,516.2292341643328,3.3333333333333335,1
2023-10-27T02:00,770.8560020653473,517.3233277282777,3.3333333333333335,1
2023-10-27T03:00,771.3986673927234,517.6875117422165,3.3333333333333335,1
2023-10-27T04:00,775.1866878378146,520.2296614263429,3.3333333333333335,1
2023-10-27T05:00,774.1062877478543,519.5046023124244,3.3333333333333335,1
2023-10-27T06:00,774.6466761471727,519.8672582744357,3.3333333333333335,1
2023-10-27T07:00,774.1062877478543,519.5046023124244,3.3333333333333335,1
2023-10-27T08:00,772.4828543893174,518.4151122583374,3.3333333333333335,1
2023-10-27T09:00,768.1369248022625,515.498548399427,3.3333333333333335,1
2023-10-27T10:00,765.9547132202276,514.034060927836,3.3333333333333335,1
2023-10-27T11:00,762.6696885898169,511.8294729517157,3.3333333333333335,1
2023-10-27T12:00,758.8191859382553,509.2453913076792,3.3333333333333335,1
2023-10-27T13:00,757.1629762096796,508.1339049523715,3.3333333333333335,1
2023-10-27T14:00,753.8396405948065,505.9036063819021,3.3333333333333335,1
2023-10-27T15:00,754.3945465518728,506.2760051120367,3.3333333333333335,1
2023-10-27T16:00,757.1629762096796,508.1339049523715,3.3333333333333335,1
2023-10-27T17:00,760.4717886636512,510.35445699442744,3.3333333333333335,1
2023-10-27T18:00,763.7662667098397,512.5653891807445,3.3333333333333335,1
2023-10-27T19:00,764.8612726724264,513.3002503311149,3.3333333333333335,1
2023-10-27T20:00,765.4081882036425,513.6672866671321,3.3333333333333335,1
2023-10-27T21:00,767.5919535206044,515.1328168539914,3.3333333333333335,1
2023-10-27T22:00,768.1369248022625,515.498548399427,3.3333333333333335,1
2023-10-27T23:00,769.7695237212065,516.5941894832752,3.3333333333333335,1
2023-10-28T00:00,770.8560020653473,517.3233277282777,3.3333333333333335,1
2023-10-28T01:00,771.3986673927234,517.6875117422165,3.3333333333333335,1
2023-10-28T02:00,774.1062877478543,519.5046023124244,3.3333333333333335,1
2023-10-28T03:00,774.1062877478543,519.5046023124244,3.3333333333333335,1
2023-10-28T04:00,775.7263236065025,520.5918122961174,3.3333333333333335,1
2023-10-28T05:00,775.1866878378146,520.2296614263429,3.3333333333333335,1
2023-10-28T06:00,776.2655842372243,520.9537114098952,3.3333333333333335,1
2023-10-28T07:00,776.8044705112463,521.3153592919864,3.3333333333333335,1
2023-10-28T08:00,772.4828543893174,518.4151122583374,3.3333333333333335,1
2023-10-28T09:00,769.2257090834096,516.2292341643328,3.3333333333333335,1
2023-10-28T10:00,766.5008485575082,514.4005736738158,3.3333333333333335,1
2023-10-28T11:00,759.3704531275202,509.6153480519399,3.3333333333333335,1
2023-10-28T12:00,750.5015888867351,503.66343180568833,3.3333333333333335,1
2023-10-28T13:00,746.0276200253737,500.66094048005687,3.3333333333333335,1
2023-10-28T14:00,742.0907713312647,498.01891179799117,3.3333333333333335,1
2023-10-28T15:00,740.3971424105681,496.88231333233193,3.3333333333333335,1
2023-10-28T16:00,740.3971424105681,496.88231333233193,3.3333333333333335,1
2023-10-28T17:00,744.3429488048012,499.53035354862016,3.3333333333333335,1
2023-10-28T18:00,749.9438024188314,503.28909995776263,3.3333333333333335,1
2023-10-28T19:00,757.7154483563066,508.5046703464327,3.3333333333333335,1
2023-10-28T20:00,760.4717886636512,510.35445699442744,3.3333333333333335,1
2023-10-28T21:00,755.5031357561685,507.01998200877654,3.3333333333333335,1
2023-10-28T22:00,757.1629762096796,508.1339049523715,3.3333333333333335,1
2023-10-28T23:00,761.021858745458,510.7236103569772,3.3333333333333335,1
2023-10-29T00:00,764.8612726724264,513.3002503311149,3.3333333333333335,1
2023-10-29T01:00,770.8560020653473,517.3233277282777,3.3333333333333335,1
2023-10-29T02:00,771.940951232909,518.0514397391789,3.3333333333333335,1
2023-10-29T03:00,771.940951232909,518.0514397391789,3.3333333333333335,1
2023-10-29T04:00,773.0243776625457,518.778529836975,3.3333333333333335,1
2023-10-29T05:00,772.4828543893174,518.4151122583374,3.3333333333333335,1
2023-10-29T06:00,774.1062877478543,519.5046023124244,3.3333333333333335,1
2023-10-29T07:00,774.1062877478543,519.5046023124244,3.3333333333333335,1
2023-10-29T08:00,769.7695237212065,516.5941894832752,3.3333333333333335,1
2023-10-29T09:00,762.6696885898169,511.8294729517157,3.3333333333333335,1
2023-10-29T10:00,754.3945465518728,506.2760051120367,3.3333333333333335,1
2023-10-29T11:00,745.4664859707809,500.2843620586061,3.3333333333333335,1
2023-10-29T12:00,739.8317378665478,496.50286897509585,3.3333333333333335,1
2023-10-29T13:00,735.2928500086516,493.45681035384735,3.3333333333333335,1
2023-10-29T14:00,734.1537434377407,492.6923531785488,3.3333333333333335,1
2023-10-29T15:00,734.7235174803831,493.0747299168802,3.3333333333333335,1
2023-10-29T16:00,735.8617420473389,493.8385951771909,3.3333333333333335,1
2023-10-29T17:00,743.2177131670297,498.775205190106,3.3333333333333335,1
2023-10-29T18:00,749.385600776607,502.914489485346,3.3333333333333335,1
2023-10-29T19:00,749.385600776607,502.914489485346,3.3333333333333335,1
2023-10-29T20:00,753.8396405948065,505.9036063819021,3.3333333333333335,1
2023-10-29T21:00,754.3945465518728,506.2760051120367,3.3333333333333335,1
2023-10-29T22:00,757.1629762096796,508.1339049523715,3.3333333333333335,1
2023-10-29T23:00,762.6696885898169,511.8294729517157,3.3333333333333335,1
2023-10-30T00:00,774.1062877478543,519.5046023124244,3.3333333333333335,1
2023-10-30T01:00,775.1866878378146,520.2296614263429,3.3333333333333335,1
2023-10-30T02:00,778.9562875711661,522.75944892626,3.3333333333333335,1
2023-10-30T03:00,771.940951232909,518.0514397391789,3.3333333333333335,1
2023-10-30T04:00,771.940951232909,518.0514397391789,3.3333333333333335,1
2023-10-30T05:00,773.5655218503891,519.1416930104937,3.3333333333333335,1
2023-10-30T06:00,775.7263236065025,520.5918122961174,3.3333333333333335,1
2023-10-30T07:00,777.3429832071276,521.6767564648836,3.3333333333333335,1
2023-10-30T08:00,773.5655218503891,519.1416930104937,3.3333333333333335,1
2023-10-30T09:00,763.218174592814,512.1975632351442,3.3333333333333335,1
2023-10-30T10:00,753.8396405948065,505.9036063819021,3.3333333333333335,1
2023-10-30T11:00,745.4664859707809,500.2843620586061,3.3333333333333335,1
2023-10-30T12:00,738.6996304889008,495.74310897532814,3.3333333333333335,1
2023-10-30T13:00,734.7235174803831,493.0747299168802,3.3333333333333335,1
2023-10-30T14:00,732.4417619158204,491.5434382378125,3.3333333333333335,1
2023-10-30T15:00,731.8702114878379,491.15986936298214,3.3333333333333335,1
2023-10-30T16:00,733.0128666902446,491.92670803346175,3.3333333333333335,1
2023-10-30T17:00,743.2177131670297,498.775205190106,3.3333333333333335,1
2023-10-30T18:00,759.9213204129716,509.98503641978397,3.3333333333333335,1
2023-10-30T19:00,762.6696885898169,511.8294729517157,3.3333333333333335,1
2023-10-30T20:00,768.6815097163294,515.8640206526376,3.3333333333333335,1
2023-10-30T21:00,768.1369248022625,515.498548399427,3.3333333333333335,1
2023-10-30T22:00,769.7695237212065,516.5941894832752,3.3333333333333335,1
2023-10-30T23:00,768.1369248022625,515.498548399427,3.3333333333333335,1
2023-10-31T00:00,773.5655218503891,519.1416930104937,3.3333333333333335,1
2023-10-31T01:00,774.6466761471727,519.8672582744357,3.3333333333333335,1
2023-10-31T02:00,777.3429832071276,521.6767564648836,3.3333333333333335,1
2023-10-31T03:00,782.1729135921585,524.9181344301397,3.3333333333333335,1
2023-10-31T04:00,779.4933136863665,523.1198484512661,3.3333333333333335,1
2023-10-31T05:00,771.3986673927234,517.6875117422165,3.3333333333333335,1
2023-10-31T06:00,773.0243776625457,518.778529836975,3.3333333333333335,1
2023-10-31T07:00,781.1021767266102,524.1995603295001,3.3333333333333335,1
2023-10-31T08:00,771.940951232909,518.0514397391789,3.3333333333333335,1
2023-10-31T09:00,763.218174592814,512.1975632351442,3.3333333333333335,1
2023-10-31T10:00,751.0589611053268,504.0374856498987,3.3333333333333335,1
2023-10-31T11:00,740.3971424105681,496.88231333233193,3.3333333333333335,1
2023-10-31T12:00,732.4417619158204,491.5434382378125,3.3333333333333335,1
2023-10-31T13:00,728.4314913927456,488.8521359887164,3.3333333333333335,1
2023-10-31T14:00,725.5534418477838,486.9206699769356,3.3333333333333335,1
2023-10-31T15:00,724.9764608882598,486.533456659251,3.3333333333333335,1
2023-10-31T16:00,727.2816382822145,488.08046678468236,3.3333333333333335,1
2023-10-31T17:00,739.8317378665478,496.50286897509585,3.3333333333333335,1
2023-10-31T18:00,754.9490446396396,506.6481301200978,3.3333333333333335,1
2023-10-31T19:00,759.9213204129716,509.98503641978397,3.3333333333333335,1
2023-10-31T20:00,765.4081882036425,513.6672866671321,3.3333333333333335,1
2023-10-31T21:00,764.3139657882648,512.9329513571892,3.3333333333333335,1
2023-10-31T22:00,769.2257090834096,516.2292341643328,3.3333333333333335,1
2023-10-31T23:00,772.4828543893174,518.4151122583374,3.3333333333333335,1
2023-11-01T00:00,773.5655218503891,519.1416930104937,3.3333333333333335,1
2023-11-01T01:00,774.6466761471727,519.8672582744357,3.3333333333333335,1
2023-11-01T02:00,770.8560020653473,517.3233277282777,3.3333333333333335,1
2023-11-01T03:00,771.3986673927234,517.6875117422165,3.3333333333333335,1
2023-11-01T04:00,775.7263236065025,520.5918122961174,3.3333333333333335,1
2023-11-01T05:00,782.1729135921585,524.9181344301397,3.3333333333333335,1
2023-11-01T06:00,781.6377285048026,524.5589704233736,3.3333333333333335,1
2023-11-01T07:00,783.7762762182476,525.9941549671288,3.3333333333333335,1
2023-11-01T08:00,768.1369248022625,515.498548399427,3.3333333333333335,1
2023-11-01T09:00,758.2675179729761,508.8751656016658,3.3333333333333335,1
2023-11-01T10:00,746.5883323330348,501.0372358661216,3.3333333333333335,1
2023-11-01T11:00,735.2928500086516,493.45681035384735,3.3333333333333335,1
2023-11-01T12:00,727.8567919017867,488.4664537701048,3.3333333333333335,1
2023-11-01T13:00,723.2427562283427,485.36996326805564,3.3333333333333335,1
2023-11-01T14:00,721.5048856601552,484.20367412574234,3.3333333333333335,1
2023-11-01T15:00,722.6639304003426,484.98151185467384,3.3333333333333335,1
2023-11-01T16:00,725.5534418477838,486.9206699769356,3.3333333333333335,1
2023-11-01T17:00,740.3971424105681,496.88231333233193,3.3333333333333335,1
2023-11-01T18:00,754.9490446396396,506.6481301200978,3.3333333333333335,1
2023-11-01T19:00,763.7662667098397,512.5653891807445,3.3333333333333335,1
2023-11-01T20:00,763.218174592814,512.1975632351442,3.3333333333333335,1
2023-11-01T21:00,765.9547132202276,514.034060927836,3.3333333333333335,1
2023-11-01T22:00,764.3139657882648,512.9329513571892,3.3333333333333335,1
2023-11-01T23:00,768.1369248022625,515.498548399427,3.3333333333333335,1
2023-11-02T00:00,763.7662667098397,512.5653891807445,3.3333333333333335,1
2023-11-02T01:00,768.6815097163294,515.8640206526376,3.3333333333333335,1
2023-11-02T02:00,773.5655218503891,519.1416930104937,3.3333333333333335,1
2023-11-02T03:00,776.8044705112463,521.3153592919864,3.3333333333333335,1
2023-11-02T04:00,783.7762762182476,525.9941549671288,3.3333333333333335,1
2023-11-02T05:00,785.3763655521086,527.0679787897852,3.3333333333333335,1
2023-11-02T06:00,783.7762762182476,525.9941549671288,3.3333333333333335,1
2023-11-02T07:00,780.0299700760548,523.4799998525867,3.3333333333333335,1
2023-11-02T08:00,767.5919535206044,515.1328168539914,3.3333333333333335,1
2023-11-02T09:00,754.3945465518728,506.2760051120367,3.3333333333333335,1
2023-11-02T10:00,740.9621155125502,497.2614681477725,3.3333333333333335,1
2023-11-02T11:00,730.1528758129739,490.00736123725335,3.3333333333333335,1
2023-11-02T12:00,723.2427562283427,485.36996326805564,3.3333333333333335,1
2023-11-02T13:00,720.3439760012405,483.4245848453417,3.3333333333333335,1
2023-11-02T14:00,718.0165257296524,481.8626273378512,3.3333333333333335,1
2023-11-02T15:00,717.4334833876808,481.47134621174325,3.3333333333333335,1
2023-11-02T16:00,720.3439760012405,483.4245848453417,3.3333333333333335,1
2023-11-02T17:00,730.7257694874697,490.3918315680682,3.3333333333333335,1
2023-11-02T18:00,744.3429488048012,499.53035354862016,3.3333333333333335,1
2023-11-02T19:00,756.6101006513204,507.76286882772075,3.3333333333333335,1
2023-11-02T20:00,759.9213204129716,509.98503641978397,3.3333333333333335,1
2023-11-02T21:00,757.1629762096796,508.1339049523715,3.3333333333333335,1
2023-11-02T22:00,763.218174592814,512.1975632351442,3.3333333333333335,1
2023-11-02T23:00,762.1208078504283,511.4611177597399,3.3333333333333335,1
2023-11-03T00:00,768.6815097163294,515.8640206526376,3.3333333333333335,1
2023-11-03T01:00,767.5919535206044,515.1328168539914,3.3333333333333335,1
2023-11-03T02:00,758.2675179729761,508.8751656016658,3.3333333333333335,1
2023-11-03T03:00,759.3704531275202,509.6153480519399,3.3333333333333335,1
2023-11-03T04:00,766.5008485575082,514.4005736738158,3.3333333333333335,1
2023-11-03T05:00,778.4188909652402,522.3988007640318,3.3333333333333335,1
2023-11-03T06:00,778.9562875711661,522.75944892626,3.3333333333333335,1
2023-11-03T07:00,779.4933136863665,523.1198484512661,3.3333333333333335,1
2023-11-03T08:00,767.5919535206044,515.1328168539914,3.3333333333333335,1
2023-11-03T09:00,754.3945465518728,506.2760051120367,3.3333333333333335,1
2023-11-03T10:00,740.3971424105681,496.88231333233193,3.3333333333333335,1
2023-11-03T11:00,729.5795322806536,489.62258900576427,3.3333333333333335,1
2023-11-03T12:00,723.2427562283427,485.36996326805564,3.3333333333333335,1
2023-11-03T13:00,720.9246645082791,483.814286307132,3.3333333333333335,1
2023-11-03T14:00,719.7628190078847,483.0345689812505,3.3333333333333335,1
2023-11-03T15:00,719.7628190078847,483.0345689812505,3.3333333333333335,1
2023-11-03T16:00,722.6639304003426,484.98151185467384,3.3333333333333335,1
2023-11-03T17:00,729.0057378291054,489.23751416129056,3.3333333333333335,1
2023-11-03T18:00,744.3429488048012,499.53035354862016,3.3333333333333335,1
2023-11-03T19:00,747.7084955021039,501.7889800786189,3.3333333333333335,1
2023-11-03T20:00,748.8269830316062,502.5395997653495,3.3333333333333335,1
2023-11-03T21:00,751.0589611053268,504.0374856498987,3.3333333333333335,1
2023-11-03T22:00,751.6159199961851,504.4112621088672,3.3333333333333335,1
2023-11-03T23:00,758.8191859382553,509.2453913076792,3.3333333333333335,1
2023-11-04T00:00,765.9547132202276,514.034060927836,3.3333333333333335,1
2023-11-04T01:00,770.8560020653473,517.3233277282777,3.3333333333333335,1
2023-11-04T02:00,774.1062877478543,519.5046023124244,3.3333333333333335,1
2023-11-04T03:00,776.8044705112463,521.3153592919864,3.3333333333333335,1
2023-11-04T04:00,778.4188909652402,522.3988007640318,3.3333333333333335,1
2023-11-04T05:00,778.9562875711661,522.75944892626,3.3333333333333335,1
2023-11-04T06:00,781.6377285048026,524.5589704233736,3.3333333333333335,1
2023-11-04T07:00,785.9090047218813,527.4254342251025,3.3333333333333335,1
2023-11-04T08:00,783.2421867005402,525.635726199804,3.3333333333333335,1
2023-11-04T09:00,786.4412831470871,527.7826475638684,3.3333333333333335,1
2023-11-04T10:00,776.2655842372243,520.9537114098952,3.3333333333333335,1
2023-11-04T11:00,764.8612726724264,513.3002503311149,3.3333333333333335,1
2023-11-04T12:00,757.1629762096796,508.1339049523715,3.3333333333333335,1
2023-11-04T13:00,751.6159199961851,504.4112621088672,3.3333333333333335,1
2023-11-04T14:00,752.1724664774764,504.7847617987778,3.3333333333333335,1
2023-11-04T15:00,753.2843258670713,505.5309333247828,3.3333333333333335,1
2023-11-04T16:00,753.2843258670713,505.5309333247828,3.3333333333333335,1
2023-11-04T17:00,754.9490446396396,506.6481301200978,3.3333333333333335,1
2023-11-04T18:00,759.9213204129716,509.98503641978397,3.3333333333333335,1
2023-11-04T19:00,759.9213204129716,509.98503641978397,3.3333333333333335,1
2023-11-04T20:00,760.4717886636512,510.35445699442744,3.3333333333333335,1
2023-11-04T21:00,776.2655842372243,520.9537114098952,3.3333333333333335,1
2023-11-04T22:00,777.3429832071276,521.6767564648836,3.3333333333333335,1
2023-11-04T23:00,781.6377285048026,524.5589704233736,3.3333333333333335,1
2023-11-05T00:00,782.1729135921585,524.9181344301397,3.3333333333333335,1
2023-11-05T01:00,782.7077327408648,525.277052854593,3.3333333333333335,1
2023-11-05T02:00,781.6377285048026,524.5589704233736,3.3333333333333335,1
2023-11-05T03:00,782.1729135921585,524.9181344301397,3.3333333333333335,1
2023-11-05T04:00,776.8044705112463,521.3153592919864,3.3333333333333335,1
2023-11-05T05:00,778.4188909652402,522.3988007640318,3.3333333333333335,1
2023-11-05T06:00,780.0299700760548,523.4799998525867,3.3333333333333335,1
2023-11-05T07:00,780.5662575028142,523.8399036419931,3.3333333333333335,1
2023-11-05T08:00,778.9562875711661,522.75944892626,3.3333333333333335,1
2023-11-05T09:00,779.4933136863665,523.1198484512661,3.3333333333333335,1
2023-11-05T10:00,774.1062877478543,519.5046023124244,3.3333333333333335,1
2023-11-05T11:00,773.0243776625457,518.778529836975,3.3333333333333335,1
2023-11-05T12:00,774.1062877478543,519.5046023124244,3.3333333333333335,1
2023-11-05T13:00,774.1062877478543,519.5046023124244,3.3333333333333335,1
2023-11-05T14:00,773.5655218503891,519.1416930104937,3.3333333333333335,1
2023-11-05T15:00,775.1866878378146,520.2296614263429,3.3333333333333335,1
2023-11-05T16:00,774.1062877478543,519.5046023124244,3.3333333333333335,1
2023-11-05T17:00,774.1062877478543,519.5046023124244,3.3333333333333335,1
2023-11-05T18:00,776.8044705112463,521.3153592919864,3.3333333333333335,1
2023-11-05T19:00,778.4188909652402,522.3988007640318,3.3333333333333335,1
2023-11-05T20:00,778.9562875711661,522.75944892626,3.3333333333333335,1
2023-11-05T21:00,787.504760689251,528.4963499150241,3.3333333333333335,1
2023-11-05T22:00,786.9732015597073,528.1396192973172,3.3333333333333335,1
2023-11-05T23:00,792.8007501631307,532.0505012622287,3.3333333333333335,1
2023-11-06T00:00,797.0122047622693,534.8768186314464,3.3333333333333335,1
2023-11-06T01:00,800.1562493354699,536.9867945501345,3.3333333333333335,1
2023-11-06T02:00,801.2015224778372,537.6882798845494,3.3333333333333335,1
2023-11-06T03:00,802.7668802498647,538.7387952720419,3.3333333333333335,1
2023-11-06T04:00,806.9263219816859,541.5302066801809,3.3333333333333335,1
2023-11-06T05:00,812.6107915804333,545.3450679789387,3.3333333333333335,1
2023-11-06T06:00,817.2323120195798,548.4465815253569,3.3333333333333335,1
2023-11-06T07:00,816.7201011814079,548.1028355927941,3.3333333333333335,1
2023-11-06T08:00,807.9628366311714,542.2258141688354,3.3333333333333335,1
2023-11-06T09:00,799.1096089275919,536.284391640528,3.3333333333333335,1
2023-11-06T10:00,793.8557083812022,532.7584862743774,3.3333333333333335,1
2023-11-06T11:00,788.0359612627672,528.8528399049136,3.3333333333333335,1
2023-11-06T12:00,783.7762762182476,525.9941549671288,3.3333333333333335,1
2023-11-06T13:00,780.5662575028142,523.8399036419931,3.3333333333333335,1
2023-11-06T14:00,778.4188909652402,522.3988007640318,3.3333333333333335,1
2023-11-06T15:00,777.3429832071276,521.6767564648836,3.3333333333333335,1
2023-11-06T16:00,778.4188909652402,522.3988007640318,3.3333333333333335,1
2023-11-06T17:00,785.9090047218813,527.4254342251025,3.3333333333333335,1
2023-11-06T18:00,795.9614301395615,534.1716412402667,3.3333333333333335,1
2023-11-06T19:00,798.5857743193965,535.932844967784,3.3333333333333335,1
2023-11-06T20:00,803.2879883088004,539.0885121509821,3.3333333333333335,1
2023-11-06T21:00,798.0615958747866,535.5810675455904,3.3333333333333335,1
2023-11-06T22:00,792.8007501631307,532.0505012622287,3.3333333333333335,1
2023-11-06T23:00,801.7236479959307,538.0386795827917,3.3333333333333335,1
2023-11-07T00:00,807.4447456278294,541.8781220432026,3.3333333333333335,1
2023-11-07T01:00,810.031886975744,543.6143588602223,3.3333333333333335,1
2023-11-07T02:00,809.5151201690958,543.267555406194,3.3333333333333335,1
2023-11-07T03:00,810.5483243166833,543.9609412090165,3.3333333333333335,1
2023-11-07T04:00,811.064432821266,544.3073028749362,3.3333333333333335,1
2023-11-07T05:00,811.5802131168433,544.6534442789986,3.3333333333333335,1
2023-11-07T06:00,811.5802131168433,544.6534442789986,3.3333333333333335,1
2023-11-07T07:00,810.5483243166833,543.9609412090165,3.3333333333333335,1
2023-11-07T08:00,802.2454336990656,538.3888512303934,3.3333333333333335,1
2023-11-07T09:00,793.328404630971,532.4046114520211,3.3333333333333335,1
2023-11-07T10:00,781.6377285048026,524.5589704233736,3.3333333333333335,1
2023-11-07T11:00,770.8560020653473,517.3233277282777,3.3333333333333335,1
2023-11-07T12:00,764.3139657882648,512.9329513571892,3.3333333333333335,1
2023-11-07T13:00,759.9213204129716,509.98503641978397,3.3333333333333335,1
2023-11-07T14:00,757.7154483563066,508.5046703464327,3.3333333333333335,1
2023-11-07T15:00,758.2675179729761,508.8751656016658,3.3333333333333335,1
2023-11-07T16:00,761.021858745458,510.7236103569772,3.3333333333333335,1
2023-11-07T17:00,771.3986673927234,517.6875117422165,3.3333333333333335,1
2023-11-07T18:00,781.1021767266102,524.1995603295001,3.3333333333333335,1
2023-11-07T19:00,782.7077327408648,525.277052854593,3.3333333333333335,1
2023-11-07T20:00,785.9090047218813,527.4254342251025,3.3333333333333335,1
2023-11-07T21:00,783.7762762182476,525.9941549671288,3.3333333333333335,1
2023-11-07T22:00,785.9090047218813,527.4254342251025,3.3333333333333335,1
2023-11-07T23:00,790.1571924520644,530.2764032874235,3.3333333333333335,1
2023-11-08T00:00,792.8007501631307,532.0505012622287,3.3333333333333335,1
2023-11-08T01:00,793.328404630971,532.4046114520211,3.3333333333333335,1
2023-11-08T02:00,797.0122047622693,534.8768186314464,3.3333333333333335,1
2023-11-08T03:00,797.5370729158064,535.2290589189695,3.3333333333333335,1
2023-11-08T04:00,797.0122047622693,534.8768186314464,3.3333333333333335,1
2023-11-08T05:00,800.6790564800015,537.3376516895283,3.3333333333333335,1
2023-11-08T06:00,799.6331003751081,536.6357080173103,3.3333333333333335,1
2023-11-08T07:00,801.7236479959307,538.0386795827917,3.3333333333333335,1
2023-11-08T08:00,792.8007501631307,532.0505012622287,3.3333333333333335,1
2023-11-08T09:00,782.7077327408648,525.277052854593,3.3333333333333335,1
2023-11-08T10:00,773.5655218503891,519.1416930104937,3.3333333333333335,1
2023-11-08T11:00,766.5008485575082,514.4005736738158,3.3333333333333335,1
2023-11-08T12:00,761.021858745458,510.7236103569772,3.3333333333333335,1
2023-11-08T13:00,758.2675179729761,508.8751656016658,3.3333333333333335,1
2023-11-08T14:00,756.6101006513204,507.76286882772075,3.3333333333333335,1
2023-11-08T15:00,756.0568207962298,507.39156137855565,3.3333333333333335,1
2023-11-08T16:00,757.1629762096796,508.1339049523715,3.3333333333333335,1
2023-11-08T17:00,764.3139657882648,512.9329513571892,3.3333333333333335,1
2023-11-08T18:00,773.5655218503891,519.1416930104937,3.3333333333333335,1
2023-11-08T19:00,776.2655842372243,520.9537114098952,3.3333333333333335,1
2023-11-08T20:00,778.4188909652402,522.3988007640318,3.3333333333333335,1
2023-11-08T21:00,774.1062877478543,519.5046023124244,3.3333333333333335,1
2023-11-08T22:00,775.7263236065025,520.5918122961174,3.3333333333333335,1
2023-11-08T23:00,778.9562875711661,522.75944892626,3.3333333333333335,1
2023-11-09T00:00,778.9562875711661,522.75944892626,3.3333333333333335,1
2023-11-09T01:00,780.0299700760548,523.4799998525867,3.3333333333333335,1
2023-11-09T02:00,781.6377285048026,524.5589704233736,3.3333333333333335,1
2023-11-09T03:00,781.6377285048026,524.5589704233736,3.3333333333333335,1
2023-11-09T04:00,782.1729135921585,524.9181344301397,3.3333333333333335,1
2023-11-09T05:00,783.7762762182476,525.9941549671288,3.3333333333333335,1
2023-11-09T06:00,783.7762762182476,525.9941549671288,3.3333333333333335,1
2023-11-09T07:00,783.7762762182476,525.9941549671288,3.3333333333333335,1
2023-11-09T08:00,782.1729135921585,524.9181344301397,3.3333333333333335,1
2023-11-09T09:00,779.4933136863665,523.1198484512661,3.3333333333333335,1
2023-11-09T10:00,776.2655842372243,520.9537114098952,3.3333333333333335,1
2023-11-09T11:00,775.7263236065025,520.5918122961174,3.3333333333333335,1
2023-11-09T12:00,773.0243776625457,518.778529836975,3.3333333333333335,1
2023-11-09T13:00,763.218174592814,512.1975632351442,3.3333333333333335,1
2023-11-09T14:00,763.218174592814,512.1975632351442,3.3333333333333335,1
2023-11-09T15:00,761.021858745458,510.7236103569772,3.3333333333333335,1
2023-11-09T16:00,762.1208078504283,511.4611177597399,3.3333333333333335,1
2023-11-09T17:00,764.3139657882648,512.9329513571892,3.3333333333333335,1
2023-11-09T18:00,765.9547132202276,514.034060927836,3.3333333333333335,1
2023-11-09T19:00,767.5919535206044,515.1328168539914,3.3333333333333335,1
2023-11-09T20:00,770.8560020653473,517.3233277282777,3.3333333333333335,1
2023-11-09T21:00,780.5662575028142,523.8399036419931,3.3333333333333335,1
2023-11-09T22:00,782.1729135921585,524.9181344301397,3.3333333333333335,1
2023-11-09T23:00,784.8433649033037,526.710280765015,3.3333333333333335,1
2023-11-10T00:00,786.9732015597073,528.1396192973172,3.3333333333333335,1
2023-11-10T01:00,791.7443862693472,531.3415728977094,3.3333333333333335,1
2023-11-10T02:00,796.4869907317474,534.5243462250421,3.3333333333333335,1
2023-11-10T03:00,798.0615958747866,535.5810675455904,3.3333333333333335,1
2023-11-10T04:00,797.0122047622693,534.8768186314464,3.3333333333333335,1
2023-11-10T05:00,796.4869907317474,534.5243462250421,3.3333333333333335,1
2023-11-10T06:00,798.0615958747866,535.5810675455904,3.3333333333333335,1
2023-11-10T07:00,799.1096089275919,536.284391640528,3.3333333333333335,1
2023-11-10T08:00,800.6790564800015,537.3376516895283,3.3333333333333335,1
2023-11-10T09:00,800.6790564800015,537.3376516895283,3.3333333333333335,1
2023-11-10T10:00,798.0615958747866,535.5810675455904,3.3333333333333335,1
2023-11-10T11:00,793.328404630971,532.4046114520211,3.3333333333333335,1
2023-11-10T12:00,791.2156754349135,530.986753777741,3.3333333333333335,1
2023-11-10T13:00,789.097289637679,529.5650999447275,3.3333333333333335,1
2023-11-10T14:00,791.7443862693472,531.3415728977094,3.3333333333333335,1
2023-11-10T15:00,795.43552229877,533.8187032161121,3.3333333333333335,1
2023-11-10T16:00,795.43552229877,533.8187032161121,3.3333333333333335,1
2023-11-10T17:00,797.0122047622693,534.8768186314464,3.3333333333333335,1
2023-11-10T18:00,798.5857743193965,535.932844967784,3.3333333333333335,1
2023-11-10T19:00,799.6331003751081,536.6357080173103,3.3333333333333335,1
2023-11-10T20:00,800.6790564800015,537.3376516895283,3.3333333333333335,1
2023-11-10T21:00,807.4447456278294,541.8781220432026,3.3333333333333335,1
2023-11-10T22:00,806.9263219816859,541.5302066801809,3.3333333333333335,1
2023-11-10T23:00,807.4447456278294,541.8781220432026,3.3333333333333335,1
2023-11-11T00:00,808.9980232653766,542.9205304232227,3.3333333333333335,1
2023-11-11T01:00,810.5483243166833,543.9609412090165,3.3333333333333335,1
2023-11-11T02:00,813.1255909932224,545.690551110189,3.3333333333333335,1
2023-11-11T03:00,812.6107915804333,545.3450679789387,3.3333333333333335,1
2023-11-11T04:00,811.064432821266,544.3073028749362,3.3333333333333335,1
2023-11-11T05:00,811.064432821266,544.3073028749362,3.3333333333333335,1
2023-11-11T06:00,811.5802131168433,544.6534442789986,3.3333333333333335,1
2023-11-11T07:00,811.5802131168433,544.6534442789986,3.3333333333333335,1
2023-11-11T08:00,811.064432821266,544.3073028749362,3.3333333333333335,1
2023-11-11T09:00,817.2323120195798,548.4465815253569,3.3333333333333335,1
2023-11-11T10:00,817.7442020240601,548.7901121456532,3.3333333333333335,1
2023-11-11T11:00,815.1815376150718,547.0703018615577,3.3333333333333335,1
2023-11-11T12:00,814.6680373829415,546.7256906135904,3.3333333333333335,1
2023-11-11T13:00,817.2323120195798,548.4465815253569,3.3333333333333335,1
2023-11-11T14:00,817.7442020240601,548.7901121456532,3.3333333333333335,1
2023-11-11T15:00,818.7670219385759,549.4765290645412,3.3333333333333335,1
2023-11-11T16:00,821.3184990548177,551.1888315294118,3.3333333333333335,1
2023-11-11T17:00,823.8620743578094,552.8958310682954,3.3333333333333335,1
2023-11-11T18:00,827.4099434445084,555.2768145948655,3.3333333333333335,1
2023-11-11T19:00,827.9155407684673,555.6161221820415,3.3333333333333335,1
2023-11-11T20:00,828.9258102605692,556.2941164820875,3.3333333333333335,1
2023-11-11T21:00,832.452098238591,558.6606168744187,3.3333333333333335,1
2023-11-11T22:00,833.4568687892797,559.3349208215799,3.3333333333333335,1
2023-11-11T23:00,833.9588001017373,559.671768139569,3.3333333333333335,1
2023-11-12T00:00,834.9617575298446,560.34485529578,3.3333333333333335,1
2023-11-12T01:00,837.46389606527,562.024046519712,3.3333333333333335,1
2023-11-12T02:00,836.9640667780919,561.6886098759729,3.3333333333333335,1
2023-11-12T03:00,837.46389606527,562.024046519712,3.3333333333333335,1
2023-11-12T04:00,838.9615972248776,563.0291573909445,3.3333333333333335,1
2023-11-12T05:00,839.95858105523,563.6982356512517,3.3333333333333335,1
2023-11-12T06:00,841.4518419336972,564.7003666390697,3.3333333333333335,1
2023-11-12T07:00,842.4458787149532,565.367467127599,3.3333333333333335,1
2023-11-12T08:00,839.95858105523,563.6982356512517,3.3333333333333335,1
2023-11-12T09:00,836.463938817821,561.3529727919986,3.3333333333333335,1
2023-11-12T10:00,829.430483555578,556.6328039511998,3.3333333333333335,1
2023-11-12T11:00,822.3368732823892,551.8722649370371,3.3333333333333335,1
2023-11-12T12:00,816.2075689055268,547.7588739426071,3.3333333333333335,1
2023-11-12T13:00,812.6107915804333,545.3450679789387,3.3333333333333335,1
2023-11-12T14:00,810.031886975744,543.6143588602223,3.3333333333333335,1
2023-11-12T15:00,808.9980232653766,542.9205304232227,3.3333333333333335,1
2023-11-12T16:00,811.064432821266,544.3073028749362,3.3333333333333335,1
2023-11-12T17:00,816.2075689055268,547.7588739426071,3.3333333333333335,1
2023-11-12T18:00,817.7442020240601,548.7901121456532,3.3333333333333335,1
2023-11-12T19:00,818.7670219385759,549.4765290645412,3.3333333333333335,1
2023-11-12T20:00,819.2779530472326,549.8194161675306,3.3333333333333335,1
2023-11-12T21:00,827.9155407684673,555.6161221820415,3.3333333333333335,1
2023-11-12T22:00,827.9155407684673,555.6161221820415,3.3333333333333335,1
2023-11-12T23:00,827.9155407684673,555.6161221820415,3.3333333333333335,1
2023-11-13T00:00,827.9155407684673,555.6161221820415,3.3333333333333335,1
2023-11-13T01:00,827.9155407684673,555.6161221820415,3.3333333333333335,1
2023-11-13T02:00,828.420829519057,555.955222684883,3.3333333333333335,1
2023-11-13T03:00,828.9258102605692,556.2941164820875,3.3333333333333335,1
2023-11-13T04:00,828.9258102605692,556.2941164820875,3.3333333333333335,1
2023-11-13T05:00,829.430483555578,556.6328039511998,3.3333333333333335,1
2023-11-13T06:00,829.9348499649468,556.9712854686168,3.3333333333333335,1
2023-11-13T07:00,830.4389100478359,557.3095614095921,3.3333333333333335,1
2023-11-13T08:00,829.430483555578,556.6328039511998,3.3333333333333335,1
2023-11-13T09:00,823.8620743578094,552.8958310682954,3.3333333333333335,1
2023-11-13T10:00,821.8278439093905,551.5306540934482,3.3333333333333335,1
2023-11-13T11:00,818.7670219385759,549.4765290645412,3.3333333333333335,1
2023-11-13T12:00,817.7442020240601,548.7901121456532,3.3333333333333335,1
2023-11-13T13:00,815.6947145860217,547.414696168165,3.3333333333333335,1
2023-11-13T14:00,814.6680373829415,546.7256906135904,3.3333333333333335,1
2023-11-13T15:00,814.6680373829415,546.7256906135904,3.3333333333333335,1
2023-11-13T16:00,815.6947145860217,547.414696168165,3.3333333333333335,1
2023-11-13T17:00,820.298860549898,550.5045496621997,3.3333333333333335,1
2023-11-13T18:00,829.9348499649468,556.9712854686168,3.3333333333333335,1
2023-11-13T19:00,832.452098238591,558.6606168744187,3.3333333333333335,1
2023-11-13T20:00,835.4627847321663,560.6810958632699,3.3333333333333335,1
2023-11-13T21:00,831.446113462343,557.9854980575471,3.3333333333333335,1
2023-11-13T22:00,834.4604295005415,560.0084128425752,3.3333333333333335,1
2023-11-13T23:00,839.4602371483813,563.3637958498447,3.3333333333333335,1
2023-11-14T00:00,845.4209764220442,567.3640623957496,3.3333333333333335,1
2023-11-14T01:00,847.8922502593692,569.022540246123,3.3333333333333335,1
2023-11-14T02:00,848.3856411944957,569.3536560962256,3.3333333333333335,1
2023-11-14T03:00,847.8922502593692,569.022540246123,3.3333333333333335,1
2023-11-14T04:00,845.9158087596551,567.6961455745462,3.3333333333333335,1
2023-11-14T05:00,844.9258542850395,567.0317847318785,3.3333333333333335,1
2023-11-14T06:00,847.3985720514272,568.6912316065388,3.3333333333333335,1
2023-11-14T07:00,847.3985720514272,568.6912316065388,3.3333333333333335,1
2023-11-14T08:00,836.9640667780919,561.6886098759729,3.3333333333333335,1
2023-11-14T09:00,828.9258102605692,556.2941164820875,3.3333333333333335,1
2023-11-14T10:00,820.298860549898,550.5045496621997,3.3333333333333335,1
2023-11-14T11:00,813.6400646865762,546.0358156503383,3.3333333333333335,1
2023-11-14T12:00,808.4805956312048,542.5732834862448,3.3333333333333335,1
2023-11-14T13:00,804.849288107094,540.1363042224854,3.3333333333333335,1
2023-11-14T14:00,802.2454336990656,538.3888512303934,3.3333333333333335,1
2023-11-14T15:00,801.2015224778372,537.6882798845494,3.3333333333333335,1
2023-11-14T16:00,802.2454336990656,538.3888512303934,3.3333333333333335,1
2023-11-14T17:00,807.4447456278294,541.8781220432026,3.3333333333333335,1
2023-11-14T18:00,809.5151201690958,543.267555406194,3.3333333333333335,1
2023-11-14T19:00,822.3368732823892,551.8722649370371,3.3333333333333335,1
2023-11-14T20:00,826.9040369811637,554.9372995435,3.3333333333333335,1
2023-11-14T21:00,814.6680373829415,546.7256906135904,3.3333333333333335,1
2023-11-14T22:00,817.2323120195798,548.4465815253569,3.3333333333333335,1
2023-11-14T23:00,825.3844570686132,553.9175057882416,3.3333333333333335,1
2023-11-15T00:00,828.9258102605692,556.2941164820875,3.3333333333333335,1
2023-11-15T01:00,833.9588001017373,559.671768139569,3.3333333333333335,1
2023-11-15T02:00,834.4604295005415,560.0084128425752,3.3333333333333335,1
2023-11-15T03:00,835.9635116484001,561.0171349080399,3.3333333333333335,1
2023-11-15T04:00,836.9640667780919,561.6886098759729,3.3333333333333335,1
2023-11-15T05:00,837.46389606527,562.024046519712,3.3333333333333335,1
2023-11-15T06:00,837.9634272138136,562.3592830818924,3.3333333333333335,1
2023-11-15T07:00,834.4604295005415,560.0084128425752,3.3333333333333335,1
2023-11-15T08:00,822.8455877593044,552.2136644531028,3.3333333333333335,1
2023-11-15T09:00,817.2323120195798,548.4465815253569,3.3333333333333335,1
2023-11-15T10:00,813.6400646865762,546.0358156503383,3.3333333333333335,1
2023-11-15T11:00,810.031886975744,543.6143588602223,3.3333333333333335,1
2023-11-15T12:00,803.808758534204,539.4380023090217,3.3333333333333335,1
2023-11-15T13:00,799.1096089275919,536.284391640528,3.3333333333333335,1
2023-11-15T14:00,795.9614301395615,534.1716412402667,3.3333333333333335,1
2023-11-15T15:00,796.4869907317474,534.5243462250421,3.3333333333333335,1
2023-11-15T16:00,799.1096089275919,536.284391640528,3.3333333333333335,1
2023-11-15T17:00,802.2454336990656,538.3888512303934,3.3333333333333335,1
2023-11-15T18:00,805.8884741927345,540.8337045184057,3.3333333333333335,1
2023-11-15T19:00,810.031886975744,543.6143588602223,3.3333333333333335,1
2023-11-15T20:00,812.6107915804333,545.3450679789387,3.3333333333333335,1
2023-11-15T21:00,818.7670219385759,549.4765290645412,3.3333333333333335,1
2023-11-15T22:00,818.7670219385759,549.4765290645412,3.3333333333333335,1
2023-11-15T23:00,818.7670219385759,549.4765290645412,3.3333333333333335,1
2023-11-16T00:00,818.7670219385759,549.4765290645412,3.3333333333333335,1
2023-11-16T01:00,818.7670219385759,549.4765290645412,3.3333333333333335,1
2023-11-16T02:00,819.2779530472326,549.8194161675306,3.3333333333333335,1
2023-11-16T03:00,819.7885657194556,550.1620895670591,3.3333333333333335,1
2023-11-16T04:00,821.3184990548177,551.1888315294118,3.3333333333333335,1
2023-11-16T05:00,824.3698476413676,553.2365989472222,3.3333333333333335,1
2023-11-16T06:00,825.3844570686132,553.9175057882416,3.3333333333333335,1
2023-11-16T07:00,827.9155407684673,555.6161221820415,3.3333333333333335,1
2023-11-16T08:00,823.8620743578094,552.8958310682954,3.3333333333333335,1
2023-11-16T09:00,816.2075689055268,547.7588739426071,3.3333333333333335,1
2023-11-16T10:00,807.4447456278294,541.8781220432026,3.3333333333333335,1
2023-11-16T11:00,798.5857743193965,535.932844967784,3.3333333333333335,1
2023-11-16T12:00,792.8007501631307,532.0505012622287,3.3333333333333335,1
2023-11-16T13:00,791.7443862693472,531.3415728977094,3.3333333333333335,1
2023-11-16T14:00,791.7443862693472,531.3415728977094,3.3333333333333335,1
2023-11-16T15:00,793.328404630971,532.4046114520211,3.3333333333333335,1
2023-11-16T16:00,797.0122047622693,534.8768186314464,3.3333333333333335,1
2023-11-16T17:00,806.9263219816859,541.5302066801809,3.3333333333333335,1
2023-11-16T18:00,820.298860549898,550.5045496621997,3.3333333333333335,1
2023-11-16T19:00,826.3978208106837,554.5975766469265,3.3333333333333335,1
2023-11-16T20:00,830.9426643617094,557.6476321482414,3.3333333333333335,1
2023-11-16T21:00,826.3978208106837,554.5975766469265,3.3333333333333335,1
2023-11-16T22:00,824.3698476413676,553.2365989472222,3.3333333333333335,1
2023-11-16T23:00,837.46389606527,562.024046519712,3.3333333333333335,1
2023-11-17T00:00,829.430483555578,556.6328039511998,3.3333333333333335,1
2023-11-17T01:00,832.9546350173771,558.9978705223256,3.3333333333333335,1
2023-11-17T02:00,833.4568687892797,559.3349208215799,3.3333333333333335,1
2023-11-17T03:00,834.9617575298446,560.34485529578,3.3333333333333335,1
2023-11-17T04:00,838.4626607565891,562.6943199201219,3.3333333333333335,1
2023-11-17T05:00,841.9490070240066,565.0340153338453,3.3333333333333335,1
2023-11-17T06:00,844.4304418388793,566.699312240831,3.3333333333333335,1
2023-11-17T07:00,842.4458787149532,565.367467127599,3.3333333333333335,1
2023-11-17T08:00,829.9348499649468,556.9712854686168,3.3333333333333335,1
2023-11-17T09:00,820.808838131364,550.8467968507848,3.3333333333333335,1
2023-11-17T10:00,810.031886975744,543.6143588602223,3.3333333333333335,1
2023-11-17T11:00,798.5857743193965,535.932844967784,3.3333333333333335,1
2023-11-17T12:00,789.097289637679,529.5650999447275,3.3333333333333335,1
2023-11-17T13:00,781.6377285048026,524.5589704233736,3.3333333333333335,1
2023-11-17T14:00,778.9562875711661,522.75944892626,3.3333333333333335,1
2023-11-17T15:00,780.5662575028142,523.8399036419931,3.3333333333333335,1
2023-11-17T16:00,784.3100020385062,526.3523396562158,3.3333333333333335,1
2023-11-17T17:00,798.0615958747866,535.5810675455904,3.3333333333333335,1
2023-11-17T18:00,806.9263219816859,541.5302066801809,3.3333333333333335,1
2023-11-17T19:00,815.1815376150718,547.0703018615577,3.3333333333333335,1
2023-11-17T20:00,818.7670219385759,549.4765290645412,3.3333333333333335,1
2023-11-17T21:00,816.2075689055268,547.7588739426071,3.3333333333333335,1
2023-11-17T22:00,819.2779530472326,549.8194161675306,3.3333333333333335,1
2023-11-17T23:00,823.8620743578094,552.8958310682954,3.3333333333333335,1
2023-11-18T00:00,822.8455877593044,552.2136644531028,3.3333333333333335,1
2023-11-18T01:00,825.3844570686132,553.9175057882416,3.3333333333333335,1
2023-11-18T02:00,827.4099434445084,555.2768145948655,3.3333333333333335,1
2023-11-18T03:00,827.4099434445084,555.2768145948655,3.3333333333333335,1
2023-11-18T04:00,828.9258102605692,556.2941164820875,3.3333333333333335,1
2023-11-18T05:00,837.46389606527,562.024046519712,3.3333333333333335,1
2023-11-18T06:00,836.463938817821,561.3529727919986,3.3333333333333335,1
2023-11-18T07:00,834.9617575298446,560.34485529578,3.3333333333333335,1
2023-11-18T08:00,824.3698476413676,553.2365989472222,3.3333333333333335,1
2023-11-18T09:00,815.6947145860217,547.414696168165,3.3333333333333335,1
2023-11-18T10:00,803.808758534204,539.4380023090217,3.3333333333333335,1
2023-11-18T11:00,792.8007501631307,532.0505012622287,3.3333333333333335,1
2023-11-18T12:00,784.3100020385062,526.3523396562158,3.3333333333333335,1
2023-11-18T13:00,779.4933136863665,523.1198484512661,3.3333333333333335,1
2023-11-18T14:00,776.8044705112463,521.3153592919864,3.3333333333333335,1
2023-11-18T15:00,776.2655842372243,520.9537114098952,3.3333333333333335,1
2023-11-18T16:00,778.4188909652402,522.3988007640318,3.3333333333333335,1
2023-11-18T17:00,794.3826621122338,533.1121261980021,3.3333333333333335,1
2023-11-18T18:00,804.849288107094,540.1363042224854,3.3333333333333335,1
2023-11-18T19:00,804.849288107094,540.1363042224854,3.3333333333333335,1
2023-11-18T20:00,811.064432821266,544.3073028749362,3.3333333333333335,1
2023-11-18T21:00,818.7670219385759,549.4765290645412,3.3333333333333335,1
2023-11-18T22:00,818.7670219385759,549.4765290645412,3.3333333333333335,1
2023-11-18T23:00,822.3368732823892,551.8722649370371,3.3333333333333335,1
2023-11-19T00:00,825.3844570686132,553.9175057882416,3.3333333333333335,1
2023-11-19T01:00,827.9155407684673,555.6161221820415,3.3333333333333335,1
2023-11-19T02:00,829.430483555578,556.6328039511998,3.3333333333333335,1
2023-11-19T03:00,829.9348499649468,556.9712854686168,3.3333333333333335,1
2023-11-19T04:00,831.446113462343,557.9854980575471,3.3333333333333335,1
2023-11-19T05:00,833.4568687892797,559.3349208215799,3.3333333333333335,1
2023-11-19T06:00,832.452098238591,558.6606168744187,3.3333333333333335,1
2023-11-19T07:00,833.4568687892797,559.3349208215799,3.3333333333333335,1
2023-11-19T08:00,815.6947145860217,547.414696168165,3.3333333333333335,1
2023-11-19T09:00,802.2454336990656,538.3888512303934,3.3333333333333335,1
2023-11-19T10:00,790.1571924520644,530.2764032874235,3.3333333333333335,1
2023-11-19T11:00,779.4933136863665,523.1198484512661,3.3333333333333335,1
2023-11-19T12:00,771.3986673927234,517.6875117422165,3.3333333333333335,1
2023-11-19T13:00,765.9547132202276,514.034060927836,3.3333333333333335,1
2023-11-19T14:00,762.6696885898169,511.8294729517157,3.3333333333333335,1
2023-11-19T15:00,762.1208078504283,511.4611177597399,3.3333333333333335,1
2023-11-19T16:00,764.3139657882648,512.9329513571892,3.3333333333333335,1
2023-11-19T17:00,779.4933136863665,523.1198484512661,3.3333333333333335,1
2023-11-19T18:00,795.9614301395615,534.1716412402667,3.3333333333333335,1
2023-11-19T19:00,803.2879883088004,539.0885121509821,3.3333333333333335,1
2023-11-19T20:00,808.4805956312048,542.5732834862448,3.3333333333333335,1
2023-11-19T21:00,808.4805956312048,542.5732834862448,3.3333333333333335,1
2023-11-19T22:00,811.064432821266,544.3073028749362,3.3333333333333335,1
2023-11-19T23:00,815.1815376150718,547.0703018615577,3.3333333333333335,1
2023-11-20T00:00,817.7442020240601,548.7901121456532,3.3333333333333335,1
2023-11-20T01:00,818.7670219385759,549.4765290645412,3.3333333333333335,1
2023-11-20T02:00,821.3184990548177,551.1888315294118,3.3333333333333335,1
2023-11-20T03:00,822.3368732823892,551.8722649370371,3.3333333333333335,1
2023-11-20T04:00,822.3368732823892,551.8722649370371,3.3333333333333335,1
2023-11-20T05:00,822.8455877593044,552.2136644531028,3.3333333333333335,1
2023-11-20T06:00,822.8455877593044,552.2136644531028,3.3333333333333335,1
2023-11-20T07:00,823.8620743578094,552.8958310682954,3.3333333333333335,1
2023-11-20T08:00,814.154213277973,546.3808620137777,3.3333333333333335,1
2023-11-20T09:00,804.849288107094,540.1363042224854,3.3333333333333335,1
2023-11-20T10:00,793.328404630971,532.4046114520211,3.3333333333333335,1
2023-11-20T11:00,782.1729135921585,524.9181344301397,3.3333333333333335,1
2023-11-20T12:00,773.5655218503891,519.1416930104937,3.3333333333333335,1
2023-11-20T13:00,766.5008485575082,514.4005736738158,3.3333333333333335,1
2023-11-20T14:00,762.6696885898169,511.8294729517157,3.3333333333333335,1
2023-11-20T15:00,761.021858745458,510.7236103569772,3.3333333333333335,1
2023-11-20T16:00,763.218174592814,512.1975632351442,3.3333333333333335,1
2023-11-20T17:00,778.9562875711661,522.75944892626,3.3333333333333335,1
2023-11-20T18:00,795.43552229877,533.8187032161121,3.3333333333333335,1
2023-11-20T19:00,800.1562493354699,536.9867945501345,3.3333333333333335,1
2023-11-20T20:00,801.2015224778372,537.6882798845494,3.3333333333333335,1
2023-11-20T21:00,800.1562493354699,536.9867945501345,3.3333333333333335,1
2023-11-20T22:00,802.2454336990656,538.3888512303934,3.3333333333333335,1
2023-11-20T23:00,804.3291915822757,539.7872661865382,3.3333333333333335,1
2023-11-21T00:00,806.407565051192,541.1820676492255,3.3333333333333335,1
2023-11-21T01:00,808.4805956312048,542.5732834862448,3.3333333333333335,1
2023-11-21T02:00,811.064432821266,544.3073028749362,3.3333333333333335,1
2023-11-21T03:00,812.6107915804333,545.3450679789387,3.3333333333333335,1
2023-11-21T04:00,814.6680373829415,546.7256906135904,3.3333333333333335,1
2023-11-21T05:00,816.7201011814079,548.1028355927941,3.3333333333333335,1
2023-11-21T06:00,817.7442020240601,548.7901121456532,3.3333333333333335,1
2023-11-21T07:00,818.7670219385759,549.4765290645412,3.3333333333333335,1
2023-11-21T08:00,810.031886975744,543.6143588602223,3.3333333333333335,1
2023-11-21T09:00,799.6331003751081,536.6357080173103,3.3333333333333335,1
2023-11-21T10:00,786.4412831470871,527.7826475638684,3.3333333333333335,1
2023-11-21T11:00,773.5655218503891,519.1416930104937,3.3333333333333335,1
2023-11-21T12:00,765.4081882036425,513.6672866671321,3.3333333333333335,1
2023-11-21T13:00,759.9213204129716,509.98503641978397,3.3333333333333335,1
2023-11-21T14:00,756.6101006513204,507.76286882772075,3.3333333333333335,1
2023-11-21T15:00,755.5031357561685,507.01998200877654,3.3333333333333335,1
2023-11-21T16:00,758.8191859382553,509.2453913076792,3.3333333333333335,1
2023-11-21T17:00,776.8044705112463,521.3153592919864,3.3333333333333335,1
2023-11-21T18:00,786.9732015597073,528.1396192973172,3.3333333333333335,1
2023-11-21T19:00,790.1571924520644,530.2764032874235,3.3333333333333335,1
2023-11-21T20:00,791.7443862693472,531.3415728977094,3.3333333333333335,1
2023-11-21T21:00,790.6866110658682,530.6316973998395,3.3333333333333335,1
2023-11-21T22:00,795.43552229877,533.8187032161121,3.3333333333333335,1
2023-11-21T23:00,799.6331003751081,536.6357080173103,3.3333333333333335,1
2023-11-22T00:00,803.808758534204,539.4380023090217,3.3333333333333335,1
2023-11-22T01:00,807.9628366311714,542.2258141688354,3.3333333333333335,1
2023-11-22T02:00,814.154213277973,546.3808620137777,3.3333333333333335,1
2023-11-22T03:00,811.064432821266,544.3073028749362,3.3333333333333335,1
2023-11-22T04:00,812.6107915804333,545.3450679789387,3.3333333333333335,1
2023-11-22T05:00,818.7670219385759,549.4765290645412,3.3333333333333335,1
2023-11-22T06:00,816.7201011814079,548.1028355927941,3.3333333333333335,1
2023-11-22T07:00,815.6947145860217,547.414696168165,3.3333333333333335,1
2023-11-22T08:00,805.8884741927345,540.8337045184057,3.3333333333333335,1
2023-11-22T09:00,794.3826621122338,533.1121261980021,3.3333333333333335,1
2023-11-22T10:00,780.0299700760548,523.4799998525867,3.3333333333333335,1
2023-11-22T11:00,771.3986673927234,517.6875117422165,3.3333333333333335,1
2023-11-22T12:00,766.5008485575082,514.4005736738158,3.3333333333333335,1
2023-11-22T13:00,765.9547132202276,514.034060927836,3.3333333333333335,1
2023-11-22T14:00,762.6696885898169,511.8294729517157,3.3333333333333335,1
2023-11-22T15:00,760.4717886636512,510.35445699442744,3.3333333333333335,1
2023-11-22T16:00,761.021858745458,510.7236103569772,3.3333333333333335,1
2023-11-22T17:00,773.0243776625457,518.778529836975,3.3333333333333335,1
2023-11-22T18:00,787.504760689251,528.4963499150241,3.3333333333333335,1
2023-11-22T19:00,786.4412831470871,527.7826475638684,3.3333333333333335,1
2023-11-22T20:00,787.504760689251,528.4963499150241,3.3333333333333335,1
2023-11-22T21:00,787.504760689251,528.4963499150241,3.3333333333333335,1
2023-11-22T22:00,793.8557083812022,532.7584862743774,3.3333333333333335,1
2023-11-22T23:00,795.43552229877,533.8187032161121,3.3333333333333335,1
2023-11-23T00:00,798.0615958747866,535.5810675455904,3.3333333333333335,1
2023-11-23T01:00,811.064432821266,544.3073028749362,3.3333333333333335,1
2023-11-23T02:00,811.5802131168433,544.6534442789986,3.3333333333333335,1
2023-11-23T03:00,811.064432821266,544.3073028749362,3.3333333333333335,1
2023-11-23T04:00,811.5802131168433,544.6534442789986,3.3333333333333335,1
2023-11-23T05:00,810.031886975744,543.6143588602223,3.3333333333333335,1
2023-11-23T06:00,805.8884741927345,540.8337045184057,3.3333333333333335,1
2023-11-23T07:00,804.849288107094,540.1363042224854,3.3333333333333335,1
2023-11-23T08:00,799.6331003751081,536.6357080173103,3.3333333333333335,1
2023-11-23T09:00,791.2156754349135,530.986753777741,3.3333333333333335,1
2023-11-23T10:00,782.7077327408648,525.277052854593,3.3333333333333335,1
2023-11-23T11:00,778.9562875711661,522.75944892626,3.3333333333333335,1
2023-11-23T12:00,778.4188909652402,522.3988007640318,3.3333333333333335,1
2023-11-23T13:00,777.3429832071276,521.6767564648836,3.3333333333333335,1
2023-11-23T14:00,777.8811231007315,522.0379034492706,3.3333333333333335,1
2023-11-23T15:00,780.5662575028142,523.8399036419931,3.3333333333333335,1
2023-11-23T16:00,785.9090047218813,527.4254342251025,3.3333333333333335,1
2023-11-23T17:00,794.3826621122338,533.1121261980021,3.3333333333333335,1
2023-11-23T18:00,800.6790564800015,537.3376516895283,3.3333333333333335,1
2023-11-23T19:00,805.3690487606256,540.4851168543994,3.3333333333333335,1
2023-11-23T20:00,809.5151201690958,543.267555406194,3.3333333333333335,1
2023-11-23T21:00,811.064432821266,544.3073028749362,3.3333333333333335,1
2023-11-23T22:00,814.154213277973,546.3808620137777,3.3333333333333335,1
2023-11-23T23:00,817.7442020240601,548.7901121456532,3.3333333333333335,1
2023-11-24T00:00,819.7885657194556,550.1620895670591,3.3333333333333335,1
2023-11-24T01:00,822.3368732823892,551.8722649370371,3.3333333333333335,1
2023-11-24T02:00,825.3844570686132,553.9175057882416,3.3333333333333335,1
2023-11-24T03:00,827.9155407684673,555.6161221820415,3.3333333333333335,1
2023-11-24T04:00,830.9426643617094,557.6476321482414,3.3333333333333335,1
2023-11-24T05:00,833.9588001017373,559.671768139569,3.3333333333333335,1
2023-11-24T06:00,835.9635116484001,561.0171349080399,3.3333333333333335,1
2023-11-24T07:00,837.9634272138136,562.3592830818924,3.3333333333333335,1
2023-11-24T08:00,834.9617575298446,560.34485529578,3.3333333333333335,1
2023-11-24T09:00,825.8912943635792,554.2576455229599,3.3333333333333335,1
2023-11-24T10:00,817.2323120195798,548.4465815253569,3.3333333333333335,1
2023-11-24T11:00,810.031886975744,543.6143588602223,3.3333333333333335,1
2023-11-24T12:00,803.808758534204,539.4380023090217,3.3333333333333335,1
2023-11-24T13:00,799.6331003751081,536.6357080173103,3.3333333333333335,1
2023-11-24T14:00,796.4869907317474,534.5243462250421,3.3333333333333335,1
2023-11-24T15:00,795.43552229877,533.8187032161121,3.3333333333333335,1
2023-11-24T16:00,796.4869907317474,534.5243462250421,3.3333333333333335,1
2023-11-24T17:00,803.808758534204,539.4380023090217,3.3333333333333335,1
2023-11-24T18:00,813.6400646865762,546.0358156503383,3.3333333333333335,1
2023-11-24T19:00,817.7442020240601,548.7901121456532,3.3333333333333335,1
2023-11-24T20:00,821.3184990548177,551.1888315294118,3.3333333333333335,1
2023-11-24T21:00,825.8912943635792,554.2576455229599,3.3333333333333335,1
2023-11-24T22:00,829.430483555578,556.6328039511998,3.3333333333333335,1
2023-11-24T23:00,832.452098238591,558.6606168744187,3.3333333333333335,1
2023-11-25T00:00,832.452098238591,558.6606168744187,3.3333333333333335,1
2023-11-25T01:00,833.4568687892797,559.3349208215799,3.3333333333333335,1
2023-11-25T02:00,836.463938817821,561.3529727919986,3.3333333333333335,1
2023-11-25T03:00,839.4602371483813,563.3637958498447,3.3333333333333335,1
2023-11-25T04:00,841.9490070240066,565.0340153338453,3.3333333333333335,1
2023-11-25T05:00,842.942457525369,565.7007223685199,3.3333333333333335,1
2023-11-25T06:00,843.9347385723057,566.3666445795005,3.3333333333333335,1
2023-11-25T07:00,844.4304418388793,566.699312240831,3.3333333333333335,1
2023-11-25T08:00,839.4602371483813,563.3637958498447,3.3333333333333335,1
2023-11-25T09:00,831.9492579038304,558.3231595093629,3.3333333333333335,1
2023-11-25T10:00,820.298860549898,550.5045496621997,3.3333333333333335,1
2023-11-25T11:00,811.064432821266,544.3073028749362,3.3333333333333335,1
2023-11-25T12:00,803.808758534204,539.4380023090217,3.3333333333333335,1
2023-11-25T13:00,798.5857743193965,535.932844967784,3.3333333333333335,1
2023-11-25T14:00,796.4869907317474,534.5243462250421,3.3333333333333335,1
2023-11-25T15:00,795.9614301395615,534.1716412402667,3.3333333333333335,1
2023-11-25T16:00,797.5370729158064,535.2290589189695,3.3333333333333335,1
2023-11-25T17:00,802.2454336990656,538.3888512303934,3.3333333333333335,1
2023-11-25T18:00,803.2879883088004,539.0885121509821,3.3333333333333335,1
2023-11-25T19:00,810.5483243166833,543.9609412090165,3.3333333333333335,1
2023-11-25T20:00,810.031886975744,543.6143588602223,3.3333333333333335,1
2023-11-25T21:00,818.7670219385759,549.4765290645412,3.3333333333333335,1
2023-11-25T22:00,821.3184990548177,551.1888315294118,3.3333333333333335,1
2023-11-25T23:00,823.8620743578094,552.8958310682954,3.3333333333333335,1
2023-11-26T00:00,825.3844570686132,553.9175057882416,3.3333333333333335,1
2023-11-26T01:00,826.3978208106837,554.5975766469265,3.3333333333333335,1
2023-11-26T02:00,827.9155407684673,555.6161221820415,3.3333333333333335,1
2023-11-26T03:00,828.9258102605692,556.2941164820875,3.3333333333333335,1
2023-11-26T04:00,831.9492579038304,558.3231595093629,3.3333333333333335,1
2023-11-26T05:00,837.46389606527,562.024046519712,3.3333333333333335,1
2023-11-26T06:00,839.4602371483813,563.3637958498447,3.3333333333333335,1
2023-11-26T07:00,840.4566294719879,564.0324771485439,3.3333333333333335,1
2023-11-26T08:00,838.9615972248776,563.0291573909445,3.3333333333333335,1
2023-11-26T09:00,836.463938817821,561.3529727919986,3.3333333333333335,1
2023-11-26T10:00,828.420829519057,555.955222684883,3.3333333333333335,1
2023-11-26T11:00,822.8455877593044,552.2136644531028,3.3333333333333335,1
2023-11-26T12:00,816.2075689055268,547.7588739426071,3.3333333333333335,1
2023-11-26T13:00,811.5802131168433,544.6534442789986,3.3333333333333335,1
2023-11-26T14:00,807.9628366311714,542.2258141688354,3.3333333333333335,1
2023-11-26T15:00,805.8884741927345,540.8337045184057,3.3333333333333335,1
2023-11-26T16:00,805.8884741927345,540.8337045184057,3.3333333333333335,1
2023-11-26T17:00,813.6400646865762,546.0358156503383,3.3333333333333335,1
2023-11-26T18:00,812.0956658287739,544.999365840883,3.3333333333333335,1
2023-11-26T19:00,816.7201011814079,548.1028355927941,3.3333333333333335,1
2023-11-26T20:00,827.9155407684673,555.6161221820415,3.3333333333333335,1
2023-11-26T21:00,831.9492579038304,558.3231595093629,3.3333333333333335,1
2023-11-26T22:00,831.9492579038304,558.3231595093629,3.3333333333333335,1
2023-11-26T23:00,834.9617575298446,560.34485529578,3.3333333333333335,1
2023-11-27T00:00,838.9615972248776,563.0291573909445,3.3333333333333335,1
2023-11-27T01:00,840.9543829236595,564.3665206940532,3.3333333333333335,1
2023-11-27T02:00,839.4602371483813,563.3637958498447,3.3333333333333335,1
2023-11-27T03:00,840.9543829236595,564.3665206940532,3.3333333333333335,1
2023-11-27T04:00,832.9546350173771,558.9978705223256,3.3333333333333335,1
2023-11-27T05:00,837.9634272138136,562.3592830818924,3.3333333333333335,1
2023-11-27T06:00,841.4518419336972,564.7003666390697,3.3333333333333335,1
2023-11-27T07:00,827.9155407684673,555.6161221820415,3.3333333333333335,1
2023-11-27T08:00,827.9155407684673,555.6161221820415,3.3333333333333335,1
2023-11-27T09:00,822.3368732823892,551.8722649370371,3.3333333333333335,1
2023-11-27T10:00,814.154213277973,546.3808620137777,3.3333333333333335,1
2023-11-27T11:00,805.8884741927345,540.8337045184057,3.3333333333333335,1
2023-11-27T12:00,798.0615958747866,535.5810675455904,3.3333333333333335,1
2023-11-27T13:00,791.7443862693472,531.3415728977094,3.3333333333333335,1
2023-11-27T14:00,787.504760689251,528.4963499150241,3.3333333333333335,1
2023-11-27T15:00,784.8433649033037,526.710280765015,3.3333333333333335,1
2023-11-27T16:00,784.8433649033037,526.710280765015,3.3333333333333335,1
2023-11-27T17:00,790.1571924520644,530.2764032874235,3.3333333333333335,1
2023-11-27T18:00,794.9092665201597,533.4655316900456,3.3333333333333335,1
2023-11-27T19:00,800.1562493354699,536.9867945501345,3.3333333333333335,1
2023-11-27T20:00,804.3291915822757,539.7872661865382,3.3333333333333335,1
2023-11-27T21:00,809.5151201690958,543.267555406194,3.3333333333333335,1
2023-11-27T22:00,812.0956658287739,544.999365840883,3.3333333333333335,1
2023-11-27T23:00,812.6107915804333,545.3450679789387,3.3333333333333335,1
2023-11-28T00:00,817.2323120195798,548.4465815253569,3.3333333333333335,1
2023-11-28T01:00,823.8620743578094,552.8958310682954,3.3333333333333335,1
2023-11-28T02:00,831.446113462343,557.9854980575471,3.3333333333333335,1
2023-11-28T03:00,830.4389100478359,557.3095614095921,3.3333333333333335,1
2023-11-28T04:00,834.4604295005415,560.0084128425752,3.3333333333333335,1
2023-11-28T05:00,832.9546350173771,558.9978705223256,3.3333333333333335,1
2023-11-28T06:00,833.4568687892797,559.3349208215799,3.3333333333333335,1
2023-11-28T07:00,834.4604295005415,560.0084128425752,3.3333333333333335,1
2023-11-28T08:00,833.9588001017373,559.671768139569,3.3333333333333335,1
2023-11-28T09:00,825.3844570686132,553.9175057882416,3.3333333333333335,1
2023-11-28T10:00,820.298860549898,550.5045496621997,3.3333333333333335,1
2023-11-28T11:00,806.407565051192,541.1820676492255,3.3333333333333335,1
2023-11-28T12:00,794.9092665201597,533.4655316900456,3.3333333333333335,1
2023-11-28T13:00,785.3763655521086,527.0679787897852,3.3333333333333335,1
2023-11-28T14:00,777.3429832071276,521.6767564648836,3.3333333333333335,1
2023-11-28T15:00,774.1062877478543,519.5046023124244,3.3333333333333335,1
2023-11-28T16:00,774.1062877478543,519.5046023124244,3.3333333333333335,1
2023-11-28T17:00,792.8007501631307,532.0505012622287,3.3333333333333335,1
2023-11-28T18:00,802.7668802498647,538.7387952720419,3.3333333333333335,1
2023-11-28T19:00,802.2454336990656,538.3888512303934,3.3333333333333335,1
2023-11-28T20:00,803.808758534204,539.4380023090217,3.3333333333333335,1
2023-11-28T21:00,804.3291915822757,539.7872661865382,3.3333333333333335,1
2023-11-28T22:00,805.8884741927345,540.8337045184057,3.3333333333333335,1
2023-11-28T23:00,811.064432821266,544.3073028749362,3.3333333333333335,1
2023-11-29T00:00,815.6947145860217,547.414696168165,3.3333333333333335,1
2023-11-29T01:00,815.1815376150718,547.0703018615577,3.3333333333333335,1
2023-11-29T02:00,816.2075689055268,547.7588739426071,3.3333333333333335,1
2023-11-29T03:00,817.2323120195798,548.4465815253569,3.3333333333333335,1
2023-11-29T04:00,821.3184990548177,551.1888315294118,3.3333333333333335,1
2023-11-29T05:00,825.8912943635792,554.2576455229599,3.3333333333333335,1
2023-11-29T06:00,822.8455877593044,552.2136644531028,3.3333333333333335,1
2023-11-29T07:00,822.8455877593044,552.2136644531028,3.3333333333333335,1
2023-11-29T08:00,815.6947145860217,547.414696168165,3.3333333333333335,1
2023-11-29T09:00,803.808758534204,539.4380023090217,3.3333333333333335,1
2023-11-29T10:00,795.43552229877,533.8187032161121,3.3333333333333335,1
2023-11-29T11:00,788.5668040048555,529.2090897532663,3.3333333333333335,1
2023-11-29T12:00,784.3100020385062,526.3523396562158,3.3333333333333335,1
2023-11-29T13:00,782.1729135921585,524.9181344301397,3.3333333333333335,1
2023-11-29T14:00,784.3100020385062,526.3523396562158,3.3333333333333335,1
2023-11-29T15:00,789.097289637679,529.5650999447275,3.3333333333333335,1
2023-11-29T16:00,796.4869907317474,534.5243462250421,3.3333333333333335,1
2023-11-29T17:00,804.849288107094,540.1363042224854,3.3333333333333335,1
2023-11-29T18:00,812.6107915804333,545.3450679789387,3.3333333333333335,1
2023-11-29T19:00,818.7670219385759,549.4765290645412,3.3333333333333335,1
2023-11-29T20:00,821.3184990548177,551.1888315294118,3.3333333333333335,1
2023-11-29T21:00,819.7885657194556,550.1620895670591,3.3333333333333335,1
2023-11-29T22:00,821.3184990548177,551.1888315294118,3.3333333333333335,1
2023-11-29T23:00,822.8455877593044,552.2136644531028,3.3333333333333335,1
2023-11-30T00:00,824.877308352794,553.5771570582352,3.3333333333333335,1
2023-11-30T01:00,826.3978208106837,554.5975766469265,3.3333333333333335,1
2023-11-30T02:00,828.420829519057,555.955222684883,3.3333333333333335,1
2023-11-30T03:00,831.446113462343,557.9854980575471,3.3333333333333335,1
2023-11-30T04:00,832.9546350173771,558.9978705223256,3.3333333333333335,1
2023-11-30T05:00,835.4627847321663,560.6810958632699,3.3333333333333335,1
2023-11-30T06:00,837.46389606527,562.024046519712,3.3333333333333335,1
2023-11-30T07:00,838.9615972248776,563.0291573909445,3.3333333333333335,1
2023-11-30T08:00,839.95858105523,563.6982356512517,3.3333333333333335,1
2023-11-30T09:00,837.9634272138136,562.3592830818924,3.3333333333333335,1
2023-11-30T10:00,836.9640667780919,561.6886098759729,3.3333333333333335,1
2023-11-30T11:00,832.452098238591,558.6606168744187,3.3333333333333335,1
2023-11-30T12:00,829.430483555578,556.6328039511998,3.3333333333333335,1
2023-11-30T13:00,828.9258102605692,556.2941164820875,3.3333333333333335,1
2023-11-30T14:00,829.430483555578,556.6328039511998,3.3333333333333335,1
2023-11-30T15:00,829.430483555578,556.6328039511998,3.3333333333333335,1
2023-11-30T16:00,831.446113462343,557.9854980575471,3.3333333333333335,1
2023-11-30T17:00,832.9546350173771,558.9978705223256,3.3333333333333335,1
2023-11-30T18:00,834.9617575298446,560.34485529578,3.3333333333333335,1
2023-11-30T19:00,835.4627847321663,560.6810958632699,3.3333333333333335,1
2023-11-30T20:00,836.463938817821,561.3529727919986,3.3333333333333335,1
2023-11-30T21:00,837.46389606527,562.024046519712,3.3333333333333335,1
2023-11-30T22:00,837.9634272138136,562.3592830818924,3.3333333333333335,1
2023-11-30T23:00,839.95858105523,563.6982356512517,3.3333333333333335,1
2023-12-01T00:00,840.4566294719879,564.0324771485439,3.3333333333333335,1
2023-12-01T01:00,841.9490070240066,565.0340153338453,3.3333333333333335,1
2023-12-01T02:00,848.3856411944957,569.3536560962256,3.3333333333333335,1
2023-12-01T03:00,852.8133145072754,572.3250783672125,3.3333333333333335,1
2023-12-01T04:00,856.2412313983583,574.6255616851339,3.3333333333333335,1
2023-12-01T05:00,859.655479417347,576.9168717899273,3.3333333333333335,1
2023-12-01T06:00,862.5712214668779,578.8736333327047,3.3333333333333335,1
2023-12-01T07:00,864.9934986913809,580.4992294376879,3.3333333333333335,1
2023-12-01T08:00,855.2632285304795,573.9692215946588,3.3333333333333335,1
2023-12-01T09:00,845.4209764220442,567.3640623957496,3.3333333333333335,1
2023-12-01T10:00,834.4604295005415,560.0084128425752,3.3333333333333335,1
2023-12-01T11:00,826.3978208106837,554.5975766469265,3.3333333333333335,1
2023-12-01T12:00,820.808838131364,550.8467968507848,3.3333333333333335,1
2023-12-01T13:00,817.7442020240601,548.7901121456532,3.3333333333333335,1
2023-12-01T14:00,816.2075689055268,547.7588739426071,3.3333333333333335,1
2023-12-01T15:00,815.6947145860217,547.414696168165,3.3333333333333335,1
2023-12-01T16:00,817.2323120195798,548.4465815253569,3.3333333333333335,1
2023-12-01T17:00,824.877308352794,553.5771570582352,3.3333333333333335,1
2023-12-01T18:00,833.9588001017373,559.671768139569,3.3333333333333335,1
2023-12-01T19:00,832.452098238591,558.6606168744187,3.3333333333333335,1
2023-12-01T20:00,832.452098238591,558.6606168744187,3.3333333333333335,1
2023-12-01T21:00,835.4627847321663,560.6810958632699,3.3333333333333335,1
2023-12-01T22:00,836.463938817821,561.3529727919986,3.3333333333333335,1
2023-12-01T23:00,834.4604295005415,560.0084128425752,3.3333333333333335,1
2023-12-02T00:00,834.4604295005415,560.0084128425752,3.3333333333333335,1
2023-12-02T01:00,835.4627847321663,560.6810958632699,3.3333333333333335,1
2023-12-02T02:00,836.9640667780919,561.6886098759729,3.3333333333333335,1
2023-12-02T03:00,839.95858105523,563.6982356512517,3.3333333333333335,1
2023-12-02T04:00,848.3856411944957,569.3536560962256,3.3333333333333335,1
2023-12-02T05:00,843.9347385723057,566.3666445795005,3.3333333333333335,1
2023-12-02T06:00,848.3856411944957,569.3536560962256,3.3333333333333335,1
2023-12-02T07:00,846.9046060682981,568.3597298403305,3.3333333333333335,1
2023-12-02T08:00,842.942457525369,565.7007223685199,3.3333333333333335,1
2023-12-02T09:00,830.4389100478359,557.3095614095921,3.3333333333333335,1
2023-12-02T10:00,820.298860549898,550.5045496621997,3.3333333333333335,1
2023-12-02T11:00,814.154213277973,546.3808620137777,3.3333333333333335,1
2023-12-02T12:00,810.031886975744,543.6143588602223,3.3333333333333335,1
2023-12-02T13:00,807.4447456278294,541.8781220432026,3.3333333333333335,1
2023-12-02T14:00,805.8884741927345,540.8337045184057,3.3333333333333335,1
2023-12-02T15:00,805.8884741927345,540.8337045184057,3.3333333333333335,1
2023-12-02T16:00,806.9263219816859,541.5302066801809,3.3333333333333335,1
2023-12-02T17:00,816.2075689055268,547.7588739426071,3.3333333333333335,1
2023-12-02T18:00,820.808838131364,550.8467968507848,3.3333333333333335,1
2023-12-02T19:00,820.298860549898,550.5045496621997,3.3333333333333335,1
2023-12-02T20:00,820.298860549898,550.5045496621997,3.3333333333333335,1
2023-12-02T21:00,825.3844570686132,553.9175057882416,3.3333333333333335,1
2023-12-02T22:00,823.8620743578094,552.8958310682954,3.3333333333333335,1
2023-12-02T23:00,832.9546350173771,558.9978705223256,3.3333333333333335,1
2023-12-03T00:00,833.4568687892797,559.3349208215799,3.3333333333333335,1
2023-12-03T01:00,834.4604295005415,560.0084128425752,3.3333333333333335,1
2023-12-03T02:00,831.446113462343,557.9854980575471,3.3333333333333335,1
2023-12-03T03:00,831.9492579038304,558.3231595093629,3.3333333333333335,1
2023-12-03T04:00,839.4602371483813,563.3637958498447,3.3333333333333335,1
2023-12-03T05:00,834.9617575298446,560.34485529578,3.3333333333333335,1
2023-12-03T06:00,834.4604295005415,560.0084128425752,3.3333333333333335,1
2023-12-03T07:00,837.9634272138136,562.3592830818924,3.3333333333333335,1
2023-12-03T08:00,832.9546350173771,558.9978705223256,3.3333333333333335,1
2023-12-03T09:00,826.3978208106837,554.5975766469265,3.3333333333333335,1
2023-12-03T10:00,817.2323120195798,548.4465815253569,3.3333333333333335,1
2023-12-03T11:00,809.5151201690958,543.267555406194,3.3333333333333335,1
2023-12-03T12:00,803.2879883088004,539.0885121509821,3.3333333333333335,1
2023-12-03T13:00,798.5857743193965,535.932844967784,3.3333333333333335,1
2023-12-03T14:00,795.43552229877,533.8187032161121,3.3333333333333335,1
2023-12-03T15:00,795.9614301395615,534.1716412402667,3.3333333333333335,1
2023-12-03T16:00,797.5370729158064,535.2290589189695,3.3333333333333335,1
2023-12-03T17:00,806.9263219816859,541.5302066801809,3.3333333333333335,1
2023-12-03T18:00,807.4447456278294,541.8781220432026,3.3333333333333335,1
2023-12-03T19:00,811.064432821266,544.3073028749362,3.3333333333333335,1
2023-12-03T20:00,817.7442020240601,548.7901121456532,3.3333333333333335,1
2023-12-03T21:00,820.808838131364,550.8467968507848,3.3333333333333335,1
2023-12-03T22:00,817.2323120195798,548.4465815253569,3.3333333333333335,1
2023-12-03T23:00,819.7885657194556,550.1620895670591,3.3333333333333335,1
2023-12-04T00:00,819.2779530472326,549.8194161675306,3.3333333333333335,1
2023-12-04T01:00,821.8278439093905,551.5306540934482,3.3333333333333335,1
2023-12-04T02:00,822.8455877593044,552.2136644531028,3.3333333333333335,1
2023-12-04T03:00,826.3978208106837,554.5975766469265,3.3333333333333335,1
2023-12-04T04:00,827.4099434445084,555.2768145948655,3.3333333333333335,1
2023-12-04T05:00,825.3844570686132,553.9175057882416,3.3333333333333335,1
2023-12-04T06:00,825.3844570686132,553.9175057882416,3.3333333333333335,1
2023-12-04T07:00,831.446113462343,557.9854980575471,3.3333333333333335,1
2023-12-04T08:00,829.430483555578,556.6328039511998,3.3333333333333335,1
2023-12-04T09:00,820.298860549898,550.5045496621997,3.3333333333333335,1
2023-12-04T10:00,811.064432821266,544.3073028749362,3.3333333333333335,1
2023-12-04T11:00,803.2879883088004,539.0885121509821,3.3333333333333335,1
2023-12-04T12:00,799.6331003751081,536.6357080173103,3.3333333333333335,1
2023-12-04T13:00,795.9614301395615,534.1716412402667,3.3333333333333335,1
2023-12-04T14:00,792.8007501631307,532.0505012622287,3.3333333333333335,1
2023-12-04T15:00,790.6866110658682,530.6316973998395,3.3333333333333335,1
2023-12-04T16:00,791.7443862693472,531.3415728977094,3.3333333333333335,1
2023-12-04T17:00,804.849288107094,540.1363042224854,3.3333333333333335,1
2023-12-04T18:00,815.1815376150718,547.0703018615577,3.3333333333333335,1
2023-12-04T19:00,821.3184990548177,551.1888315294118,3.3333333333333335,1
2023-12-04T20:00,825.8912943635792,554.2576455229599,3.3333333333333335,1
2023-12-04T21:00,824.877308352794,553.5771570582352,3.3333333333333335,1
2023-12-04T22:00,827.9155407684673,555.6161221820415,3.3333333333333335,1
2023-12-04T23:00,834.4604295005415,560.0084128425752,3.3333333333333335,1
2023-12-05T00:00,832.9546350173771,558.9978705223256,3.3333333333333335,1
2023-12-05T01:00,831.446113462343,557.9854980575471,3.3333333333333335,1
2023-12-05T02:00,836.463938817821,561.3529727919986,3.3333333333333335,1
2023-12-05T03:00,823.8620743578094,552.8958310682954,3.3333333333333335,1
2023-12-05T04:00,837.46389606527,562.024046519712,3.3333333333333335,1
2023-12-05T05:00,844.9258542850395,567.0317847318785,3.3333333333333335,1
2023-12-05T06:00,844.4304418388793,566.699312240831,3.3333333333333335,1
2023-12-05T07:00,842.942457525369,565.7007223685199,3.3333333333333335,1
2023-12-05T08:00,833.4568687892797,559.3349208215799,3.3333333333333335,1
2023-12-05T09:00,823.8620743578094,552.8958310682954,3.3333333333333335,1
2023-12-05T10:00,810.031886975744,543.6143588602223,3.3333333333333335,1
2023-12-05T11:00,798.0615958747866,535.5810675455904,3.3333333333333335,1
2023-12-05T12:00,791.2156754349135,530.986753777741,3.3333333333333335,1
2023-12-05T13:00,785.9090047218813,527.4254342251025,3.3333333333333335,1
2023-12-05T14:00,782.7077327408648,525.277052854593,3.3333333333333335,1
2023-12-05T15:00,781.6377285048026,524.5589704233736,3.3333333333333335,1
2023-12-05T16:00,782.1729135921585,524.9181344301397,3.3333333333333335,1
2023-12-05T17:00,794.9092665201597,533.4655316900456,3.3333333333333335,1
2023-12-05T18:00,812.0956658287739,544.999365840883,3.3333333333333335,1
2023-12-05T19:00,819.2779530472326,549.8194161675306,3.3333333333333335,1
2023-12-05T20:00,823.8620743578094,552.8958310682954,3.3333333333333335,1
2023-12-05T21:00,818.7670219385759,549.4765290645412,3.3333333333333335,1
2023-12-05T22:00,822.8455877593044,552.2136644531028,3.3333333333333335,1
2023-12-05T23:00,818.7670219385759,549.4765290645412,3.3333333333333335,1
2023-12-06T00:00,826.9040369811637,554.9372995435,3.3333333333333335,1
2023-12-06T01:00,828.420829519057,555.955222684883,3.3333333333333335,1
2023-12-06T02:00,832.452098238591,558.6606168744187,3.3333333333333335,1
2023-12-06T03:00,829.9348499649468,556.9712854686168,3.3333333333333335,1
2023-12-06T04:00,821.8278439093905,551.5306540934482,3.3333333333333335,1
2023-12-06T05:00,826.9040369811637,554.9372995435,3.3333333333333335,1
2023-12-06T06:00,827.9155407684673,555.6161221820415,3.3333333333333335,1
2023-12-06T07:00,827.4099434445084,555.2768145948655,3.3333333333333335,1
2023-12-06T08:00,816.7201011814079,548.1028355927941,3.3333333333333335,1
2023-12-06T09:00,805.8884741927345,540.8337045184057,3.3333333333333335,1
2023-12-06T10:00,795.43552229877,533.8187032161121,3.3333333333333335,1
2023-12-06T11:00,785.9090047218813,527.4254342251025,3.3333333333333335,1
2023-12-06T12:00,780.5662575028142,523.8399036419931,3.3333333333333335,1
2023-12-06T13:00,777.8811231007315,522.0379034492706,3.3333333333333335,1
2023-12-06T14:00,776.8044705112463,521.3153592919864,3.3333333333333335,1
2023-12-06T15:00,777.3429832071276,521.6767564648836,3.3333333333333335,1
2023-12-06T16:00,780.5662575028142,523.8399036419931,3.3333333333333335,1
2023-12-06T17:00,799.1096089275919,536.284391640528,3.3333333333333335,1
2023-12-06T18:00,791.7443862693472,531.3415728977094,3.3333333333333335,1
2023-12-06T19:00,815.1815376150718,547.0703018615577,3.3333333333333335,1
2023-12-06T20:00,819.2779530472326,549.8194161675306,3.3333333333333335,1
2023-12-06T21:00,813.1255909932224,545.690551110189,3.3333333333333335,1
2023-12-06T22:00,814.154213277973,546.3808620137777,3.3333333333333335,1
2023-12-06T23:00,815.1815376150718,547.0703018615577,3.3333333333333335,1
2023-12-07T00:00,817.2323120195798,548.4465815253569,3.3333333333333335,1
2023-12-07T01:00,822.3368732823892,551.8722649370371,3.3333333333333335,1
2023-12-07T02:00,825.3844570686132,553.9175057882416,3.3333333333333335,1
2023-12-07T03:00,826.3978208106837,554.5975766469265,3.3333333333333335,1
2023-12-07T04:00,829.430483555578,556.6328039511998,3.3333333333333335,1
2023-12-07T05:00,829.430483555578,556.6328039511998,3.3333333333333335,1
2023-12-07T06:00,829.9348499649468,556.9712854686168,3.3333333333333335,1
2023-12-07T07:00,831.446113462343,557.9854980575471,3.3333333333333335,1
2023-12-07T08:00,821.3184990548177,551.1888315294118,3.3333333333333335,1
2023-12-07T09:00,808.9980232653766,542.9205304232227,3.3333333333333335,1
2023-12-07T10:00,797.0122047622693,534.8768186314464,3.3333333333333335,1
2023-12-07T11:00,785.3763655521086,527.0679787897852,3.3333333333333335,1
2023-12-07T12:00,774.6466761471727,519.8672582744357,3.3333333333333335,1
2023-12-07T13:00,767.5919535206044,515.1328168539914,3.3333333333333335,1
2023-12-07T14:00,763.218174592814,512.1975632351442,3.3333333333333335,1
2023-12-07T15:00,762.1208078504283,511.4611177597399,3.3333333333333335,1
2023-12-07T16:00,765.4081882036425,513.6672866671321,3.3333333333333335,1
2023-12-07T17:00,776.8044705112463,521.3153592919864,3.3333333333333335,1
2023-12-07T18:00,789.097289637679,529.5650999447275,3.3333333333333335,1
2023-12-07T19:00,795.43552229877,533.8187032161121,3.3333333333333335,1
2023-12-07T20:00,801.7236479959307,538.0386795827917,3.3333333333333335,1
2023-12-07T21:00,800.6790564800015,537.3376516895283,3.3333333333333335,1
2023-12-07T22:00,800.6790564800015,537.3376516895283,3.3333333333333335,1
2023-12-07T23:00,805.8884741927345,540.8337045184057,3.3333333333333335,1
2023-12-08T00:00,809.5151201690958,543.267555406194,3.3333333333333335,1
2023-12-08T01:00,811.064432821266,544.3073028749362,3.3333333333333335,1
2023-12-08T02:00,814.154213277973,546.3808620137777,3.3333333333333335,1
2023-12-08T03:00,815.1815376150718,547.0703018615577,3.3333333333333335,1
2023-12-08T04:00,816.2075689055268,547.7588739426071,3.3333333333333335,1
2023-12-08T05:00,817.7442020240601,548.7901121456532,3.3333333333333335,1
2023-12-08T06:00,819.2779530472326,549.8194161675306,3.3333333333333335,1
2023-12-08T07:00,820.298860549898,550.5045496621997,3.3333333333333335,1
2023-12-08T08:00,814.154213277973,546.3808620137777,3.3333333333333335,1
2023-12-08T09:00,795.9614301395615,534.1716412402667,3.3333333333333335,1
2023-12-08T10:00,781.1021767266102,524.1995603295001,3.3333333333333335,1
2023-12-08T11:00,768.1369248022625,515.498548399427,3.3333333333333335,1
2023-12-08T12:00,757.1629762096796,508.1339049523715,3.3333333333333335,1
2023-12-08T13:00,750.5015888867351,503.66343180568833,3.3333333333333335,1
2023-12-08T14:00,747.7084955021039,501.7889800786189,3.3333333333333335,1
2023-12-08T15:00,746.0276200253737,500.66094048005687,3.3333333333333335,1
2023-12-08T16:00,753.8396405948065,505.9036063819021,3.3333333333333335,1
2023-12-08T17:00,767.5919535206044,515.1328168539914,3.3333333333333335,1
2023-12-08T18:00,776.8044705112463,521.3153592919864,3.3333333333333335,1
2023-12-08T19:00,781.6377285048026,524.5589704233736,3.3333333333333335,1
2023-12-08T20:00,789.097289637679,529.5650999447275,3.3333333333333335,1
2023-12-08T21:00,789.097289637679,529.5650999447275,3.3333333333333335,1
2023-12-08T22:00,785.9090047218813,527.4254342251025,3.3333333333333335,1
2023-12-08T23:00,793.328404630971,532.4046114520211,3.3333333333333335,1
2023-12-09T00:00,789.097289637679,529.5650999447275,3.3333333333333335,1
2023-12-09T01:00,787.504760689251,528.4963499150241,3.3333333333333335,1
2023-12-09T02:00,788.0359612627672,528.8528399049136,3.3333333333333335,1
2023-12-09T03:00,791.7443862693472,531.3415728977094,3.3333333333333335,1
2023-12-09T04:00,791.7443862693472,531.3415728977094,3.3333333333333335,1
2023-12-09T05:00,793.328404630971,532.4046114520211,3.3333333333333335,1
2023-12-09T06:00,797.0122047622693,534.8768186314464,3.3333333333333335,1
2023-12-09T07:00,799.6331003751081,536.6357080173103,3.3333333333333335,1
2023-12-09T08:00,797.0122047622693,534.8768186314464,3.3333333333333335,1
2023-12-09T09:00,786.4412831470871,527.7826475638684,3.3333333333333335,1
2023-12-09T10:00,776.2655842372243,520.9537114098952,3.3333333333333335,1
2023-12-09T11:00,768.1369248022625,515.498548399427,3.3333333333333335,1
2023-12-09T12:00,762.6696885898169,511.8294729517157,3.3333333333333335,1
2023-12-09T13:00,755.5031357561685,507.01998200877654,3.3333333333333335,1
2023-12-09T14:00,751.6159199961851,504.4112621088672,3.3333333333333335,1
2023-12-09T15:00,749.385600776607,502.914489485346,3.3333333333333335,1
2023-12-09T16:00,752.1724664774764,504.7847617987778,3.3333333333333335,1
2023-12-09T17:00,761.5715315211636,511.09249708644126,3.3333333333333335,1
2023-12-09T18:00,769.7695237212065,516.5941894832752,3.3333333333333335,1
2023-12-09T19:00,773.5655218503891,519.1416930104937,3.3333333333333335,1
2023-12-09T20:00,775.7263236065025,520.5918122961174,3.3333333333333335,1
2023-12-09T21:00,777.3429832071276,521.6767564648836,3.3333333333333335,1
2023-12-09T22:00,782.1729135921585,524.9181344301397,3.3333333333333335,1
2023-12-09T23:00,784.8433649033037,526.710280765015,3.3333333333333335,1
2023-12-10T00:00,788.0359612627672,528.8528399049136,3.3333333333333335,1
2023-12-10T01:00,789.6274188809745,529.9208709623143,3.3333333333333335,1
2023-12-10T02:00,791.2156754349135,530.986753777741,3.3333333333333335,1
2023-12-10T03:00,791.7443862693472,531.3415728977094,3.3333333333333335,1
2023-12-10T04:00,792.2727442769466,531.6961552347359,3.3333333333333335,1
2023-12-10T05:00,792.8007501631307,532.0505012622287,3.3333333333333335,1
2023-12-10T06:00,795.43552229877,533.8187032161121,3.3333333333333335,1
2023-12-10T07:00,800.1562493354699,536.9867945501345,3.3333333333333335,1
2023-12-10T08:00,803.2879883088004,539.0885121509821,3.3333333333333335,1
2023-12-10T09:00,803.2879883088004,539.0885121509821,3.3333333333333335,1
2023-12-10T10:00,794.3826621122338,533.1121261980021,3.3333333333333335,1
2023-12-10T11:00,792.8007501631307,532.0505012622287,3.3333333333333335,1
2023-12-10T12:00,791.7443862693472,531.3415728977094,3.3333333333333335,1
2023-12-10T13:00,791.7443862693472,531.3415728977094,3.3333333333333335,1
2023-12-10T14:00,790.6866110658682,530.6316973998395,3.3333333333333335,1
2023-12-10T15:00,793.8557083812022,532.7584862743774,3.3333333333333335,1
2023-12-10T16:00,798.0615958747866,535.5810675455904,3.3333333333333335,1
2023-12-10T17:00,803.2879883088004,539.0885121509821,3.3333333333333335,1
2023-12-10T18:00,804.849288107094,540.1363042224854,3.3333333333333335,1
2023-12-10T19:00,805.8884741927345,540.8337045184057,3.3333333333333335,1
2023-12-10T20:00,808.4805956312048,542.5732834862448,3.3333333333333335,1
2023-12-10T21:00,815.6947145860217,547.414696168165,3.3333333333333335,1
2023-12-10T22:00,817.2323120195798,548.4465815253569,3.3333333333333335,1
2023-12-10T23:00,818.7670219385759,549.4765290645412,3.3333333333333335,1
2023-12-11T00:00,820.808838131364,550.8467968507848,3.3333333333333335,1
2023-12-11T01:00,823.8620743578094,552.8958310682954,3.3333333333333335,1
2023-12-11T02:00,827.9155407684673,555.6161221820415,3.3333333333333335,1
2023-12-11T03:00,831.446113462343,557.9854980575471,3.3333333333333335,1
2023-12-11T04:00,835.9635116484001,561.0171349080399,3.3333333333333335,1
2023-12-11T05:00,838.9615972248776,563.0291573909445,3.3333333333333335,1
2023-12-11T06:00,841.4518419336972,564.7003666390697,3.3333333333333335,1
2023-12-11T07:00,841.9490070240066,565.0340153338453,3.3333333333333335,1
2023-12-11T08:00,841.9490070240066,565.0340153338453,3.3333333333333335,1
2023-12-11T09:00,845.4209764220442,567.3640623957496,3.3333333333333335,1
2023-12-11T10:00,845.9158087596551,567.6961455745462,3.3333333333333335,1
2023-12-11T11:00,843.9347385723057,566.3666445795005,3.3333333333333335,1
2023-12-11T12:00,838.4626607565891,562.6943199201219,3.3333333333333335,1
2023-12-11T13:00,831.9492579038304,558.3231595093629,3.3333333333333335,1
2023-12-11T14:00,828.9258102605692,556.2941164820875,3.3333333333333335,1
2023-12-11T15:00,834.4604295005415,560.0084128425752,3.3333333333333335,1
2023-12-11T16:00,837.46389606527,562.024046519712,3.3333333333333335,1
2023-12-11T17:00,839.95858105523,563.6982356512517,3.3333333333333335,1
2023-12-11T18:00,841.9490070240066,565.0340153338453,3.3333333333333335,1
2023-12-11T19:00,841.9490070240066,565.0340153338453,3.3333333333333335,1
2023-12-11T20:00,842.942457525369,565.7007223685199,3.3333333333333335,1
2023-12-11T21:00,848.8787453577186,569.68457949301,3.3333333333333335,1
2023-12-11T22:00,849.8640953648365,570.3458502664017,3.3333333333333335,1
2023-12-11T23:00,850.8483042590434,571.0063552361582,3.3333333333333335,1
2023-12-12T00:00,852.3224866597069,571.9956826113703,3.3333333333333335,1
2023-12-12T01:00,851.8313759956765,571.6660970567162,3.3333333333333335,1
2023-12-12T02:00,853.3038600264175,572.6542846517648,3.3333333333333335,1
2023-12-12T03:00,853.3038600264175,572.6542846517648,3.3333333333333335,1
2023-12-12T04:00,854.28410602456,573.3121301123861,3.3333333333333335,1
2023-12-12T05:00,858.1938935269653,575.935997963237,3.3333333333333335,1
2023-12-12T06:00,860.142122807253,577.2434593461098,3.3333333333333335,1
2023-12-12T07:00,862.5712214668779,578.8736333327047,3.3333333333333335,1
2023-12-12T08:00,861.1145845342332,577.8960807635236,3.3333333333333335,1
2023-12-12T09:00,856.7298141664476,574.9534507627067,3.3333333333333335,1
2023-12-12T10:00,851.3399820257407,571.3363213747839,3.3333333333333335,1
2023-12-12T11:00,843.4387439725587,566.0337814037725,3.3333333333333335,1
2023-12-12T12:00,837.9634272138136,562.3592830818924,3.3333333333333335,1
2023-12-12T13:00,832.452098238591,558.6606168744187,3.3333333333333335,1
2023-12-12T14:00,829.430483555578,556.6328039511998,3.3333333333333335,1
2023-12-12T15:00,825.3844570686132,553.9175057882416,3.3333333333333335,1
2023-12-12T16:00,825.8912943635792,554.2576455229599,3.3333333333333335,1
2023-12-12T17:00,829.430483555578,556.6328039511998,3.3333333333333335,1
2023-12-12T18:00,831.9492579038304,558.3231595093629,3.3333333333333335,1
2023-12-12T19:00,833.9588001017373,559.671768139569,3.3333333333333335,1
2023-12-12T20:00,835.4627847321663,560.6810958632699,3.3333333333333335,1
2023-12-12T21:00,836.463938817821,561.3529727919986,3.3333333333333335,1
2023-12-12T22:00,834.9617575298446,560.34485529578,3.3333333333333335,1
2023-12-12T23:00,834.4604295005415,560.0084128425752,3.3333333333333335,1
2023-12-13T00:00,834.4604295005415,560.0084128425752,3.3333333333333335,1
2023-12-13T01:00,834.4604295005415,560.0084128425752,3.3333333333333335,1
2023-12-13T02:00,835.4627847321663,560.6810958632699,3.3333333333333335,1
2023-12-13T03:00,835.4627847321663,560.6810958632699,3.3333333333333335,1
2023-12-13T04:00,836.463938817821,561.3529727919986,3.3333333333333335,1
2023-12-13T05:00,835.9635116484001,561.0171349080399,3.3333333333333335,1
2023-12-13T06:00,835.9635116484001,561.0171349080399,3.3333333333333335,1
2023-12-13T07:00,834.9617575298446,560.34485529578,3.3333333333333335,1
2023-12-13T08:00,832.9546350173771,558.9978705223256,3.3333333333333335,1
2023-12-13T09:00,831.446113462343,557.9854980575471,3.3333333333333335,1
2023-12-13T10:00,829.9348499649468,556.9712854686168,3.3333333333333335,1
2023-12-13T11:00,827.9155407684673,555.6161221820415,3.3333333333333335,1
2023-12-13T12:00,825.8912943635792,554.2576455229599,3.3333333333333335,1
2023-12-13T13:00,823.8620743578094,552.8958310682954,3.3333333333333335,1
2023-12-13T14:00,822.3368732823892,551.8722649370371,3.3333333333333335,1
2023-12-13T15:00,819.2779530472326,549.8194161675306,3.3333333333333335,1
2023-12-13T16:00,819.2779530472326,549.8194161675306,3.3333333333333335,1
2023-12-13T17:00,819.2779530472326,549.8194161675306,3.3333333333333335,1
2023-12-13T18:00,819.7885657194556,550.1620895670591,3.3333333333333335,1
2023-12-13T19:00,820.298860549898,550.5045496621997,3.3333333333333335,1
2023-12-13T20:00,820.298860549898,550.5045496621997,3.3333333333333335,1
2023-12-13T21:00,823.3539879238176,552.5548530333549,3.3333333333333335,1
2023-12-13T22:00,823.8620743578094,552.8958310682954,3.3333333333333335,1
2023-12-13T23:00,823.3539879238176,552.5548530333549,3.3333333333333335,1
2023-12-14T00:00,823.8620743578094,552.8958310682954,3.3333333333333335,1
2023-12-14T01:00,824.3698476413676,553.2365989472222,3.3333333333333335,1
2023-12-14T02:00,825.3844570686132,553.9175057882416,3.3333333333333335,1
2023-12-14T03:00,827.4099434445084,555.2768145948655,3.3333333333333335,1
2023-12-14T04:00,827.9155407684673,555.6161221820415,3.3333333333333335,1
2023-12-14T05:00,827.9155407684673,555.6161221820415,3.3333333333333335,1
2023-12-14T06:00,826.3978208106837,554.5975766469265,3.3333333333333335,1
2023-12-14T07:00,825.3844570686132,553.9175057882416,3.3333333333333335,1
2023-12-14T08:00,825.3844570686132,553.9175057882416,3.3333333333333335,1
2023-12-14T09:00,832.452098238591,558.6606168744187,3.3333333333333335,1
2023-12-14T10:00,829.9348499649468,556.9712854686168,3.3333333333333335,1
2023-12-14T11:00,826.3978208106837,554.5975766469265,3.3333333333333335,1
2023-12-14T12:00,825.8912943635792,554.2576455229599,3.3333333333333335,1
2023-12-14T13:00,827.9155407684673,555.6161221820415,3.3333333333333335,1
2023-12-14T14:00,830.9426643617094,557.6476321482414,3.3333333333333335,1
2023-12-14T15:00,832.9546350173771,558.9978705223256,3.3333333333333335,1
2023-12-14T16:00,835.4627847321663,560.6810958632699,3.3333333333333335,1
2023-12-14T17:00,837.46389606527,562.024046519712,3.3333333333333335,1
2023-12-14T18:00,839.4602371483813,563.3637958498447,3.3333333333333335,1
2023-12-14T19:00,841.9490070240066,565.0340153338453,3.3333333333333335,1
2023-12-14T20:00,843.4387439725587,566.0337814037725,3.3333333333333335,1
2023-12-14T21:00,852.8133145072754,572.3250783672125,3.3333333333333335,1
2023-12-14T22:00,854.28410602456,573.3121301123861,3.3333333333333335,1
2023-12-14T23:00,854.7738074726439,573.6407699388094,3.3333333333333335,1
2023-12-15T00:00,854.28410602456,573.3121301123861,3.3333333333333335,1
2023-12-15T01:00,855.7523696791485,574.2974854027894,3.3333333333333335,1
2023-12-15T02:00,856.2412313983583,574.6255616851339,3.3333333333333335,1
2023-12-15T03:00,857.2181184603919,575.2811529556072,3.3333333333333335,1
2023-12-15T04:00,857.7061447558094,575.6086685830238,3.3333333333333335,1
2023-12-15T05:00,858.1938935269653,575.935997963237,3.3333333333333335,1
2023-12-15T06:00,858.1938935269653,575.935997963237,3.3333333333333335,1
2023-12-15T07:00,860.142122807253,577.2434593461098,3.3333333333333335,1
2023-12-15T08:00,859.655479417347,576.9168717899273,3.3333333333333335,1
2023-12-15T09:00,855.7523696791485,574.2974854027894,3.3333333333333335,1
2023-12-15T10:00,855.2632285304795,573.9692215946588,3.3333333333333335,1
2023-12-15T11:00,854.28410602456,573.3121301123861,3.3333333333333335,1
2023-12-15T12:00,852.3224866597069,571.9956826113703,3.3333333333333335,1
2023-12-15T13:00,850.8483042590434,571.0063552361582,3.3333333333333335,1
2023-12-15T14:00,852.3224866597069,571.9956826113703,3.3333333333333335,1
2023-12-15T15:00,853.3038600264175,572.6542846517648,3.3333333333333335,1
2023-12-15T16:00,855.7523696791485,574.2974854027894,3.3333333333333335,1
2023-12-15T17:00,860.6284910241274,577.5698622330051,3.3333333333333335,1
2023-12-15T18:00,862.0859492926229,578.5479660026626,3.3333333333333335,1
2023-12-15T19:00,864.025402698415,579.849537874932,3.3333333333333335,1
2023-12-15T20:00,864.9934986913809,580.4992294376879,3.3333333333333335,1
2023-12-15T21:00,864.9934986913809,580.4992294376879,3.3333333333333335,1
2023-12-15T22:00,866.9264474675756,581.7964360372994,3.3333333333333335,1
2023-12-15T23:00,867.4090116282226,582.1202860128583,3.3333333333333335,1
2023-12-16T00:00,868.3733354520092,582.7674460637528,3.3333333333333335,1
2023-12-16T01:00,868.8550960080435,583.0907567383122,3.3333333333333335,1
2023-12-16T02:00,871.7400682942935,585.026868618518,3.3333333333333335,1
2023-12-16T03:00,871.2599029765117,584.7046285122088,3.3333333333333335,1
2023-12-16T04:00,868.8550960080435,583.0907567383122,3.3333333333333335,1
2023-12-16T05:00,868.3733354520092,582.7674460637528,3.3333333333333335,1
2023-12-16T06:00,868.8550960080435,583.0907567383122,3.3333333333333335,1
2023-12-16T07:00,868.8550960080435,583.0907567383122,3.3333333333333335,1
2023-12-16T08:00,867.8913074740113,582.4439559216668,3.3333333333333335,1
2023-12-16T09:00,866.443614543758,581.4724056941266,3.3333333333333335,1
2023-12-16T10:00,864.025402698415,579.849537874932,3.3333333333333335,1
2023-12-16T11:00,861.1145845342332,577.8960807635236,3.3333333333333335,1
2023-12-16T12:00,858.1938935269653,575.935997963237,3.3333333333333335,1
2023-12-16T13:00,856.2412313983583,574.6255616851339,3.3333333333333335,1
2023-12-16T14:00,850.8483042590434,571.0063552361582,3.3333333333333335,1
2023-12-16T15:00,849.3715632484957,570.0153107716636,3.3333333333333335,1
2023-12-16T16:00,849.8640953648365,570.3458502664017,3.3333333333333335,1
2023-12-16T17:00,851.8313759956765,571.6660970567162,3.3333333333333335,1
2023-12-16T18:00,859.655479417347,576.9168717899273,3.3333333333333335,1
2023-12-16T19:00,862.0859492926229,578.5479660026626,3.3333333333333335,1
2023-12-16T20:00,862.0859492926229,578.5479660026626,3.3333333333333335,1
2023-12-16T21:00,864.5095862066869,580.1744745985993,3.3333333333333335,1
2023-12-16T22:00,863.5409477106799,579.5244189607403,3.3333333333333335,1
2023-12-16T23:00,864.5095862066869,580.1744745985993,3.3333333333333335,1
2023-12-17T00:00,864.9934986913809,580.4992294376879,3.3333333333333335,1
2023-12-17T01:00,866.9264474675756,581.7964360372994,3.3333333333333335,1
2023-12-17T02:00,867.8913074740113,582.4439559216668,3.3333333333333335,1
2023-12-17T03:00,868.8550960080435,583.0907567383122,3.3333333333333335,1
2023-12-17T04:00,869.8178166313589,583.7368408774922,3.3333333333333335,1
2023-12-17T05:00,872.2199692765802,585.3489313286369,3.3333333333333335,1
2023-12-17T06:00,877.0045359950122,588.5598656275015,3.3333333333333335,1
2023-12-17T07:00,878.9110698450794,589.8393451062897,3.3333333333333335,1
2023-12-17T08:00,878.4348243103317,589.5197355758569,3.3333333333333335,1
2023-12-17T09:00,870.2987775841369,584.059614936372,3.3333333333333335,1
2023-12-17T10:00,863.5409477106799,579.5244189607403,3.3333333333333335,1
2023-12-17T11:00,856.7298141664476,574.9534507627067,3.3333333333333335,1
2023-12-17T12:00,851.8313759956765,571.6660970567162,3.3333333333333335,1
2023-12-17T13:00,848.8787453577186,569.68457949301,3.3333333333333335,1
2023-12-17T14:00,848.3856411944957,569.3536560962256,3.3333333333333335,1
2023-12-17T15:00,852.3224866597069,571.9956826113703,3.3333333333333335,1
2023-12-17T16:00,853.3038600264175,572.6542846517648,3.3333333333333335,1
2023-12-17T17:00,853.7941237037666,572.983301791608,3.3333333333333335,1
2023-12-17T18:00,853.7941237037666,572.983301791608,3.3333333333333335,1
2023-12-17T19:00,853.3038600264175,572.6542846517648,3.3333333333333335,1
2023-12-17T20:00,852.8133145072754,572.3250783672125,3.3333333333333335,1
2023-12-17T21:00,859.1685603868253,576.5900992506608,3.3333333333333335,1
2023-12-17T22:00,858.1938935269653,575.935997963237,3.3333333333333335,1
2023-12-17T23:00,858.6813652467782,576.2631414136239,3.3333333333333335,1
2023-12-18T00:00,858.6813652467782,576.2631414136239,3.3333333333333335,1
2023-12-18T01:00,860.142122807253,577.2434593461098,3.3333333333333335,1
2023-12-18T02:00,861.1145845342332,577.8960807635236,3.3333333333333335,1
2023-12-18T03:00,862.0859492926229,578.5479660026626,3.3333333333333335,1
2023-12-18T04:00,862.5712214668779,578.8736333327047,3.3333333333333335,1
2023-12-18T05:00,864.025402698415,579.849537874932,3.3333333333333335,1
2023-12-18T06:00,864.9934986913809,580.4992294376879,3.3333333333333335,1
2023-12-18T07:00,866.443614543758,581.4724056941266,3.3333333333333335,1
2023-12-18T08:00,866.9264474675756,581.7964360372994,3.3333333333333335,1
2023-12-18T09:00,866.9264474675756,581.7964360372994,3.3333333333333335,1
2023-12-18T10:00,866.9264474675756,581.7964360372994,3.3333333333333335,1
2023-12-18T11:00,865.9605124072076,581.1481946816374,3.3333333333333335,1
2023-12-18T12:00,864.9934986913809,580.4992294376879,3.3333333333333335,1
2023-12-18T13:00,863.5409477106799,579.5244189607403,3.3333333333333335,1
2023-12-18T14:00,862.5712214668779,578.8736333327047,3.3333333333333335,1
2023-12-18T15:00,862.5712214668779,578.8736333327047,3.3333333333333335,1
2023-12-18T16:00,861.1145845342332,577.8960807635236,3.3333333333333335,1
2023-12-18T17:00,862.5712214668779,578.8736333327047,3.3333333333333335,1
2023-12-18T18:00,863.5409477106799,579.5244189607403,3.3333333333333335,1
2023-12-18T19:00,863.5409477106799,579.5244189607403,3.3333333333333335,1
2023-12-18T20:00,863.5409477106799,579.5244189607403,3.3333333333333335,1
2023-12-18T21:00,867.4090116282226,582.1202860128583,3.3333333333333335,1
2023-12-18T22:00,868.8550960080435,583.0907567383122,3.3333333333333335,1
2023-12-18T23:00,872.2199692765802,585.3489313286369,3.3333333333333335,1
2023-12-19T00:00,877.0045359950122,588.5598656275015,3.3333333333333335,1
2023-12-19T01:00,878.4348243103317,589.5197355758569,3.3333333333333335,1
2023-12-19T02:00,881.2884371031519,591.4348020241617,3.3333333333333335,1
2023-12-19T03:00,882.2375902453452,592.0717809939404,3.3333333333333335,1
2023-12-19T04:00,883.1857233402901,592.7080754075429,3.3333333333333335,1
2023-12-19T05:00,883.1857233402901,592.7080754075429,3.3333333333333335,1
2023-12-19T06:00,883.1857233402901,592.7080754075429,3.3333333333333335,1
2023-12-19T07:00,882.2375902453452,592.0717809939404,3.3333333333333335,1
2023-12-19T08:00,877.4815578067299,588.8799961192867,3.3333333333333335,1
2023-12-19T09:00,871.7400682942935,585.026868618518,3.3333333333333335,1
2023-12-19T10:00,864.5095862066869,580.1744745985993,3.3333333333333335,1
2023-12-19T11:00,858.1938935269653,575.935997963237,3.3333333333333335,1
2023-12-19T12:00,853.3038600264175,572.6542846517648,3.3333333333333335,1
2023-12-19T13:00,848.8787453577186,569.68457949301,3.3333333333333335,1
2023-12-19T14:00,845.4209764220442,567.3640623957496,3.3333333333333335,1
2023-12-19T15:00,843.4387439725587,566.0337814037725,3.3333333333333335,1
2023-12-19T16:00,843.9347385723057,566.3666445795005,3.3333333333333335,1
2023-12-19T17:00,845.4209764220442,567.3640623957496,3.3333333333333335,1
2023-12-19T18:00,854.28410602456,573.3121301123861,3.3333333333333335,1
2023-12-19T19:00,850.3563422033088,570.676198310472,3.3333333333333335,1
2023-12-19T20:00,865.4771406071073,580.8238026972878,3.3333333333333335,1
2023-12-19T21:00,862.5712214668779,578.8736333327047,3.3333333333333335,1
2023-12-19T22:00,864.025402698415,579.849537874932,3.3333333333333335,1
2023-12-19T23:00,865.9605124072076,581.1481946816374,3.3333333333333335,1
2023-12-20T00:00,868.3733354520092,582.7674460637528,3.3333333333333335,1
2023-12-20T01:00,870.7794728859551,584.38221071625,3.3333333333333335,1
2023-12-20T02:00,870.7794728859551,584.38221071625,3.3333333333333335,1
2023-12-20T03:00,870.7794728859551,584.38221071625,3.3333333333333335,1
2023-12-20T04:00,868.8550960080435,583.0907567383122,3.3333333333333335,1
2023-12-20T05:00,868.3733354520092,582.7674460637528,3.3333333333333335,1
2023-12-20T06:00,872.2199692765802,585.3489313286369,3.3333333333333335,1
2023-12-20T07:00,876.0497131359779,587.9190816970355,3.3333333333333335,1
2023-12-20T08:00,875.5719112388942,587.5984276880743,3.3333333333333335,1
2023-12-20T09:00,868.3733354520092,582.7674460637528,3.3333333333333335,1
2023-12-20T10:00,860.6284910241274,577.5698622330051,3.3333333333333335,1
2023-12-20T11:00,853.3038600264175,572.6542846517648,3.3333333333333335,1
2023-12-20T12:00,847.3985720514272,568.6912316065388,3.3333333333333335,1
2023-12-20T13:00,843.4387439725587,566.0337814037725,3.3333333333333335,1
2023-12-20T14:00,841.9490070240066,565.0340153338453,3.3333333333333335,1
2023-12-20T15:00,840.4566294719879,564.0324771485439,3.3333333333333335,1
2023-12-20T16:00,841.9490070240066,565.0340153338453,3.3333333333333335,1
2023-12-20T17:00,848.3856411944957,569.3536560962256,3.3333333333333335,1
2023-12-20T18:00,855.7523696791485,574.2974854027894,3.3333333333333335,1
2023-12-20T19:00,859.1685603868253,576.5900992506608,3.3333333333333335,1
2023-12-20T20:00,863.5409477106799,579.5244189607403,3.3333333333333335,1
2023-12-20T21:00,869.8178166313589,583.7368408774922,3.3333333333333335,1
2023-12-20T22:00,872.2199692765802,585.3489313286369,3.3333333333333335,1
2023-12-20T23:00,874.1369385543856,586.6354140482242,3.3333333333333335,1
2023-12-21T00:00,875.5719112388942,587.5984276880743,3.3333333333333335,1
2023-12-21T01:00,877.0045359950122,588.5598656275015,3.3333333333333335,1
2023-12-21T02:00,878.4348243103317,589.5197355758569,3.3333333333333335,1
2023-12-21T03:00,878.9110698450794,589.8393451062897,3.3333333333333335,1
2023-12-21T04:00,880.3382606143609,590.797136284006,3.3333333333333335,1
2023-12-21T05:00,882.2375902453452,592.0717809939404,3.3333333333333335,1
2023-12-21T06:00,883.1857233402901,592.7080754075429,3.3333333333333335,1
2023-12-21T07:00,884.1328396696445,593.3436874672981,3.3333333333333335,1
2023-12-21T08:00,882.711784093207,592.3900136323408,3.3333333333333335,1
2023-12-21T09:00,875.5719112388942,587.5984276880743,3.3333333333333335,1
2023-12-21T10:00,870.2987775841369,584.059614936372,3.3333333333333335,1
2023-12-21T11:00,865.9605124072076,581.1481946816374,3.3333333333333335,1
2023-12-21T12:00,862.5712214668779,578.8736333327047,3.3333333333333335,1
2023-12-21T13:00,859.655479417347,576.9168717899273,3.3333333333333335,1
2023-12-21T14:00,858.1938935269653,575.935997963237,3.3333333333333335,1
2023-12-21T15:00,858.6813652467782,576.2631414136239,3.3333333333333335,1
2023-12-21T16:00,861.6004038025192,578.2221152496933,3.3333333333333335,1
2023-12-21T17:00,866.443614543758,581.4724056941266,3.3333333333333335,1
2023-12-21T18:00,872.2199692765802,585.3489313286369,3.3333333333333335,1
2023-12-21T19:00,874.6155243764729,586.9565941511518,3.3333333333333335,1
2023-12-21T20:00,875.5719112388942,587.5984276880743,3.3333333333333335,1
2023-12-21T21:00,877.4815578067299,588.8799961192867,3.3333333333333335,1
2023-12-21T22:00,881.2884371031519,591.4348020241617,3.3333333333333335,1
2023-12-21T23:00,884.6060175679386,593.6612382994861,3.3333333333333335,1
2023-12-22T00:00,886.0240350705529,594.6128732757514,3.3333333333333335,1
2023-12-22T01:00,887.9112023525212,595.8793558038396,3.3333333333333335,1
2023-12-22T02:00,888.3823677888922,596.1955560679628,3.3333333333333335,1
2023-12-22T03:00,888.8532834688173,596.511588719931,3.3333333333333335,1
2023-12-22T04:00,890.2645359322104,597.4586836620099,3.3333333333333335,1
2023-12-22T05:00,890.2645359322104,597.4586836620099,3.3333333333333335,1
2023-12-22T06:00,890.2645359322104,597.4586836620099,3.3333333333333335,1
2023-12-22T07:00,890.7344565434149,597.7740485209525,3.3333333333333335,1
2023-12-22T08:00,887.4397867618968,595.562987660592,3.3333333333333335,1
2023-12-22T09:00,881.2884371031519,591.4348020241617,3.3333333333333335,1
2023-12-22T10:00,875.0938484616557,587.2775986018098,3.3333333333333335,1
2023-12-22T11:00,870.7794728859551,584.38221071625,3.3333333333333335,1
2023-12-22T12:00,865.9605124072076,581.1481946816374,3.3333333333333335,1
2023-12-22T13:00,863.0562207863173,579.19911754922,3.3333333333333335,1
2023-12-22T14:00,860.6284910241274,577.5698622330051,3.3333333333333335,1
2023-12-22T15:00,859.1685603868253,576.5900992506608,3.3333333333333335,1
2023-12-22T16:00,860.142122807253,577.2434593461098,3.3333333333333335,1
2023-12-22T17:00,869.8178166313589,583.7368408774922,3.3333333333333335,1
2023-12-22T18:00,875.0938484616557,587.2775986018098,3.3333333333333335,1
2023-12-22T19:00,870.7794728859551,584.38221071625,3.3333333333333335,1
2023-12-22T20:00,864.9934986913809,580.4992294376879,3.3333333333333335,1
2023-12-22T21:00,866.9264474675756,581.7964360372994,3.3333333333333335,1
2023-12-22T22:00,866.9264474675756,581.7964360372994,3.3333333333333335,1
2023-12-22T23:00,869.3365895867062,583.4138882437117,3.3333333333333335,1
2023-12-23T00:00,870.7794728859551,584.38221071625,3.3333333333333335,1
2023-12-23T01:00,866.9264474675756,581.7964360372994,3.3333333333333335,1
2023-12-23T02:00,869.8178166313589,583.7368408774922,3.3333333333333335,1
2023-12-23T03:00,867.4090116282226,582.1202860128583,3.3333333333333335,1
2023-12-23T04:00,869.8178166313589,583.7368408774922,3.3333333333333335,1
2023-12-23T05:00,870.7794728859551,584.38221071625,3.3333333333333335,1
2023-12-23T06:00,868.8550960080435,583.0907567383122,3.3333333333333335,1
2023-12-23T07:00,870.7794728859551,584.38221071625,3.3333333333333335,1
2023-12-23T08:00,876.5272545795298,588.2395609150018,3.3333333333333335,1
2023-12-23T09:00,866.9264474675756,581.7964360372994,3.3333333333333335,1
2023-12-23T10:00,860.142122807253,577.2434593461098,3.3333333333333335,1
2023-12-23T11:00,854.28410602456,573.3121301123861,3.3333333333333335,1
2023-12-23T12:00,849.3715632484957,570.0153107716636,3.3333333333333335,1
2023-12-23T13:00,844.9258542850395,567.0317847318785,3.3333333333333335,1
2023-12-23T14:00,842.4458787149532,565.367467127599,3.3333333333333335,1
2023-12-23T15:00,841.4518419336972,564.7003666390697,3.3333333333333335,1
2023-12-23T16:00,841.9490070240066,565.0340153338453,3.3333333333333335,1
2023-12-23T17:00,843.9347385723057,566.3666445795005,3.3333333333333335,1
2023-12-23T18:00,847.8922502593692,569.022540246123,3.3333333333333335,1
2023-12-23T19:00,859.655479417347,576.9168717899273,3.3333333333333335,1
2023-12-23T20:00,858.1938935269653,575.935997963237,3.3333333333333335,1
2023-12-23T21:00,864.025402698415,579.849537874932,3.3333333333333335,1
2023-12-23T22:00,864.025402698415,579.849537874932,3.3333333333333335,1
2023-12-23T23:00,870.7794728859551,584.38221071625,3.3333333333333335,1
2023-12-24T00:00,864.9934986913809,580.4992294376879,3.3333333333333335,1
2023-12-24T01:00,873.1789799777798,585.9925257301106,3.3333333333333335,1
2023-12-24T02:00,878.4348243103317,589.5197355758569,3.3333333333333335,1
2023-12-24T03:00,878.9110698450794,589.8393451062897,3.3333333333333335,1
2023-12-24T04:00,877.0045359950122,588.5598656275015,3.3333333333333335,1
2023-12-24T05:00,875.5719112388942,587.5984276880743,3.3333333333333335,1
2023-12-24T06:00,872.6996063594489,585.6708169352181,3.3333333333333335,1
2023-12-24T07:00,877.4815578067299,588.8799961192867,3.3333333333333335,1
2023-12-24T08:00,872.6996063594489,585.6708169352181,3.3333333333333335,1
2023-12-24T09:00,863.0562207863173,579.19911754922,3.3333333333333335,1
2023-12-24T10:00,852.3224866597069,571.9956826113703,3.3333333333333335,1
2023-12-24T11:00,842.4458787149532,565.367467127599,3.3333333333333335,1
2023-12-24T12:00,834.9617575298446,560.34485529578,3.3333333333333335,1
2023-12-24T13:00,829.9348499649468,556.9712854686168,3.3333333333333335,1
2023-12-24T14:00,826.9040369811637,554.9372995435,3.3333333333333335,1
2023-12-24T15:00,825.8912943635792,554.2576455229599,3.3333333333333335,1
2023-12-24T16:00,827.4099434445084,555.2768145948655,3.3333333333333335,1
2023-12-24T17:00,836.9640667780919,561.6886098759729,3.3333333333333335,1
2023-12-24T18:00,836.463938817821,561.3529727919986,3.3333333333333335,1
2023-12-24T19:00,844.9258542850395,567.0317847318785,3.3333333333333335,1
2023-12-24T20:00,860.142122807253,577.2434593461098,3.3333333333333335,1
2023-12-24T21:00,853.3038600264175,572.6542846517648,3.3333333333333335,1
2023-12-24T22:00,863.5409477106799,579.5244189607403,3.3333333333333335,1
2023-12-24T23:00,864.9934986913809,580.4992294376879,3.3333333333333335,1
2023-12-25T00:00,860.6284910241274,577.5698622330051,3.3333333333333335,1
2023-12-25T01:00,857.2181184603919,575.2811529556072,3.3333333333333335,1
2023-12-25T02:00,863.5409477106799,579.5244189607403,3.3333333333333335,1
2023-12-25T03:00,866.443614543758,581.4724056941266,3.3333333333333335,1
2023-12-25T04:00,873.1789799777798,585.9925257301106,3.3333333333333335,1
2023-12-25T05:00,877.0045359950122,588.5598656275015,3.3333333333333335,1
2023-12-25T06:00,877.4815578067299,588.8799961192867,3.3333333333333335,1
2023-12-25T07:00,877.4815578067299,588.8799961192867,3.3333333333333335,1
2023-12-25T08:00,869.8178166313589,583.7368408774922,3.3333333333333335,1
2023-12-25T09:00,860.142122807253,577.2434593461098,3.3333333333333335,1
2023-12-25T10:00,847.8922502593692,569.022540246123,3.3333333333333335,1
2023-12-25T11:00,835.4627847321663,560.6810958632699,3.3333333333333335,1
2023-12-25T12:00,825.3844570686132,553.9175057882416,3.3333333333333335,1
2023-12-25T13:00,819.2779530472326,549.8194161675306,3.3333333333333335,1
2023-12-25T14:00,816.2075689055268,547.7588739426071,3.3333333333333335,1
2023-12-25T15:00,815.1815376150718,547.0703018615577,3.3333333333333335,1
2023-12-25T16:00,816.7201011814079,548.1028355927941,3.3333333333333335,1
2023-12-25T17:00,832.9546350173771,558.9978705223256,3.3333333333333335,1
2023-12-25T18:00,841.9490070240066,565.0340153338453,3.3333333333333335,1
2023-12-25T19:00,847.3985720514272,568.6912316065388,3.3333333333333335,1
2023-12-25T20:00,851.8313759956765,571.6660970567162,3.3333333333333335,1
2023-12-25T21:00,849.3715632484957,570.0153107716636,3.3333333333333335,1
2023-12-25T22:00,849.3715632484957,570.0153107716636,3.3333333333333335,1
2023-12-25T23:00,846.9046060682981,568.3597298403305,3.3333333333333335,1
2023-12-26T00:00,844.9258542850395,567.0317847318785,3.3333333333333335,1
2023-12-26T01:00,850.8483042590434,571.0063552361582,3.3333333333333335,1
2023-12-26T02:00,851.8313759956765,571.6660970567162,3.3333333333333335,1
2023-12-26T03:00,851.8313759956765,571.6660970567162,3.3333333333333335,1
2023-12-26T04:00,850.3563422033088,570.676198310472,3.3333333333333335,1
2023-12-26T05:00,852.3224866597069,571.9956826113703,3.3333333333333335,1
2023-12-26T06:00,854.28410602456,573.3121301123861,3.3333333333333335,1
2023-12-26T07:00,858.6813652467782,576.2631414136239,3.3333333333333335,1
2023-12-26T08:00,854.7738074726439,573.6407699388094,3.3333333333333335,1
2023-12-26T09:00,842.942457525369,565.7007223685199,3.3333333333333335,1
2023-12-26T10:00,830.4389100478359,557.3095614095921,3.3333333333333335,1
2023-12-26T11:00,819.2779530472326,549.8194161675306,3.3333333333333335,1
2023-12-26T12:00,811.064432821266,544.3073028749362,3.3333333333333335,1
2023-12-26T13:00,805.8884741927345,540.8337045184057,3.3333333333333335,1
2023-12-26T14:00,802.7668802498647,538.7387952720419,3.3333333333333335,1
2023-12-26T15:00,802.2454336990656,538.3888512303934,3.3333333333333335,1
2023-12-26T16:00,803.2879883088004,539.0885121509821,3.3333333333333335,1
2023-12-26T17:00,806.9263219816859,541.5302066801809,3.3333333333333335,1
2023-12-26T18:00,821.3184990548177,551.1888315294118,3.3333333333333335,1
2023-12-26T19:00,827.9155407684673,555.6161221820415,3.3333333333333335,1
2023-12-26T20:00,830.9426643617094,557.6476321482414,3.3333333333333335,1
2023-12-26T21:00,829.9348499649468,556.9712854686168,3.3333333333333335,1
2023-12-26T22:00,834.9617575298446,560.34485529578,3.3333333333333335,1
2023-12-26T23:00,842.4458787149532,565.367467127599,3.3333333333333335,1
2023-12-27T00:00,847.8922502593692,569.022540246123,3.3333333333333335,1
2023-12-27T01:00,851.3399820257407,571.3363213747839,3.3333333333333335,1
2023-12-27T02:00,853.7941237037666,572.983301791608,3.3333333333333335,1
2023-12-27T03:00,853.7941237037666,572.983301791608,3.3333333333333335,1
2023-12-27T04:00,850.8483042590434,571.0063552361582,3.3333333333333335,1
2023-12-27T05:00,851.8313759956765,571.6660970567162,3.3333333333333335,1
2023-12-27T06:00,854.28410602456,573.3121301123861,3.3333333333333335,1
2023-12-27T07:00,857.7061447558094,575.6086685830238,3.3333333333333335,1
2023-12-27T08:00,857.7061447558094,575.6086685830238,3.3333333333333335,1
2023-12-27T09:00,854.28410602456,573.3121301123861,3.3333333333333335,1
2023-12-27T10:00,844.9258542850395,567.0317847318785,3.3333333333333335,1
2023-12-27T11:00,834.9617575298446,560.34485529578,3.3333333333333335,1
2023-12-27T12:00,825.3844570686132,553.9175057882416,3.3333333333333335,1
2023-12-27T13:00,817.2323120195798,548.4465815253569,3.3333333333333335,1
2023-12-27T14:00,812.6107915804333,545.3450679789387,3.3333333333333335,1
2023-12-27T15:00,811.064432821266,544.3073028749362,3.3333333333333335,1
2023-12-27T16:00,812.6107915804333,545.3450679789387,3.3333333333333335,1
2023-12-27T17:00,822.8455877593044,552.2136644531028,3.3333333333333335,1
2023-12-27T18:00,834.9617575298446,560.34485529578,3.3333333333333335,1
2023-12-27T19:00,837.9634272138136,562.3592830818924,3.3333333333333335,1
2023-12-27T20:00,841.4518419336972,564.7003666390697,3.3333333333333335,1
2023-12-27T21:00,847.3985720514272,568.6912316065388,3.3333333333333335,1
2023-12-27T22:00,851.3399820257407,571.3363213747839,3.3333333333333335,1
2023-12-27T23:00,854.7738074726439,573.6407699388094,3.3333333333333335,1
2023-12-28T00:00,856.7298141664476,574.9534507627067,3.3333333333333335,1
2023-12-28T01:00,858.1938935269653,575.935997963237,3.3333333333333335,1
2023-12-28T02:00,859.655479417347,576.9168717899273,3.3333333333333335,1
2023-12-28T03:00,860.6284910241274,577.5698622330051,3.3333333333333335,1
2023-12-28T04:00,861.6004038025192,578.2221152496933,3.3333333333333335,1
2023-12-28T05:00,862.5712214668779,578.8736333327047,3.3333333333333335,1
2023-12-28T06:00,863.0562207863173,579.19911754922,3.3333333333333335,1
2023-12-28T07:00,863.5409477106799,579.5244189607403,3.3333333333333335,1
2023-12-28T08:00,860.6284910241274,577.5698622330051,3.3333333333333335,1
2023-12-28T09:00,852.3224866597069,571.9956826113703,3.3333333333333335,1
2023-12-28T10:00,840.4566294719879,564.0324771485439,3.3333333333333335,1
2023-12-28T11:00,827.4099434445084,555.2768145948655,3.3333333333333335,1
2023-12-28T12:00,817.2323120195798,548.4465815253569,3.3333333333333335,1
2023-12-28T13:00,810.031886975744,543.6143588602223,3.3333333333333335,1
2023-12-28T14:00,805.8884741927345,540.8337045184057,3.3333333333333335,1
2023-12-28T15:00,803.808758534204,539.4380023090217,3.3333333333333335,1
2023-12-28T16:00,804.849288107094,540.1363042224854,3.3333333333333335,1
2023-12-28T17:00,814.154213277973,546.3808620137777,3.3333333333333335,1
2023-12-28T18:00,826.3978208106837,554.5975766469265,3.3333333333333335,1
2023-12-28T19:00,829.430483555578,556.6328039511998,3.3333333333333335,1
2023-12-28T20:00,832.452098238591,558.6606168744187,3.3333333333333335,1
2023-12-28T21:00,836.9640667780919,561.6886098759729,3.3333333333333335,1
2023-12-28T22:00,839.95858105523,563.6982356512517,3.3333333333333335,1
2023-12-28T23:00,842.4458787149532,565.367467127599,3.3333333333333335,1
2023-12-29T00:00,839.4602371483813,563.3637958498447,3.3333333333333335,1
2023-12-29T01:00,838.9615972248776,563.0291573909445,3.3333333333333335,1
2023-12-29T02:00,838.9615972248776,563.0291573909445,3.3333333333333335,1
2023-12-29T03:00,841.4518419336972,564.7003666390697,3.3333333333333335,1
2023-12-29T04:00,842.4458787149532,565.367467127599,3.3333333333333335,1
2023-12-29T05:00,841.9490070240066,565.0340153338453,3.3333333333333335,1
2023-12-29T06:00,841.9490070240066,565.0340153338453,3.3333333333333335,1
2023-12-29T07:00,841.9490070240066,565.0340153338453,3.3333333333333335,1
2023-12-29T08:00,842.4458787149532,565.367467127599,3.3333333333333335,1
2023-12-29T09:00,837.9634272138136,562.3592830818924,3.3333333333333335,1
2023-12-29T10:00,829.9348499649468,556.9712854686168,3.3333333333333335,1
2023-12-29T11:00,823.8620743578094,552.8958310682954,3.3333333333333335,1
2023-12-29T12:00,816.2075689055268,547.7588739426071,3.3333333333333335,1
2023-12-29T13:00,812.6107915804333,545.3450679789387,3.3333333333333335,1
2023-12-29T14:00,807.9628366311714,542.2258141688354,3.3333333333333335,1
2023-12-29T15:00,808.4805956312048,542.5732834862448,3.3333333333333335,1
2023-12-29T16:00,810.031886975744,543.6143588602223,3.3333333333333335,1
2023-12-29T17:00,814.154213277973,546.3808620137777,3.3333333333333335,1
2023-12-29T18:00,820.808838131364,550.8467968507848,3.3333333333333335,1
2023-12-29T19:00,824.877308352794,553.5771570582352,3.3333333333333335,1
2023-12-29T20:00,828.9258102605692,556.2941164820875,3.3333333333333335,1
2023-12-29T21:00,831.446113462343,557.9854980575471,3.3333333333333335,1
2023-12-29T22:00,832.452098238591,558.6606168744187,3.3333333333333335,1
2023-12-29T23:00,832.9546350173771,558.9978705223256,3.3333333333333335,1
2023-12-30T00:00,833.4568687892797,559.3349208215799,3.3333333333333335,1
2023-12-30T01:00,833.9588001017373,559.671768139569,3.3333333333333335,1
2023-12-30T02:00,834.9617575298446,560.34485529578,3.3333333333333335,1
2023-12-30T03:00,837.46389606527,562.024046519712,3.3333333333333335,1
2023-12-30T04:00,837.46389606527,562.024046519712,3.3333333333333335,1
2023-12-30T05:00,840.9543829236595,564.3665206940532,3.3333333333333335,1
2023-12-30T06:00,843.9347385723057,566.3666445795005,3.3333333333333335,1
2023-12-30T07:00,845.9158087596551,567.6961455745462,3.3333333333333335,1
2023-12-30T08:00,844.4304418388793,566.699312240831,3.3333333333333335,1
2023-12-30T09:00,839.4602371483813,563.3637958498447,3.3333333333333335,1
2023-12-30T10:00,832.9546350173771,558.9978705223256,3.3333333333333335,1
2023-12-30T11:00,822.8455877593044,552.2136644531028,3.3333333333333335,1
2023-12-30T12:00,815.1815376150718,547.0703018615577,3.3333333333333335,1
2023-12-30T13:00,810.031886975744,543.6143588602223,3.3333333333333335,1
2023-12-30T14:00,804.849288107094,540.1363042224854,3.3333333333333335,1
2023-12-30T15:00,801.7236479959307,538.0386795827917,3.3333333333333335,1
2023-12-30T16:00,801.7236479959307,538.0386795827917,3.3333333333333335,1
2023-12-30T17:00,808.9980232653766,542.9205304232227,3.3333333333333335,1
2023-12-30T18:00,810.031886975744,543.6143588602223,3.3333333333333335,1
2023-12-30T19:00,815.1815376150718,547.0703018615577,3.3333333333333335,1
2023-12-30T20:00,823.8620743578094,552.8958310682954,3.3333333333333335,1
2023-12-30T21:00,833.9588001017373,559.671768139569,3.3333333333333335,1
2023-12-30T22:00,836.463938817821,561.3529727919986,3.3333333333333335,1
2023-12-30T23:00,841.9490070240066,565.0340153338453,3.3333333333333335,1
2023-12-31T00:00,842.4458787149532,565.367467127599,3.3333333333333335,1
2023-12-31T01:00,841.9490070240066,565.0340153338453,3.3333333333333335,1
2023-12-31T02:00,841.4518419336972,564.7003666390697,3.3333333333333335,1
2023-12-31T03:00,844.9258542850395,567.0317847318785,3.3333333333333335,1
2023-12-31T04:00,847.3985720514272,568.6912316065388,3.3333333333333335,1
2023-12-31T05:00,841.4518419336972,564.7003666390697,3.3333333333333335,1
2023-12-31T06:00,844.4304418388793,566.699312240831,3.3333333333333335,1
2023-12-31T07:00,847.8922502593692,569.022540246123,3.3333333333333335,1
2023-12-31T08:00,847.8922502593692,569.022540246123,3.3333333333333335,1
2023-12-31T09:00,842.942457525369,565.7007223685199,3.3333333333333335,1
2023-12-31T10:00,833.9588001017373,559.671768139569,3.3333333333333335,1
2023-12-31T11:00,822.8455877593044,552.2136644531028,3.3333333333333335,1
2023-12-31T12:00,812.0956658287739,544.999365840883,3.3333333333333335,1
2023-12-31T13:00,803.808758534204,539.4380023090217,3.3333333333333335,1
2023-12-31T14:00,799.6331003751081,536.6357080173103,3.3333333333333335,1
2023-12-31T15:00,797.5370729158064,535.2290589189695,3.3333333333333335,1
2023-12-31T16:00,799.6331003751081,536.6357080173103,3.3333333333333335,1
2023-12-31T17:00,811.064432821266,544.3073028749362,3.3333333333333335,1
2023-12-31T18:00,822.8455877593044,552.2136644531028,3.3333333333333335,1
2023-12-31T19:00,827.9155407684673,555.6161221820415,3.3333333333333335,1
2023-12-31T20:00,832.452098238591,558.6606168744187,3.3333333333333335,1
2023-12-31T21:00,834.4604295005415,560.0084128425752,3.3333333333333335,1
2023-12-31T22:00,837.9634272138136,562.3592830818924,3.3333333333333335,1
2023-12-31T23:00,841.4518419336972,564.7003666390697,3.3333333333333335,1
