datetime,temperature_2m,soil_temperature_0_to_7cm,soil_moisture_0_to_7cm,soil_moisture_7_to_28cm
2023-01-01T00:00,5.6,5.7,0.175,0.211
2023-01-01T01:00,5.7,5.8,0.175,0.211
2023-01-01T02:00,5.2,5.7,0.176,0.211
2023-01-01T03:00,5.1,5.7,0.177,0.211
2023-01-01T04:00,5.1,5.6,0.178,0.211
2023-01-01T05:00,4.9,5.5,0.178,0.211
2023-01-01T06:00,4.9,5.4,0.178,0.211
2023-01-01T07:00,4.6,5.3,0.179,0.211
2023-01-01T08:00,5.0,6.2,0.175,0.21
2023-01-01T09:00,5.8,6.3,0.175,0.21
2023-01-01T10:00,7.1,7.1,0.175,0.21
2023-01-01T11:00,7.6,7.5,0.175,0.21
2023-01-01T12:00,8.1,7.9,0.175,0.21
2023-01-01T13:00,8.4,8.3,0.176,0.21
2023-01-01T14:00,8.4,8.4,0.176,0.21
2023-01-01T15:00,8.6,8.6,0.176,0.21
2023-01-01T16:00,8.6,8.6,0.177,0.21
2023-01-01T17:00,7.9,8.3,0.177,0.21
2023-01-01T18:00,7.1,7.8,0.177,0.21
2023-01-01T19:00,6.8,7.4,0.177,0.21
2023-01-01T20:00,7.8,9.0,0.173,0.207
2023-01-01T21:00,7.7,8.6,0.173,0.207
2023-01-01T22:00,7.3,8.2,0.173,0.207
2023-01-01T23:00,7.2,7.9,0.173,0.207
2023-01-02T00:00,7.1,7.8,0.173,0.207
2023-01-02T01:00,6.7,7.6,0.173,0.207
2023-01-02T02:00,6.7,7.4,0.173,0.207
2023-01-02T03:00,6.6,7.3,0.173,0.207
2023-01-02T04:00,6.4,7.2,0.173,0.207
2023-01-02T05:00,6.1,7.1,0.173,0.207
2023-01-02T06:00,5.7,6.9,0.173,0.207
2023-01-02T07:00,5.5,6.8,0.173,0.207
2023-01-02T08:00,5.9,7.6,0.169,0.205
2023-01-02T09:00,6.3,7.6,0.169,0.205
2023-01-02T10:00,6.8,7.8,0.169,0.205
2023-01-02T11:00,8.2,8.9,0.169,0.205
2023-01-02T12:00,9.4,10.4,0.168,0.205
2023-01-02T13:00,10.3,11.7,0.168,0.205
2023-01-02T14:00,10.6,12.4,0.168,0.205
2023-01-02T15:00,10.9,12.9,0.168,0.204
2023-01-02T16:00,10.6,12.7,0.168,0.204
2023-01-02T17:00,9.8,11.9,0.168,0.204
2023-01-02T18:00,7.0,10.4,0.168,0.204
2023-01-02T19:00,5.9,9.2,0.168,0.204
2023-01-02T20:00,6.4,9.3,0.169,0.205
2023-01-02T21:00,6.9,8.9,0.17,0.205
2023-01-02T22:00,6.8,8.5,0.17,0.205
2023-01-02T23:00,6.7,8.1,0.17,0.205
2023-01-03T00:00,6.2,7.8,0.17,0.205
2023-01-03T01:00,5.6,7.5,0.17,0.205
2023-01-03T02:00,3.3,6.7,0.17,0.205
2023-01-03T03:00,2.8,6.0,0.17,0.205
2023-01-03T04:00,2.2,5.3,0.17,0.205
2023-01-03T05:00,2.1,4.9,0.17,0.205
2023-01-03T06:00,1.7,4.5,0.17,0.205
2023-01-03T07:00,0.8,4.1,0.17,0.205
2023-01-03T08:00,2.0,3.7,0.169,0.205
2023-01-03T09:00,3.9,4.6,0.169,0.205
2023-01-03T10:00,5.7,6.4,0.169,0.205
2023-01-03T11:00,7.6,8.6,0.169,0.204
2023-01-03T12:00,9.1,10.8,0.169,0.204
2023-01-03T13:00,10.1,12.5,0.168,0.204
2023-01-03T14:00,10.5,13.6,0.168,0.204
2023-01-03T15:00,10.6,13.9,0.168,0.204
2023-01-03T16:00,10.6,13.6,0.168,0.204
2023-01-03T17:00,10.1,12.4,0.168,0.204
2023-01-03T18:00,9.6,10.6,0.168,0.204
2023-01-03T19:00,6.5,9.1,0.168,0.204
2023-01-03T20:00,5.8,8.8,0.17,0.205
2023-01-03T21:00,5.3,7.7,0.17,0.205
2023-01-03T22:00,4.0,6.8,0.17,0.205
2023-01-03T23:00,4.2,6.1,0.17,0.205
2023-01-04T00:00,4.3,5.7,0.17,0.205
2023-01-04T01:00,3.8,5.4,0.17,0.205
2023-01-04T02:00,3.0,5.0,0.17,0.205
2023-01-04T03:00,3.0,4.6,0.17,0.205
2023-01-04T04:00,3.2,4.4,0.17,0.205
2023-01-04T05:00,3.0,4.2,0.17,0.205
2023-01-04T06:00,2.7,4.1,0.17,0.205
2023-01-04T07:00,2.2,3.8,0.17,0.205
2023-01-04T08:00,3.3,3.7,0.17,0.204
2023-01-04T09:00,5.1,4.7,0.17,0.204
2023-01-04T10:00,7.1,6.4,0.17,0.204
2023-01-04T11:00,9.0,8.5,0.169,0.204
2023-01-04T12:00,10.5,10.6,0.169,0.204
2023-01-04T13:00,11.4,12.2,0.169,0.204
2023-01-04T14:00,12.1,13.4,0.169,0.204
2023-01-04T15:00,12.3,13.9,0.168,0.204
2023-01-04T16:00,12.1,13.7,0.168,0.204
2023-01-04T17:00,10.6,12.7,0.168,0.204
2023-01-04T18:00,8.3,10.9,0.168,0.204
2023-01-04T19:00,6.8,9.6,0.168,0.204
2023-01-04T20:00,7.6,10.4,0.167,0.203
2023-01-04T21:00,9.1,9.9,0.167,0.202
2023-01-04T22:00,8.8,9.6,0.167,0.202
2023-01-04T23:00,8.7,9.3,0.167,0.202
2023-01-05T00:00,8.4,9.1,0.167,0.202
2023-01-05T01:00,7.9,8.8,0.167,0.202
2023-01-05T02:00,8.0,8.6,0.167,0.202
2023-01-05T03:00,7.8,8.5,0.168,0.202
2023-01-05T04:00,7.4,8.3,0.168,0.202
2023-01-05T05:00,7.4,8.2,0.168,0.202
2023-01-05T06:00,7.3,8.1,0.168,0.202
2023-01-05T07:00,7.3,8.1,0.168,0.202
2023-01-05T08:00,7.4,9.3,0.16,0.196
2023-01-05T09:00,8.4,9.3,0.16,0.196
2023-01-05T10:00,9.5,9.9,0.16,0.196
2023-01-05T11:00,10.6,11.0,0.16,0.196
2023-01-05T12:00,11.3,11.9,0.16,0.196
2023-01-05T13:00,12.4,12.9,0.16,0.195
2023-01-05T14:00,13.0,13.6,0.16,0.195
2023-01-05T15:00,12.9,13.3,0.16,0.195
2023-01-05T16:00,12.4,12.8,0.16,0.195
2023-01-05T17:00,11.8,12.2,0.159,0.195
2023-01-05T18:00,10.9,11.6,0.159,0.195
2023-01-05T19:00,10.1,10.9,0.159,0.195
2023-01-05T20:00,9.2,9.9,0.163,0.197
2023-01-05T21:00,9.1,9.7,0.163,0.197
2023-01-05T22:00,8.6,9.4,0.163,0.197
2023-01-05T23:00,8.0,9.0,0.163,0.197
2023-01-06T00:00,6.2,8.3,0.163,0.197
2023-01-06T01:00,4.9,7.6,0.163,0.197
2023-01-06T02:00,4.3,6.9,0.163,0.197
2023-01-06T03:00,4.0,6.3,0.163,0.197
2023-01-06T04:00,3.6,5.9,0.163,0.197
2023-01-06T05:00,2.7,5.4,0.163,0.197
2023-01-06T06:00,2.5,4.9,0.163,0.197
2023-01-06T07:00,2.0,4.6,0.163,0.197
2023-01-06T08:00,3.8,4.2,0.164,0.198
2023-01-06T09:00,5.8,5.3,0.164,0.197
2023-01-06T10:00,8.2,7.2,0.164,0.197
2023-01-06T11:00,10.9,9.3,0.164,0.197
2023-01-06T12:00,13.1,11.5,0.163,0.197
2023-01-06T13:00,14.9,13.4,0.163,0.197
2023-01-06T14:00,16.0,14.8,0.163,0.197
2023-01-06T15:00,16.4,15.5,0.163,0.197
2023-01-06T16:00,16.2,15.4,0.162,0.197
2023-01-06T17:00,13.9,14.4,0.162,0.197
2023-01-06T18:00,10.1,12.6,0.162,0.197
2023-01-06T19:00,9.2,11.1,0.162,0.197
2023-01-06T20:00,8.6,12.1,0.159,0.194
2023-01-06T21:00,8.6,10.9,0.159,0.194
2023-01-06T22:00,8.1,9.9,0.159,0.194
2023-01-06T23:00,7.3,9.0,0.159,0.194
2023-01-07T00:00,6.1,8.2,0.159,0.194
2023-01-07T01:00,5.2,7.5,0.159,0.194
2023-01-07T02:00,4.9,6.9,0.159,0.194
2023-01-07T03:00,4.3,6.3,0.159,0.194
2023-01-07T04:00,4.7,5.8,0.159,0.194
2023-01-07T05:00,4.0,5.4,0.159,0.194
2023-01-07T06:00,3.5,5.1,0.159,0.194
2023-01-07T07:00,3.3,4.8,0.159,0.194
2023-01-07T08:00,4.7,4.5,0.159,0.194
2023-01-07T09:00,7.1,5.7,0.159,0.194
2023-01-07T10:00,9.6,7.8,0.159,0.194
2023-01-07T11:00,12.2,10.2,0.159,0.194
2023-01-07T12:00,14.4,12.6,0.159,0.194
2023-01-07T13:00,16.0,14.6,0.158,0.193
2023-01-07T14:00,17.0,15.9,0.158,0.193
2023-01-07T15:00,17.6,16.7,0.158,0.193
2023-01-07T16:00,17.6,16.6,0.158,0.193
2023-01-07T17:00,15.2,15.6,0.158,0.193
2023-01-07T18:00,12.0,13.9,0.158,0.193
2023-01-07T19:00,10.7,12.4,0.158,0.193
2023-01-07T20:00,10.3,13.9,0.148,0.186
2023-01-07T21:00,10.3,12.4,0.148,0.186
2023-01-07T22:00,9.4,11.2,0.148,0.186
2023-01-07T23:00,8.8,10.3,0.148,0.186
2023-01-08T00:00,7.7,9.4,0.148,0.186
2023-01-08T01:00,6.7,8.6,0.148,0.186
2023-01-08T02:00,5.7,7.9,0.148,0.186
2023-01-08T03:00,5.1,7.2,0.148,0.186
2023-01-08T04:00,4.9,6.7,0.148,0.186
2023-01-08T05:00,5.2,6.4,0.148,0.186
2023-01-08T06:00,4.9,6.2,0.149,0.186
2023-01-08T07:00,4.8,5.9,0.149,0.186
2023-01-08T08:00,5.8,5.6,0.149,0.186
2023-01-08T09:00,7.7,6.7,0.149,0.186
2023-01-08T10:00,10.2,8.8,0.149,0.186
2023-01-08T11:00,13.1,11.4,0.148,0.186
2023-01-08T12:00,15.6,13.9,0.148,0.185
2023-01-08T13:00,17.2,16.1,0.148,0.185
2023-01-08T14:00,18.4,17.8,0.148,0.185
2023-01-08T15:00,18.9,18.5,0.148,0.185
2023-01-08T16:00,18.8,18.4,0.148,0.185
2023-01-08T17:00,16.0,17.1,0.148,0.185
2023-01-08T18:00,12.8,15.1,0.148,0.185
2023-01-08T19:00,11.6,13.5,0.148,0.185
2023-01-08T20:00,10.9,14.4,0.137,0.177
2023-01-08T21:00,10.2,12.9,0.137,0.177
2023-01-08T22:00,9.1,11.7,0.137,0.177
2023-01-08T23:00,8.6,10.7,0.137,0.177
2023-01-09T00:00,8.2,9.9,0.137,0.177
2023-01-09T01:00,7.2,9.2,0.137,0.177
2023-01-09T02:00,6.8,8.6,0.137,0.177
2023-01-09T03:00,6.6,8.1,0.137,0.177
2023-01-09T04:00,6.1,7.7,0.137,0.177
2023-01-09T05:00,5.6,7.2,0.137,0.177
2023-01-09T06:00,5.5,6.9,0.137,0.177
2023-01-09T07:00,5.6,6.7,0.137,0.177
2023-01-09T08:00,5.9,6.2,0.136,0.176
2023-01-09T09:00,7.8,7.2,0.136,0.176
2023-01-09T10:00,10.1,8.9,0.136,0.176
2023-01-09T11:00,12.8,11.3,0.136,0.176
2023-01-09T12:00,15.3,13.7,0.136,0.176
2023-01-09T13:00,17.2,15.8,0.136,0.176
2023-01-09T14:00,18.1,17.2,0.136,0.176
2023-01-09T15:00,18.1,17.9,0.136,0.176
2023-01-09T16:00,17.4,17.7,0.136,0.176
2023-01-09T17:00,15.6,16.7,0.136,0.176
2023-01-09T18:00,13.0,15.1,0.136,0.176
2023-01-09T19:00,11.8,13.8,0.136,0.176
2023-01-09T20:00,10.4,13.1,0.135,0.175
2023-01-09T21:00,9.9,12.1,0.135,0.175
2023-01-09T22:00,9.2,11.2,0.135,0.175
2023-01-09T23:00,8.6,10.5,0.135,0.175
2023-01-10T00:00,7.8,9.9,0.135,0.175
2023-01-10T01:00,7.0,9.2,0.135,0.175
2023-01-10T02:00,6.3,8.7,0.135,0.175
2023-01-10T03:00,5.9,8.1,0.135,0.175
2023-01-10T04:00,5.1,7.7,0.135,0.175
2023-01-10T05:00,4.7,7.2,0.135,0.175
2023-01-10T06:00,4.4,6.8,0.135,0.175
2023-01-10T07:00,4.1,6.4,0.135,0.175
2023-01-10T08:00,4.2,6.2,0.134,0.174
2023-01-10T09:00,5.4,6.9,0.134,0.174
2023-01-10T10:00,7.4,8.5,0.134,0.174
2023-01-10T11:00,9.5,10.6,0.134,0.174
2023-01-10T12:00,11.2,12.9,0.134,0.173
2023-01-10T13:00,12.4,15.0,0.134,0.173
2023-01-10T14:00,13.3,16.5,0.134,0.173
2023-01-10T15:00,13.9,17.2,0.134,0.173
2023-01-10T16:00,13.9,17.0,0.134,0.173
2023-01-10T17:00,13.3,16.0,0.134,0.173
2023-01-10T18:00,10.4,14.1,0.134,0.173
2023-01-10T19:00,9.0,12.5,0.134,0.173
2023-01-10T20:00,8.1,10.9,0.139,0.177
2023-01-10T21:00,6.9,9.9,0.139,0.177
2023-01-10T22:00,6.7,9.1,0.139,0.177
2023-01-10T23:00,6.3,8.6,0.139,0.177
2023-01-11T00:00,5.9,8.1,0.139,0.177
2023-01-11T01:00,5.6,7.6,0.139,0.177
2023-01-11T02:00,5.7,7.2,0.139,0.177
2023-01-11T03:00,5.7,6.9,0.139,0.177
2023-01-11T04:00,5.7,6.7,0.139,0.177
2023-01-11T05:00,5.4,6.5,0.139,0.177
2023-01-11T06:00,5.1,6.2,0.139,0.177
2023-01-11T07:00,5.1,6.1,0.139,0.177
2023-01-11T08:00,5.3,4.8,0.139,0.177
2023-01-11T09:00,6.9,6.0,0.139,0.177
2023-01-11T10:00,9.0,7.9,0.139,0.177
2023-01-11T11:00,11.2,10.2,0.139,0.177
2023-01-11T12:00,13.3,12.6,0.139,0.177
2023-01-11T13:00,14.6,14.8,0.139,0.177
2023-01-11T14:00,15.4,16.3,0.139,0.176
2023-01-11T15:00,15.9,17.1,0.139,0.176
2023-01-11T16:00,15.9,17.0,0.139,0.176
2023-01-11T17:00,15.0,16.1,0.139,0.176
2023-01-11T18:00,12.1,14.4,0.139,0.176
2023-01-11T19:00,11.4,13.1,0.139,0.176
2023-01-11T20:00,10.7,12.3,0.14,0.177
2023-01-11T21:00,10.6,11.6,0.14,0.177
2023-01-11T22:00,10.4,10.9,0.14,0.177
2023-01-11T23:00,10.2,10.6,0.14,0.177
2023-01-12T00:00,9.9,10.2,0.14,0.177
2023-01-12T01:00,9.9,10.1,0.14,0.177
2023-01-12T02:00,9.6,9.9,0.14,0.177
2023-01-12T03:00,9.8,9.8,0.14,0.177
2023-01-12T04:00,10.4,9.9,0.14,0.177
2023-01-12T05:00,10.8,10.1,0.141,0.177
2023-01-12T06:00,10.9,10.3,0.141,0.177
2023-01-12T07:00,11.1,10.4,0.148,0.177
2023-01-12T08:00,10.9,9.8,0.18,0.177
2023-01-12T09:00,11.6,10.4,0.18,0.177
2023-01-12T10:00,12.6,11.3,0.183,0.177
2023-01-12T11:00,12.9,11.9,0.183,0.177
2023-01-12T12:00,14.6,13.1,0.183,0.177
2023-01-12T13:00,15.8,14.4,0.183,0.177
2023-01-12T14:00,16.6,15.6,0.184,0.177
2023-01-12T15:00,17.4,16.5,0.183,0.177
2023-01-12T16:00,17.4,16.7,0.183,0.177
2023-01-12T17:00,16.9,16.4,0.183,0.177
2023-01-12T18:00,15.1,15.5,0.183,0.177
2023-01-12T19:00,14.2,14.6,0.183,0.177
2023-01-12T20:00,13.9,13.2,0.207,0.173
2023-01-12T21:00,13.5,12.9,0.207,0.173
2023-01-12T22:00,13.2,12.6,0.207,0.173
2023-01-12T23:00,13.3,12.6,0.207,0.173
2023-01-13T00:00,13.9,12.8,0.207,0.173
2023-01-13T01:00,14.1,12.9,0.207,0.173
2023-01-13T02:00,13.4,12.7,0.207,0.173
2023-01-13T03:00,13.6,12.6,0.207,0.174
2023-01-13T04:00,13.8,12.8,0.207,0.174
2023-01-13T05:00,13.5,12.9,0.228,0.174
2023-01-13T06:00,13.1,12.8,0.251,0.174
2023-01-13T07:00,13.2,12.8,0.255,0.174
2023-01-13T08:00,13.4,12.0,0.245,0.174
2023-01-13T09:00,14.2,12.8,0.248,0.174
2023-01-13T10:00,15.1,13.9,0.248,0.174
2023-01-13T11:00,16.7,15.3,0.248,0.174
2023-01-13T12:00,17.1,16.1,0.248,0.174
2023-01-13T13:00,18.0,17.0,0.248,0.174
2023-01-13T14:00,18.6,17.8,0.247,0.174
2023-01-13T15:00,18.4,18.0,0.246,0.174
2023-01-13T16:00,16.5,17.6,0.245,0.174
2023-01-13T17:00,14.2,16.8,0.245,0.175
2023-01-13T18:00,12.4,15.6,0.245,0.175
2023-01-13T19:00,10.8,14.5,0.252,0.175
2023-01-13T20:00,9.3,11.5,0.267,0.172
2023-01-13T21:00,9.0,10.9,0.271,0.173
2023-01-13T22:00,8.5,10.4,0.271,0.173
2023-01-13T23:00,8.3,10.1,0.281,0.173
2023-01-14T00:00,7.9,9.8,0.281,0.173
2023-01-14T01:00,7.7,9.6,0.281,0.173
2023-01-14T02:00,7.7,9.4,0.281,0.174
2023-01-14T03:00,7.6,9.4,0.28,0.174
2023-01-14T04:00,7.6,9.3,0.28,0.174
2023-01-14T05:00,7.5,9.3,0.279,0.174
2023-01-14T06:00,7.4,9.2,0.279,0.175
2023-01-14T07:00,7.2,9.1,0.279,0.175
2023-01-14T08:00,6.6,8.9,0.305,0.177
2023-01-14T09:00,6.1,8.9,0.304,0.178
2023-01-14T10:00,5.4,9.1,0.302,0.178
2023-01-14T11:00,5.1,9.1,0.301,0.179
2023-01-14T12:00,4.8,9.1,0.299,0.179
2023-01-14T13:00,4.4,9.1,0.298,0.179
2023-01-14T14:00,4.3,9.0,0.296,0.18
2023-01-14T15:00,3.9,8.7,0.295,0.18
2023-01-14T16:00,3.0,8.2,0.294,0.18
2023-01-14T17:00,2.2,7.7,0.293,0.18
2023-01-14T18:00,1.8,7.1,0.292,0.181
2023-01-14T19:00,1.4,6.6,0.291,0.181
2023-01-14T20:00,1.2,5.8,0.295,0.182
2023-01-14T21:00,0.6,5.6,0.294,0.183
2023-01-14T22:00,0.1,5.2,0.293,0.183
2023-01-14T23:00,-0.1,4.8,0.292,0.183
2023-01-15T00:00,-0.3,4.6,0.291,0.183
2023-01-15T01:00,-0.8,4.3,0.29,0.184
2023-01-15T02:00,-1.0,4.0,0.29,0.184
2023-01-15T03:00,-1.2,3.8,0.289,0.184
2023-01-15T04:00,-1.4,3.5,0.288,0.185
2023-01-15T05:00,-1.7,3.3,0.287,0.185
2023-01-15T06:00,-2.0,3.0,0.286,0.185
2023-01-15T07:00,-2.1,2.8,0.286,0.185
2023-01-15T08:00,-2.2,2.5,0.284,0.185
2023-01-15T09:00,-1.8,2.7,0.283,0.185
2023-01-15T10:00,-0.9,3.2,0.282,0.185
2023-01-15T11:00,0.4,4.4,0.281,0.185
2023-01-15T12:00,1.5,5.7,0.28,0.185
2023-01-15T13:00,2.4,6.7,0.279,0.186
2023-01-15T14:00,2.9,7.3,0.278,0.186
2023-01-15T15:00,2.8,7.3,0.276,0.186
2023-01-15T16:00,2.5,6.9,0.276,0.186
2023-01-15T17:00,2.2,6.2,0.275,0.186
2023-01-15T18:00,1.9,5.6,0.274,0.186
2023-01-15T19:00,1.9,5.1,0.273,0.187
2023-01-15T20:00,0.6,3.3,0.278,0.189
2023-01-15T21:00,0.5,3.2,0.278,0.189
2023-01-15T22:00,0.6,3.2,0.277,0.19
2023-01-15T23:00,0.4,3.0,0.277,0.19
2023-01-16T00:00,-1.0,2.5,0.276,0.19
2023-01-16T01:00,-1.0,1.7,0.275,0.19
2023-01-16T02:00,-0.9,1.1,0.275,0.19
2023-01-16T03:00,-3.0,0.8,0.274,0.19
2023-01-16T04:00,-3.0,0.7,0.274,0.191
2023-01-16T05:00,-3.3,0.6,0.274,0.191
2023-01-16T06:00,-3.9,0.6,0.273,0.191
2023-01-16T07:00,-4.1,0.4,0.273,0.191
2023-01-16T08:00,-3.0,-0.3,0.269,0.19
2023-01-16T09:00,-1.1,-0.3,0.269,0.19
2023-01-16T10:00,1.1,-0.2,0.268,0.19
2023-01-16T11:00,2.3,0.1,0.268,0.19
2023-01-16T12:00,3.2,0.4,0.267,0.19
2023-01-16T13:00,3.9,1.6,0.266,0.19
2023-01-16T14:00,4.4,4.3,0.265,0.191
2023-01-16T15:00,4.3,5.3,0.264,0.191
2023-01-16T16:00,4.1,5.4,0.264,0.191
2023-01-16T17:00,3.8,5.1,0.263,0.191
2023-01-16T18:00,2.7,4.4,0.263,0.191
2023-01-16T19:00,2.1,3.8,0.262,0.191
2023-01-16T20:00,2.4,4.1,0.268,0.194
2023-01-16T21:00,1.8,3.6,0.267,0.194
2023-01-16T22:00,1.9,3.4,0.267,0.194
2023-01-16T23:00,1.4,3.1,0.266,0.194
2023-01-17T00:00,0.4,2.7,0.266,0.194
2023-01-17T01:00,-0.7,2.2,0.266,0.194
2023-01-17T02:00,-1.1,1.4,0.265,0.195
2023-01-17T03:00,-1.6,0.9,0.265,0.195
2023-01-17T04:00,-2.0,0.7,0.265,0.195
2023-01-17T05:00,-2.0,0.6,0.264,0.195
2023-01-17T06:00,-2.5,0.5,0.264,0.195
2023-01-17T07:00,-0.9,0.4,0.264,0.195
2023-01-17T08:00,-1.8,1.5,0.262,0.195
2023-01-17T09:00,0.2,2.0,0.261,0.195
2023-01-17T10:00,2.3,3.5,0.261,0.195
2023-01-17T11:00,4.2,5.3,0.26,0.195
2023-01-17T12:00,5.5,7.2,0.259,0.195
2023-01-17T13:00,6.4,8.7,0.259,0.195
2023-01-17T14:00,7.1,9.8,0.259,0.195
2023-01-17T15:00,7.4,10.2,0.259,0.195
2023-01-17T16:00,7.4,9.9,0.259,0.195
2023-01-17T17:00,6.8,8.9,0.258,0.195
2023-01-17T18:00,5.4,7.2,0.258,0.195
2023-01-17T19:00,5.1,5.7,0.258,0.195
2023-01-17T20:00,1.0,5.6,0.256,0.196
2023-01-17T21:00,1.0,4.5,0.255,0.196
2023-01-17T22:00,0.1,3.5,0.255,0.196
2023-01-17T23:00,0.2,2.7,0.255,0.196
2023-01-18T00:00,-0.6,2.0,0.255,0.197
2023-01-18T01:00,-1.5,1.5,0.254,0.197
2023-01-18T02:00,-0.6,1.0,0.254,0.197
2023-01-18T03:00,-0.1,0.8,0.254,0.197
2023-01-18T04:00,0.2,0.7,0.254,0.197
2023-01-18T05:00,-0.5,0.6,0.254,0.197
2023-01-18T06:00,-2.2,0.5,0.253,0.197
2023-01-18T07:00,-2.5,0.4,0.253,0.197
2023-01-18T08:00,-0.6,0.4,0.256,0.199
2023-01-18T09:00,0.8,0.6,0.256,0.199
2023-01-18T10:00,2.8,1.7,0.255,0.199
2023-01-18T11:00,4.9,4.4,0.255,0.199
2023-01-18T12:00,6.8,6.9,0.254,0.199
2023-01-18T13:00,7.9,8.9,0.252,0.199
2023-01-18T14:00,8.6,10.1,0.251,0.199
2023-01-18T15:00,8.8,10.7,0.25,0.199
2023-01-18T16:00,8.6,10.6,0.25,0.199
2023-01-18T17:00,7.7,9.6,0.249,0.199
2023-01-18T18:00,5.4,7.8,0.249,0.199
2023-01-18T19:00,3.8,6.2,0.249,0.199
2023-01-18T20:00,6.1,7.1,0.252,0.201
2023-01-18T21:00,2.3,5.7,0.252,0.201
2023-01-18T22:00,4.2,5.4,0.251,0.201
2023-01-18T23:00,4.2,5.2,0.251,0.201
2023-01-19T00:00,4.7,4.6,0.251,0.201
2023-01-19T01:00,3.0,4.2,0.251,0.201
2023-01-19T02:00,3.1,4.2,0.251,0.201
2023-01-19T03:00,3.5,3.8,0.25,0.201
2023-01-19T04:00,3.7,3.0,0.25,0.201
2023-01-19T05:00,2.8,2.4,0.25,0.201
2023-01-19T06:00,3.5,1.9,0.25,0.201
2023-01-19T07:00,3.2,1.4,0.25,0.201
2023-01-19T08:00,1.6,1.5,0.247,0.2
2023-01-19T09:00,4.0,2.7,0.246,0.2
2023-01-19T10:00,6.4,4.8,0.246,0.2
2023-01-19T11:00,8.6,7.1,0.245,0.2
2023-01-19T12:00,10.0,9.1,0.244,0.2
2023-01-19T13:00,11.0,10.8,0.243,0.2
2023-01-19T14:00,11.8,11.9,0.242,0.2
2023-01-19T15:00,12.1,12.6,0.241,0.2
2023-01-19T16:00,12.0,12.5,0.24,0.2
2023-01-19T17:00,10.5,11.6,0.24,0.2
2023-01-19T18:00,6.6,9.6,0.24,0.2
2023-01-19T19:00,5.3,8.1,0.239,0.2
2023-01-19T20:00,5.4,6.9,0.239,0.2
2023-01-19T21:00,4.1,5.8,0.239,0.2
2023-01-19T22:00,3.0,4.9,0.239,0.2
2023-01-19T23:00,2.1,4.2,0.239,0.2
2023-01-20T00:00,3.0,3.7,0.239,0.2
2023-01-20T01:00,3.8,3.1,0.239,0.2
2023-01-20T02:00,2.8,2.7,0.239,0.2
2023-01-20T03:00,0.7,2.3,0.239,0.2
2023-01-20T04:00,-0.3,2.1,0.238,0.2
2023-01-20T05:00,0.4,1.9,0.238,0.2
2023-01-20T06:00,0.7,1.9,0.238,0.2
2023-01-20T07:00,0.8,1.8,0.238,0.2
2023-01-20T08:00,1.3,1.7,0.24,0.201
2023-01-20T09:00,3.7,2.8,0.24,0.201
2023-01-20T10:00,6.5,4.7,0.239,0.201
2023-01-20T11:00,9.1,6.9,0.239,0.201
2023-01-20T12:00,10.8,9.1,0.238,0.201
2023-01-20T13:00,11.6,10.9,0.237,0.201
2023-01-20T14:00,12.1,12.1,0.236,0.201
2023-01-20T15:00,12.3,12.6,0.235,0.201
2023-01-20T16:00,12.1,12.5,0.234,0.201
2023-01-20T17:00,11.2,11.6,0.233,0.201
2023-01-20T18:00,9.6,10.4,0.233,0.201
2023-01-20T19:00,8.6,9.5,0.233,0.201
2023-01-20T20:00,6.2,10.1,0.233,0.201
2023-01-20T21:00,6.7,8.9,0.233,0.201
2023-01-20T22:00,6.7,8.2,0.232,0.201
2023-01-20T23:00,6.4,7.8,0.232,0.201
2023-01-21T00:00,5.4,7.2,0.232,0.201
2023-01-21T01:00,4.6,6.6,0.232,0.201
2023-01-21T02:00,3.0,5.7,0.232,0.201
2023-01-21T03:00,2.3,4.9,0.232,0.201
2023-01-21T04:00,2.2,4.3,0.232,0.201
2023-01-21T05:00,2.5,4.0,0.232,0.201
2023-01-21T06:00,2.3,3.8,0.232,0.201
2023-01-21T07:00,2.0,3.5,0.231,0.201
2023-01-21T08:00,3.2,3.7,0.23,0.201
2023-01-21T09:00,5.6,4.7,0.23,0.201
2023-01-21T10:00,7.6,6.4,0.23,0.201
2023-01-21T11:00,8.9,7.8,0.229,0.201
2023-01-21T12:00,9.7,8.9,0.229,0.201
2023-01-21T13:00,9.9,9.7,0.228,0.201
2023-01-21T14:00,9.0,9.5,0.228,0.201
2023-01-21T15:00,8.9,9.4,0.228,0.201
2023-01-21T16:00,8.7,9.1,0.228,0.201
2023-01-21T17:00,7.9,8.6,0.23,0.201
2023-01-21T18:00,7.4,8.1,0.242,0.201
2023-01-21T19:00,7.1,7.7,0.251,0.202
2023-01-21T20:00,6.9,7.2,0.248,0.203
2023-01-21T21:00,6.6,6.9,0.251,0.203
2023-01-21T22:00,6.2,6.7,0.256,0.203
2023-01-21T23:00,5.9,6.5,0.262,0.203
2023-01-22T00:00,5.7,6.3,0.264,0.203
2023-01-22T01:00,5.6,6.2,0.263,0.203
2023-01-22T02:00,5.4,6.2,0.263,0.203
2023-01-22T03:00,5.3,6.1,0.263,0.203
2023-01-22T04:00,5.3,6.0,0.263,0.203
2023-01-22T05:00,5.4,6.0,0.263,0.204
2023-01-22T06:00,5.1,5.8,0.263,0.204
2023-01-22T07:00,4.9,5.7,0.262,0.204
2023-01-22T08:00,4.9,5.5,0.259,0.204
2023-01-22T09:00,5.3,5.8,0.258,0.204
2023-01-22T10:00,6.4,6.5,0.258,0.204
2023-01-22T11:00,7.7,7.4,0.258,0.204
2023-01-22T12:00,9.3,8.7,0.257,0.204
2023-01-22T13:00,10.3,9.7,0.257,0.204
2023-01-22T14:00,11.7,10.9,0.256,0.204
2023-01-22T15:00,11.9,11.2,0.255,0.204
2023-01-22T16:00,11.6,11.1,0.254,0.204
2023-01-22T17:00,11.1,10.7,0.254,0.204
2023-01-22T18:00,10.1,10.1,0.254,0.204
2023-01-22T19:00,8.7,9.4,0.253,0.204
2023-01-22T20:00,6.8,8.2,0.253,0.205
2023-01-22T21:00,5.1,7.4,0.253,0.205
2023-01-22T22:00,4.8,6.8,0.253,0.205
2023-01-22T23:00,4.7,6.2,0.252,0.205
2023-01-23T00:00,3.8,5.8,0.252,0.205
2023-01-23T01:00,3.4,5.3,0.252,0.205
2023-01-23T02:00,4.3,5.4,0.252,0.205
2023-01-23T03:00,3.8,5.4,0.252,0.205
2023-01-23T04:00,3.7,5.3,0.251,0.206
2023-01-23T05:00,3.7,5.2,0.251,0.206
2023-01-23T06:00,4.4,5.3,0.251,0.206
2023-01-23T07:00,4.7,5.4,0.251,0.206
2023-01-23T08:00,5.3,6.5,0.25,0.205
2023-01-23T09:00,5.9,6.7,0.25,0.205
2023-01-23T10:00,6.7,7.0,0.25,0.206
2023-01-23T11:00,6.9,7.3,0.249,0.206
2023-01-23T12:00,7.7,7.8,0.249,0.206
2023-01-23T13:00,8.3,8.1,0.249,0.206
2023-01-23T14:00,9.4,9.2,0.248,0.206
2023-01-23T15:00,9.5,9.6,0.247,0.206
2023-01-23T16:00,10.1,10.1,0.247,0.206
2023-01-23T17:00,9.4,9.8,0.246,0.206
2023-01-23T18:00,8.4,9.1,0.246,0.206
2023-01-23T19:00,7.9,8.6,0.246,0.206
2023-01-23T20:00,5.7,7.8,0.249,0.207
2023-01-23T21:00,5.4,7.0,0.248,0.207
2023-01-23T22:00,5.2,6.4,0.248,0.207
2023-01-23T23:00,4.6,6.0,0.248,0.207
2023-01-24T00:00,3.8,5.6,0.247,0.207
2023-01-24T01:00,3.1,5.2,0.247,0.207
2023-01-24T02:00,2.4,4.8,0.247,0.207
2023-01-24T03:00,1.6,4.3,0.247,0.207
2023-01-24T04:00,1.0,3.8,0.246,0.208
2023-01-24T05:00,0.9,3.5,0.246,0.208
2023-01-24T06:00,0.3,3.2,0.246,0.208
2023-01-24T07:00,-0.3,2.8,0.246,0.208
2023-01-24T08:00,0.1,3.5,0.245,0.208
2023-01-24T09:00,1.1,3.8,0.244,0.208
2023-01-24T10:00,1.9,4.6,0.244,0.208
2023-01-24T11:00,2.6,5.7,0.243,0.208
2023-01-24T12:00,3.0,6.8,0.242,0.208
2023-01-24T13:00,3.4,7.8,0.241,0.207
2023-01-24T14:00,3.5,8.6,0.24,0.207
2023-01-24T15:00,3.3,8.7,0.24,0.207
2023-01-24T16:00,3.0,8.4,0.239,0.207
2023-01-24T17:00,2.0,7.3,0.239,0.207
2023-01-24T18:00,0.2,5.8,0.238,0.207
2023-01-24T19:00,-0.9,4.4,0.238,0.207
2023-01-24T20:00,-0.8,4.7,0.238,0.208
2023-01-24T21:00,-1.2,3.6,0.238,0.208
2023-01-24T22:00,-1.8,2.7,0.238,0.208
2023-01-24T23:00,-2.4,2.0,0.238,0.208
2023-01-25T00:00,-2.9,1.5,0.237,0.208
2023-01-25T01:00,-3.5,0.9,0.237,0.208
2023-01-25T02:00,-3.5,0.8,0.237,0.208
2023-01-25T03:00,-3.2,0.6,0.237,0.208
2023-01-25T04:00,-3.0,0.6,0.237,0.208
2023-01-25T05:00,-3.1,0.6,0.237,0.208
2023-01-25T06:00,-3.5,0.5,0.237,0.208
2023-01-25T07:00,-3.5,0.4,0.237,0.208
2023-01-25T08:00,-2.6,0.6,0.237,0.208
2023-01-25T09:00,-1.5,0.6,0.236,0.208
2023-01-25T10:00,-0.2,1.2,0.236,0.208
2023-01-25T11:00,1.4,3.1,0.236,0.208
2023-01-25T12:00,2.6,4.8,0.235,0.208
2023-01-25T13:00,3.5,6.6,0.234,0.208
2023-01-25T14:00,4.2,7.8,0.233,0.208
2023-01-25T15:00,4.6,8.4,0.233,0.208
2023-01-25T16:00,4.6,8.4,0.232,0.208
2023-01-25T17:00,4.2,7.6,0.232,0.208
2023-01-25T18:00,2.5,6.2,0.232,0.208
2023-01-25T19:00,1.4,4.9,0.232,0.208
2023-01-25T20:00,0.9,5.3,0.229,0.207
2023-01-25T21:00,1.1,4.2,0.229,0.207
2023-01-25T22:00,0.7,3.4,0.229,0.207
2023-01-25T23:00,-0.6,2.7,0.229,0.207
2023-01-26T00:00,-0.6,2.0,0.229,0.207
2023-01-26T01:00,-1.4,1.5,0.229,0.207
2023-01-26T02:00,-1.4,1.1,0.229,0.207
2023-01-26T03:00,-1.5,0.9,0.229,0.207
2023-01-26T04:00,-2.2,0.8,0.229,0.207
2023-01-26T05:00,-1.9,0.6,0.229,0.207
2023-01-26T06:00,-2.0,0.6,0.229,0.207
2023-01-26T07:00,-2.1,0.6,0.229,0.207
2023-01-26T08:00,-0.6,2.0,0.231,0.208
2023-01-26T09:00,1.5,2.7,0.23,0.208
2023-01-26T10:00,3.7,4.1,0.23,0.208
2023-01-26T11:00,5.1,5.4,0.23,0.208
2023-01-26T12:00,6.3,7.0,0.229,0.208
2023-01-26T13:00,7.9,8.6,0.229,0.208
2023-01-26T14:00,8.8,9.4,0.228,0.208
2023-01-26T15:00,9.6,9.9,0.227,0.208
2023-01-26T16:00,9.7,9.8,0.227,0.208
2023-01-26T17:00,9.4,9.2,0.226,0.208
2023-01-26T18:00,7.8,8.4,0.226,0.208
2023-01-26T19:00,5.9,7.1,0.226,0.208
2023-01-26T20:00,3.5,6.2,0.23,0.21
2023-01-26T21:00,2.7,5.2,0.23,0.21
2023-01-26T22:00,2.0,4.4,0.229,0.21
2023-01-26T23:00,1.5,3.8,0.229,0.21
2023-01-27T00:00,0.9,3.2,0.229,0.21
2023-01-27T01:00,0.4,2.8,0.229,0.21
2023-01-27T02:00,-0.2,2.4,0.229,0.21
2023-01-27T03:00,-0.6,2.0,0.229,0.21
2023-01-27T04:00,-1.0,1.6,0.229,0.21
2023-01-27T05:00,-1.5,1.2,0.229,0.21
2023-01-27T06:00,-2.1,0.9,0.229,0.21
2023-01-27T07:00,-2.8,0.8,0.229,0.21
2023-01-27T08:00,-1.4,0.6,0.228,0.21
2023-01-27T09:00,0.4,0.9,0.228,0.21
2023-01-27T10:00,2.7,2.6,0.228,0.21
2023-01-27T11:00,4.8,4.9,0.227,0.21
2023-01-27T12:00,6.3,7.1,0.227,0.21
2023-01-27T13:00,7.2,8.7,0.226,0.21
2023-01-27T14:00,7.7,9.8,0.225,0.21
2023-01-27T15:00,7.6,10.1,0.224,0.209
2023-01-27T16:00,8.0,9.9,0.224,0.209
2023-01-27T17:00,7.4,9.1,0.223,0.209
2023-01-27T18:00,4.0,7.6,0.223,0.209
2023-01-27T19:00,2.8,6.1,0.223,0.209
2023-01-27T20:00,1.4,7.4,0.223,0.209
2023-01-27T21:00,0.6,5.7,0.222,0.209
2023-01-27T22:00,1.0,4.2,0.222,0.209
2023-01-27T23:00,2.2,3.1,0.222,0.209
2023-01-28T00:00,1.8,2.2,0.222,0.209
2023-01-28T01:00,1.6,1.4,0.222,0.209
2023-01-28T02:00,1.3,0.9,0.222,0.209
2023-01-28T03:00,1.1,0.7,0.222,0.209
2023-01-28T04:00,0.8,0.6,0.222,0.209
2023-01-28T05:00,-2.1,0.5,0.222,0.209
2023-01-28T06:00,-2.5,0.4,0.222,0.209
2023-01-28T07:00,-2.0,0.3,0.222,0.209
2023-01-28T08:00,-0.7,-0.4,0.222,0.209
2023-01-28T09:00,0.9,-0.3,0.222,0.21
2023-01-28T10:00,3.2,-0.2,0.222,0.21
2023-01-28T11:00,5.2,0.2,0.222,0.21
2023-01-28T12:00,6.6,0.6,0.221,0.209
2023-01-28T13:00,7.6,3.3,0.22,0.209
2023-01-28T14:00,8.3,6.2,0.22,0.209
2023-01-28T15:00,8.6,7.8,0.219,0.209
2023-01-28T16:00,8.7,8.4,0.218,0.209
2023-01-28T17:00,7.7,7.9,0.218,0.209
2023-01-28T18:00,7.2,6.2,0.218,0.209
2023-01-28T19:00,6.4,4.6,0.218,0.209
2023-01-28T20:00,5.3,5.8,0.216,0.208
2023-01-28T21:00,4.4,4.4,0.216,0.208
2023-01-28T22:00,2.3,3.3,0.216,0.208
2023-01-28T23:00,0.4,2.4,0.216,0.208
2023-01-29T00:00,-0.2,1.7,0.216,0.208
2023-01-29T01:00,-0.3,1.1,0.216,0.208
2023-01-29T02:00,-1.1,0.8,0.216,0.208
2023-01-29T03:00,-1.5,0.7,0.216,0.208
2023-01-29T04:00,-1.8,0.6,0.216,0.208
2023-01-29T05:00,-2.2,0.5,0.216,0.208
2023-01-29T06:00,-2.0,0.4,0.216,0.208
2023-01-29T07:00,-1.6,0.3,0.216,0.208
2023-01-29T08:00,-0.6,-0.2,0.216,0.208
2023-01-29T09:00,1.9,-0.2,0.216,0.208
2023-01-29T10:00,4.4,0.1,0.216,0.208
2023-01-29T11:00,6.8,0.4,0.215,0.208
2023-01-29T12:00,8.9,2.3,0.215,0.208
2023-01-29T13:00,10.4,5.8,0.214,0.208
2023-01-29T14:00,11.7,8.4,0.213,0.208
2023-01-29T15:00,12.4,9.9,0.213,0.208
2023-01-29T16:00,12.6,10.4,0.212,0.208
2023-01-29T17:00,10.8,9.9,0.212,0.208
2023-01-29T18:00,8.9,8.1,0.212,0.208
2023-01-29T19:00,4.7,6.5,0.212,0.208
2023-01-29T20:00,4.2,8.5,0.199,0.2
2023-01-29T21:00,3.8,6.9,0.199,0.2
2023-01-29T22:00,3.4,5.7,0.199,0.2
2023-01-29T23:00,2.9,4.6,0.199,0.2
2023-01-30T00:00,2.5,3.7,0.199,0.2
2023-01-30T01:00,0.9,3.0,0.199,0.2
2023-01-30T02:00,2.7,2.4,0.199,0.2
2023-01-30T03:00,0.4,1.9,0.199,0.2
2023-01-30T04:00,-0.2,1.5,0.199,0.2
2023-01-30T05:00,-0.2,1.2,0.199,0.2
2023-01-30T06:00,-0.2,1.0,0.199,0.2
2023-01-30T07:00,-0.1,0.9,0.199,0.2
2023-01-30T08:00,1.4,1.1,0.2,0.201
2023-01-30T09:00,4.2,2.5,0.2,0.201
2023-01-30T10:00,7.2,4.7,0.199,0.201
2023-01-30T11:00,10.1,7.2,0.199,0.201
2023-01-30T12:00,12.3,9.7,0.198,0.201
2023-01-30T13:00,13.6,11.8,0.197,0.2
2023-01-30T14:00,14.4,13.2,0.197,0.2
2023-01-30T15:00,14.9,14.0,0.196,0.2
2023-01-30T16:00,14.9,13.9,0.195,0.2
2023-01-30T17:00,13.5,13.1,0.195,0.2
2023-01-30T18:00,10.2,11.4,0.195,0.2
2023-01-30T19:00,8.9,9.9,0.195,0.2
2023-01-30T20:00,8.2,11.4,0.187,0.195
2023-01-30T21:00,7.9,9.9,0.187,0.195
2023-01-30T22:00,6.8,8.7,0.187,0.195
2023-01-30T23:00,5.7,7.7,0.187,0.195
2023-01-31T00:00,4.7,6.8,0.187,0.195
2023-01-31T01:00,4.0,5.9,0.187,0.195
2023-01-31T02:00,3.8,5.3,0.187,0.195
2023-01-31T03:00,3.3,4.9,0.187,0.195
2023-01-31T04:00,2.5,4.4,0.187,0.195
2023-01-31T05:00,2.0,4.0,0.187,0.195
2023-01-31T06:00,1.5,3.5,0.187,0.195
2023-01-31T07:00,1.5,3.2,0.187,0.195
2023-01-31T08:00,2.8,3.0,0.186,0.195
2023-01-31T09:00,5.3,4.2,0.186,0.195
2023-01-31T10:00,8.4,6.4,0.186,0.195
2023-01-31T11:00,11.9,9.1,0.186,0.195
2023-01-31T12:00,14.7,11.9,0.185,0.195
2023-01-31T13:00,16.7,14.2,0.184,0.194
2023-01-31T14:00,18.0,15.9,0.184,0.194
2023-01-31T15:00,19.4,16.8,0.183,0.194
2023-01-31T16:00,20.2,17.0,0.182,0.194
2023-01-31T17:00,18.2,16.2,0.182,0.194
2023-01-31T18:00,12.9,14.4,0.182,0.194
2023-01-31T19:00,11.4,12.6,0.182,0.194
2023-01-31T20:00,10.6,13.8,0.171,0.187
2023-01-31T21:00,10.6,12.2,0.171,0.187
2023-01-31T22:00,9.6,11.0,0.171,0.187
2023-01-31T23:00,8.4,9.9,0.171,0.187
2023-02-01T00:00,7.9,9.1,0.171,0.187
2023-02-01T01:00,7.2,8.4,0.171,0.187
2023-02-01T02:00,5.8,7.8,0.171,0.187
2023-02-01T03:00,6.2,7.2,0.171,0.187
2023-02-01T04:00,6.3,6.9,0.171,0.187
2023-02-01T05:00,5.8,6.7,0.171,0.187
2023-02-01T06:00,5.1,6.3,0.171,0.187
2023-02-01T07:00,4.9,6.0,0.171,0.187
2023-02-01T08:00,6.1,5.7,0.167,0.185
2023-02-01T09:00,8.9,6.8,0.167,0.185
2023-02-01T10:00,12.0,8.9,0.167,0.185
2023-02-01T11:00,14.7,11.1,0.166,0.185
2023-02-01T12:00,16.3,13.2,0.166,0.185
2023-02-01T13:00,17.0,14.9,0.166,0.185
2023-02-01T14:00,16.9,16.0,0.165,0.185
2023-02-01T15:00,15.9,15.9,0.165,0.184
2023-02-01T16:00,15.3,15.3,0.165,0.184
2023-02-01T17:00,14.5,14.6,0.164,0.184
2023-02-01T18:00,13.3,13.8,0.164,0.184
2023-02-01T19:00,12.4,13.0,0.164,0.184
2023-02-01T20:00,10.9,11.9,0.165,0.185
2023-02-01T21:00,10.4,11.4,0.165,0.185
2023-02-01T22:00,9.6,10.9,0.164,0.185
2023-02-01T23:00,8.9,10.4,0.164,0.185
2023-02-02T00:00,8.3,10.0,0.164,0.185
2023-02-02T01:00,7.8,9.6,0.164,0.185
2023-02-02T02:00,7.4,9.3,0.164,0.185
2023-02-02T03:00,7.1,9.1,0.164,0.185
2023-02-02T04:00,6.6,8.8,0.164,0.185
2023-02-02T05:00,6.0,8.4,0.164,0.185
2023-02-02T06:00,5.6,8.2,0.164,0.185
2023-02-02T07:00,5.2,7.9,0.164,0.185
2023-02-02T08:00,5.2,8.3,0.163,0.184
2023-02-02T09:00,5.2,8.1,0.163,0.184
2023-02-02T10:00,5.2,8.1,0.163,0.184
2023-02-02T11:00,5.8,8.3,0.163,0.184
2023-02-02T12:00,6.2,8.7,0.163,0.184
2023-02-02T13:00,6.6,9.1,0.163,0.184
2023-02-02T14:00,6.7,9.4,0.163,0.184
2023-02-02T15:00,6.6,9.4,0.163,0.184
2023-02-02T16:00,6.6,9.1,0.163,0.184
2023-02-02T17:00,6.2,8.9,0.163,0.184
2023-02-02T18:00,5.3,8.4,0.163,0.184
2023-02-02T19:00,4.8,7.9,0.163,0.184
2023-02-02T20:00,3.5,6.8,0.163,0.184
2023-02-02T21:00,2.8,5.9,0.164,0.184
2023-02-02T22:00,2.5,5.4,0.164,0.184
2023-02-02T23:00,2.5,5.0,0.164,0.184
2023-02-03T00:00,1.8,4.6,0.164,0.184
2023-02-03T01:00,2.1,4.4,0.164,0.184
2023-02-03T02:00,1.9,4.2,0.164,0.184
2023-02-03T03:00,1.6,4.0,0.164,0.184
2023-02-03T04:00,1.1,3.7,0.164,0.184
2023-02-03T05:00,0.4,3.3,0.164,0.184
2023-02-03T06:00,0.3,3.2,0.164,0.184
2023-02-03T07:00,0.0,2.8,0.164,0.184
2023-02-03T08:00,1.4,3.8,0.162,0.184
2023-02-03T09:00,2.2,4.4,0.162,0.184
2023-02-03T10:00,3.9,6.1,0.162,0.184
2023-02-03T11:00,5.4,8.1,0.162,0.184
2023-02-03T12:00,6.8,10.2,0.162,0.184
2023-02-03T13:00,7.7,11.9,0.162,0.184
2023-02-03T14:00,8.4,13.1,0.161,0.184
2023-02-03T15:00,8.8,13.6,0.161,0.184
2023-02-03T16:00,8.9,13.4,0.161,0.184
2023-02-03T17:00,8.6,12.6,0.161,0.184
2023-02-03T18:00,6.7,11.1,0.161,0.184
2023-02-03T19:00,5.7,9.5,0.161,0.184
2023-02-03T20:00,5.4,8.2,0.163,0.185
2023-02-03T21:00,6.2,7.2,0.163,0.185
2023-02-03T22:00,5.8,6.4,0.163,0.185
2023-02-03T23:00,5.4,5.7,0.163,0.185
2023-02-04T00:00,5.1,5.2,0.163,0.185
2023-02-04T01:00,3.1,4.7,0.163,0.185
2023-02-04T02:00,2.2,4.2,0.163,0.185
2023-02-04T03:00,1.5,3.9,0.163,0.185
2023-02-04T04:00,1.4,3.7,0.163,0.185
2023-02-04T05:00,1.5,3.5,0.163,0.185
2023-02-04T06:00,1.2,3.3,0.163,0.185
2023-02-04T07:00,1.2,3.2,0.163,0.185
2023-02-04T08:00,2.9,3.2,0.164,0.185
2023-02-04T09:00,4.4,4.3,0.164,0.185
2023-02-04T10:00,6.3,6.3,0.164,0.185
2023-02-04T11:00,8.4,8.4,0.163,0.185
2023-02-04T12:00,9.9,10.6,0.163,0.185
2023-02-04T13:00,10.9,12.4,0.163,0.185
2023-02-04T14:00,11.2,13.1,0.163,0.185
2023-02-04T15:00,11.4,13.4,0.162,0.185
2023-02-04T16:00,11.5,13.6,0.162,0.185
2023-02-04T17:00,10.9,12.9,0.162,0.185
2023-02-04T18:00,10.1,11.9,0.162,0.185
2023-02-04T19:00,9.6,11.1,0.162,0.185
2023-02-04T20:00,8.6,9.4,0.165,0.186
2023-02-04T21:00,8.5,9.0,0.165,0.186
2023-02-04T22:00,8.4,8.8,0.165,0.186
2023-02-04T23:00,7.3,8.3,0.165,0.186
2023-02-05T00:00,7.1,7.9,0.165,0.186
2023-02-05T01:00,6.7,7.7,0.165,0.186
2023-02-05T02:00,6.8,7.6,0.165,0.186
2023-02-05T03:00,6.7,7.4,0.165,0.186
2023-02-05T04:00,6.4,7.3,0.165,0.186
2023-02-05T05:00,6.9,7.3,0.165,0.186
2023-02-05T06:00,5.5,6.8,0.165,0.186
2023-02-05T07:00,4.3,6.1,0.165,0.186
2023-02-05T08:00,5.4,6.7,0.168,0.186
2023-02-05T09:00,7.4,7.6,0.168,0.186
2023-02-05T10:00,8.6,8.8,0.168,0.186
2023-02-05T11:00,9.4,10.2,0.168,0.185
2023-02-05T12:00,10.3,11.6,0.168,0.185
2023-02-05T13:00,10.9,12.8,0.167,0.185
2023-02-05T14:00,11.3,13.6,0.167,0.185
2023-02-05T15:00,11.5,14.1,0.167,0.185
2023-02-05T16:00,11.6,14.2,0.167,0.185
2023-02-05T17:00,11.0,13.4,0.168,0.185
2023-02-05T18:00,9.9,12.2,0.168,0.185
2023-02-05T19:00,9.2,11.1,0.173,0.185
2023-02-05T20:00,8.4,11.1,0.167,0.187
2023-02-05T21:00,8.6,10.2,0.167,0.187
2023-02-05T22:00,8.4,9.6,0.167,0.187
2023-02-05T23:00,8.1,9.1,0.167,0.187
2023-02-06T00:00,8.1,8.9,0.167,0.187
2023-02-06T01:00,7.9,8.8,0.167,0.187
2023-02-06T02:00,7.8,8.6,0.167,0.187
2023-02-06T03:00,7.8,8.6,0.169,0.187
2023-02-06T04:00,7.8,8.4,0.171,0.187
2023-02-06T05:00,7.1,8.2,0.171,0.187
2023-02-06T06:00,6.7,7.8,0.171,0.187
2023-02-06T07:00,6.9,7.2,0.171,0.187
2023-02-06T08:00,7.0,8.1,0.17,0.187
2023-02-06T09:00,8.4,8.9,0.17,0.187
2023-02-06T10:00,9.8,10.4,0.17,0.187
2023-02-06T11:00,11.0,12.3,0.169,0.187
2023-02-06T12:00,12.3,14.3,0.169,0.187
2023-02-06T13:00,13.1,15.5,0.169,0.187
2023-02-06T14:00,13.3,15.7,0.169,0.187
2023-02-06T15:00,13.7,15.8,0.168,0.187
2023-02-06T16:00,13.6,15.2,0.168,0.187
2023-02-06T17:00,13.4,14.6,0.168,0.187
2023-02-06T18:00,12.3,13.8,0.168,0.187
2023-02-06T19:00,11.9,13.1,0.168,0.187
2023-02-06T20:00,9.9,11.7,0.171,0.189
2023-02-06T21:00,8.1,10.7,0.171,0.189
2023-02-06T22:00,7.2,9.9,0.171,0.189
2023-02-06T23:00,6.8,9.1,0.171,0.189
2023-02-07T00:00,6.8,8.6,0.171,0.189
2023-02-07T01:00,6.7,8.2,0.171,0.189
2023-02-07T02:00,6.2,7.8,0.171,0.189
2023-02-07T03:00,6.7,7.6,0.171,0.189
2023-02-07T04:00,6.3,7.4,0.171,0.189
2023-02-07T05:00,6.1,7.2,0.171,0.189
2023-02-07T06:00,5.7,7.0,0.171,0.189
2023-02-07T07:00,5.2,6.8,0.171,0.189
2023-02-07T08:00,7.2,8.2,0.171,0.19
2023-02-07T09:00,9.1,9.1,0.171,0.19
2023-02-07T10:00,10.9,10.6,0.171,0.19
2023-02-07T11:00,12.6,12.6,0.171,0.19
2023-02-07T12:00,14.1,14.8,0.17,0.19
2023-02-07T13:00,14.8,16.2,0.17,0.189
2023-02-07T14:00,15.0,16.9,0.169,0.189
2023-02-07T15:00,14.9,16.6,0.169,0.189
2023-02-07T16:00,14.9,16.0,0.169,0.189
2023-02-07T17:00,14.9,15.5,0.169,0.189
2023-02-07T18:00,13.7,14.6,0.169,0.189
2023-02-07T19:00,12.7,13.9,0.169,0.189
2023-02-07T20:00,10.6,12.2,0.173,0.194
2023-02-07T21:00,10.6,11.6,0.173,0.194
2023-02-07T22:00,10.1,11.2,0.18,0.194
2023-02-07T23:00,9.4,10.6,0.18,0.194
2023-02-08T00:00,9.5,10.4,0.181,0.194
2023-02-08T01:00,9.3,10.1,0.181,0.194
2023-02-08T02:00,9.2,10.0,0.181,0.194
2023-02-08T03:00,9.2,9.9,0.181,0.194
2023-02-08T04:00,9.1,9.9,0.181,0.194
2023-02-08T05:00,9.1,9.8,0.181,0.194
2023-02-08T06:00,9.0,9.7,0.181,0.194
2023-02-08T07:00,9.1,9.6,0.182,0.194
2023-02-08T08:00,9.1,9.6,0.186,0.194
2023-02-08T09:00,9.3,9.7,0.216,0.194
2023-02-08T10:00,9.6,10.0,0.248,0.194
2023-02-08T11:00,9.9,10.2,0.273,0.194
2023-02-08T12:00,10.1,10.6,0.289,0.194
2023-02-08T13:00,10.4,10.8,0.292,0.195
2023-02-08T14:00,10.6,10.9,0.292,0.195
2023-02-08T15:00,10.7,10.8,0.292,0.195
2023-02-08T16:00,10.6,10.8,0.292,0.195
2023-02-08T17:00,10.6,10.7,0.292,0.196
2023-02-08T18:00,10.2,10.5,0.291,0.196
2023-02-08T19:00,9.9,10.2,0.291,0.196
2023-02-08T20:00,9.4,9.9,0.297,0.196
2023-02-08T21:00,9.4,9.8,0.299,0.196
2023-02-08T22:00,9.2,9.7,0.301,0.196
2023-02-08T23:00,9.0,9.6,0.3,0.197
2023-02-09T00:00,8.8,9.4,0.301,0.197
2023-02-09T01:00,8.6,9.2,0.303,0.197
2023-02-09T02:00,8.2,9.1,0.309,0.197
2023-02-09T03:00,7.8,8.9,0.314,0.198
2023-02-09T04:00,7.3,8.6,0.317,0.198
2023-02-09T05:00,7.2,8.3,0.318,0.199
2023-02-09T06:00,6.9,8.1,0.318,0.199
2023-02-09T07:00,6.8,7.9,0.325,0.2
2023-02-09T08:00,6.2,6.9,0.386,0.203
2023-02-09T09:00,6.1,7.2,0.389,0.206
2023-02-09T10:00,6.4,7.6,0.391,0.209
2023-02-09T11:00,7.2,8.4,0.387,0.212
2023-02-09T12:00,7.5,8.7,0.385,0.214
2023-02-09T13:00,8.8,9.6,0.38,0.216
2023-02-09T14:00,8.6,9.4,0.376,0.218
2023-02-09T15:00,8.9,9.4,0.372,0.22
2023-02-09T16:00,9.4,9.6,0.367,0.222
2023-02-09T17:00,9.5,9.8,0.363,0.223
2023-02-09T18:00,8.9,9.5,0.359,0.224
2023-02-09T19:00,8.2,9.1,0.356,0.225
2023-02-09T20:00,7.2,7.8,0.363,0.228
2023-02-09T21:00,6.7,7.7,0.359,0.229
2023-02-09T22:00,6.3,7.6,0.356,0.23
2023-02-09T23:00,6.0,7.4,0.353,0.231
2023-02-10T00:00,6.1,7.3,0.351,0.232
2023-02-10T01:00,6.1,7.3,0.348,0.233
2023-02-10T02:00,5.9,7.2,0.346,0.233
2023-02-10T03:00,5.8,7.2,0.344,0.234
2023-02-10T04:00,5.6,7.1,0.342,0.235
2023-02-10T05:00,5.4,7.0,0.34,0.235
2023-02-10T06:00,5.3,6.9,0.338,0.236
2023-02-10T07:00,5.4,6.9,0.336,0.237
2023-02-10T08:00,5.8,7.2,0.336,0.237
2023-02-10T09:00,6.3,7.5,0.334,0.237
2023-02-10T10:00,7.1,8.1,0.332,0.238
2023-02-10T11:00,8.4,9.1,0.33,0.238
2023-02-10T12:00,8.9,10.1,0.328,0.239
2023-02-10T13:00,9.3,10.8,0.326,0.239
2023-02-10T14:00,9.6,11.1,0.325,0.239
2023-02-10T15:00,9.4,11.0,0.324,0.24
2023-02-10T16:00,9.1,10.6,0.323,0.24
2023-02-10T17:00,8.8,9.9,0.329,0.24
2023-02-10T18:00,8.5,9.4,0.328,0.241
2023-02-10T19:00,8.2,8.9,0.356,0.241
2023-02-10T20:00,7.4,7.1,0.35,0.244
2023-02-10T21:00,7.2,7.3,0.354,0.245
2023-02-10T22:00,7.4,7.4,0.356,0.245
2023-02-10T23:00,7.3,7.6,0.366,0.246
2023-02-11T00:00,7.4,7.7,0.365,0.247
2023-02-11T01:00,7.2,7.6,0.362,0.248
2023-02-11T02:00,7.1,7.6,0.359,0.249
2023-02-11T03:00,7.0,7.5,0.357,0.25
2023-02-11T04:00,6.8,7.4,0.354,0.251
2023-02-11T05:00,6.7,7.3,0.352,0.252
2023-02-11T06:00,6.6,7.2,0.35,0.252
2023-02-11T07:00,6.3,6.9,0.348,0.253
2023-02-11T08:00,7.2,6.7,0.339,0.252
2023-02-11T09:00,7.9,7.5,0.337,0.252
2023-02-11T10:00,9.0,8.6,0.336,0.253
2023-02-11T11:00,9.9,9.8,0.334,0.253
2023-02-11T12:00,10.4,10.5,0.332,0.253
2023-02-11T13:00,10.8,11.0,0.331,0.254
2023-02-11T14:00,10.9,11.2,0.33,0.254
2023-02-11T15:00,11.4,11.4,0.329,0.254
2023-02-11T16:00,11.4,11.1,0.328,0.255
2023-02-11T17:00,11.3,10.9,0.342,0.255
2023-02-11T18:00,10.8,10.6,0.341,0.256
2023-02-11T19:00,10.4,10.1,0.339,0.256
2023-02-11T20:00,9.8,8.9,0.365,0.26
2023-02-11T21:00,9.4,9.0,0.383,0.261
2023-02-11T22:00,9.4,9.1,0.392,0.263
2023-02-11T23:00,9.4,9.1,0.404,0.266
2023-02-12T00:00,9.4,9.2,0.41,0.27
2023-02-12T01:00,9.4,9.2,0.404,0.273
2023-02-12T02:00,9.1,9.2,0.41,0.277
2023-02-12T03:00,9.0,9.1,0.402,0.28
2023-02-12T04:00,9.1,9.1,0.395,0.282
2023-02-12T05:00,8.9,9.1,0.394,0.284
2023-02-12T06:00,8.7,8.9,0.391,0.286
2023-02-12T07:00,8.6,8.9,0.394,0.288
2023-02-12T08:00,8.2,8.2,0.39,0.287
2023-02-12T09:00,8.7,8.6,0.385,0.288
2023-02-12T10:00,9.4,9.4,0.382,0.289
2023-02-12T11:00,8.9,9.4,0.393,0.291
2023-02-12T12:00,9.2,9.4,0.389,0.293
2023-02-12T13:00,9.8,9.9,0.384,0.294
2023-02-12T14:00,10.6,10.6,0.38,0.295
2023-02-12T15:00,10.2,10.4,0.379,0.296
2023-02-12T16:00,9.4,10.1,0.392,0.297
2023-02-12T17:00,9.1,9.8,0.409,0.299
2023-02-12T18:00,8.9,9.4,0.403,0.302
2023-02-12T19:00,8.6,9.1,0.398,0.304
2023-02-12T20:00,7.6,7.7,0.398,0.306
2023-02-12T21:00,7.4,7.8,0.399,0.308
2023-02-12T22:00,7.5,7.8,0.394,0.31
2023-02-12T23:00,7.3,7.8,0.392,0.311
2023-02-13T00:00,7.1,7.7,0.388,0.313
2023-02-13T01:00,6.7,7.5,0.385,0.314
2023-02-13T02:00,6.2,7.3,0.382,0.315
2023-02-13T03:00,5.9,7.2,0.379,0.315
2023-02-13T04:00,5.8,7.2,0.376,0.316
2023-02-13T05:00,5.7,7.1,0.374,0.317
2023-02-13T06:00,5.6,7.0,0.373,0.317
2023-02-13T07:00,5.5,6.8,0.372,0.318
2023-02-13T08:00,5.2,6.2,0.373,0.318
2023-02-13T09:00,5.4,6.3,0.372,0.318
2023-02-13T10:00,5.4,6.5,0.37,0.319
2023-02-13T11:00,5.8,6.8,0.369,0.319
2023-02-13T12:00,6.6,7.2,0.367,0.32
2023-02-13T13:00,6.2,7.3,0.365,0.32
2023-02-13T14:00,5.8,7.2,0.364,0.32
2023-02-13T15:00,5.7,7.1,0.364,0.321
2023-02-13T16:00,5.3,6.8,0.363,0.321
2023-02-13T17:00,4.9,6.6,0.363,0.321
2023-02-13T18:00,4.5,6.2,0.362,0.321
2023-02-13T19:00,4.3,6.0,0.361,0.322
2023-02-13T20:00,3.7,4.9,0.376,0.324
2023-02-13T21:00,3.6,4.8,0.375,0.324
2023-02-13T22:00,3.5,4.7,0.373,0.325
2023-02-13T23:00,3.4,4.6,0.371,0.325
2023-02-14T00:00,3.5,4.7,0.37,0.326
2023-02-14T01:00,3.2,4.5,0.368,0.326
2023-02-14T02:00,3.2,4.5,0.367,0.326
2023-02-14T03:00,2.4,4.2,0.365,0.327
2023-02-14T04:00,1.9,3.8,0.364,0.327
2023-02-14T05:00,1.6,3.5,0.363,0.327
2023-02-14T06:00,1.3,3.2,0.362,0.327
2023-02-14T07:00,0.9,3.0,0.361,0.327
2023-02-14T08:00,1.6,3.9,0.363,0.329
2023-02-14T09:00,3.5,4.7,0.361,0.329
2023-02-14T10:00,5.1,6.0,0.36,0.329
2023-02-14T11:00,6.4,7.6,0.358,0.329
2023-02-14T12:00,7.4,9.2,0.356,0.329
2023-02-14T13:00,8.1,10.4,0.354,0.329
2023-02-14T14:00,8.1,10.6,0.352,0.328
2023-02-14T15:00,8.8,10.9,0.35,0.328
2023-02-14T16:00,8.9,10.9,0.349,0.328
2023-02-14T17:00,8.5,10.3,0.347,0.328
2023-02-14T18:00,6.2,9.1,0.347,0.328
2023-02-14T19:00,4.7,7.6,0.346,0.328
2023-02-14T20:00,3.7,7.1,0.345,0.327
2023-02-14T21:00,3.2,6.2,0.344,0.327
2023-02-14T22:00,2.8,5.4,0.344,0.327
2023-02-14T23:00,2.2,4.8,0.343,0.327
2023-02-15T00:00,1.8,4.3,0.343,0.327
2023-02-15T01:00,1.6,4.0,0.343,0.327
2023-02-15T02:00,1.2,3.7,0.342,0.327
2023-02-15T03:00,0.6,3.3,0.342,0.327
2023-02-15T04:00,0.2,3.0,0.341,0.327
2023-02-15T05:00,-0.1,2.7,0.341,0.327
2023-02-15T06:00,-0.3,2.4,0.341,0.327
2023-02-15T07:00,-0.2,2.2,0.34,0.327
2023-02-15T08:00,0.8,2.3,0.339,0.326
2023-02-15T09:00,2.8,3.5,0.338,0.326
2023-02-15T10:00,5.0,5.3,0.338,0.326
2023-02-15T11:00,6.7,7.4,0.336,0.326
2023-02-15T12:00,7.9,9.4,0.335,0.325
2023-02-15T13:00,8.7,10.9,0.334,0.325
2023-02-15T14:00,9.3,12.1,0.332,0.325
2023-02-15T15:00,9.6,12.6,0.331,0.324
2023-02-15T16:00,9.6,12.4,0.33,0.324
2023-02-15T17:00,9.4,11.6,0.329,0.324
2023-02-15T18:00,7.2,10.1,0.329,0.324
2023-02-15T19:00,6.4,8.8,0.329,0.324
2023-02-15T20:00,7.9,9.0,0.33,0.325
2023-02-15T21:00,7.6,7.6,0.33,0.325
2023-02-15T22:00,7.2,6.6,0.33,0.324
2023-02-15T23:00,7.1,5.9,0.33,0.324
2023-02-16T00:00,5.6,6.0,0.33,0.324
2023-02-16T01:00,5.8,6.2,0.329,0.324
2023-02-16T02:00,5.4,6.2,0.329,0.324
2023-02-16T03:00,3.4,5.7,0.329,0.324
2023-02-16T04:00,2.7,5.1,0.329,0.324
2023-02-16T05:00,2.4,4.7,0.329,0.324
2023-02-16T06:00,2.2,4.2,0.329,0.324
2023-02-16T07:00,1.8,3.8,0.329,0.324
2023-02-16T08:00,4.8,5.6,0.327,0.323
2023-02-16T09:00,6.9,6.4,0.327,0.322
2023-02-16T10:00,7.6,7.2,0.326,0.322
2023-02-16T11:00,9.0,8.6,0.325,0.322
2023-02-16T12:00,9.4,9.4,0.324,0.322
2023-02-16T13:00,10.0,10.1,0.324,0.321
2023-02-16T14:00,10.4,10.8,0.323,0.321
2023-02-16T15:00,9.9,10.2,0.322,0.321
2023-02-16T16:00,9.9,10.1,0.322,0.321
2023-02-16T17:00,9.6,9.6,0.322,0.321
2023-02-16T18:00,8.9,9.2,0.322,0.321
2023-02-16T19:00,8.9,8.8,0.321,0.32
2023-02-16T20:00,7.0,8.2,0.325,0.322
2023-02-16T21:00,7.2,7.9,0.325,0.322
2023-02-16T22:00,5.7,7.3,0.325,0.322
2023-02-16T23:00,6.1,6.8,0.325,0.321
2023-02-17T00:00,5.7,6.4,0.325,0.321
2023-02-17T01:00,5.8,6.2,0.325,0.321
2023-02-17T02:00,5.8,5.8,0.324,0.321
2023-02-17T03:00,6.7,5.9,0.324,0.321
2023-02-17T04:00,5.8,6.1,0.324,0.321
2023-02-17T05:00,5.9,6.2,0.324,0.321
2023-02-17T06:00,5.6,6.2,0.324,0.321
2023-02-17T07:00,5.9,6.2,0.324,0.321
2023-02-17T08:00,6.8,7.7,0.326,0.322
2023-02-17T09:00,8.3,8.1,0.326,0.322
2023-02-17T10:00,10.2,9.4,0.325,0.322
2023-02-17T11:00,11.4,10.7,0.324,0.321
2023-02-17T12:00,12.2,11.7,0.323,0.321
2023-02-17T13:00,12.3,12.0,0.322,0.321
2023-02-17T14:00,12.8,12.4,0.321,0.321
2023-02-17T15:00,13.2,12.8,0.32,0.32
2023-02-17T16:00,13.3,12.8,0.32,0.32
2023-02-17T17:00,13.3,12.6,0.319,0.32
2023-02-17T18:00,12.1,11.9,0.319,0.32
2023-02-17T19:00,10.9,11.1,0.319,0.32
2023-02-17T20:00,8.9,11.3,0.319,0.319
2023-02-17T21:00,8.9,10.4,0.319,0.319
2023-02-17T22:00,8.9,9.8,0.319,0.319
2023-02-17T23:00,9.9,9.8,0.319,0.319
2023-02-18T00:00,10.0,9.7,0.318,0.319
2023-02-18T01:00,10.1,9.8,0.318,0.318
2023-02-18T02:00,10.2,9.8,0.318,0.318
2023-02-18T03:00,10.1,9.8,0.318,0.318
2023-02-18T04:00,9.9,9.8,0.319,0.318
2023-02-18T05:00,9.7,9.6,0.32,0.318
2023-02-18T06:00,9.6,9.6,0.321,0.318
2023-02-18T07:00,9.6,9.4,0.321,0.318
2023-02-18T08:00,9.8,10.2,0.321,0.317
2023-02-18T09:00,10.4,10.3,0.322,0.317
2023-02-18T10:00,10.6,10.6,0.323,0.317
2023-02-18T11:00,11.8,11.2,0.323,0.317
2023-02-18T12:00,12.6,12.0,0.323,0.317
2023-02-18T13:00,13.2,12.6,0.323,0.317
2023-02-18T14:00,13.4,12.6,0.323,0.317
2023-02-18T15:00,13.6,12.7,0.323,0.316
2023-02-18T16:00,13.8,12.6,0.323,0.316
2023-02-18T17:00,12.9,12.3,0.322,0.316
2023-02-18T18:00,12.1,11.9,0.324,0.316
2023-02-18T19:00,11.4,11.4,0.324,0.316
2023-02-18T20:00,10.3,10.2,0.322,0.313
2023-02-18T21:00,9.8,10.0,0.321,0.312
2023-02-18T22:00,10.0,9.9,0.321,0.312
2023-02-18T23:00,10.1,9.9,0.321,0.312
2023-02-19T00:00,9.9,9.9,0.321,0.312
2023-02-19T01:00,9.9,9.8,0.321,0.312
2023-02-19T02:00,9.6,9.6,0.32,0.312
2023-02-19T03:00,8.4,9.1,0.32,0.312
2023-02-19T04:00,8.8,8.6,0.32,0.312
2023-02-19T05:00,8.2,8.2,0.32,0.312
2023-02-19T06:00,7.6,7.8,0.32,0.312
2023-02-19T07:00,6.8,7.6,0.319,0.312
2023-02-19T08:00,7.3,7.3,0.31,0.307
2023-02-19T09:00,9.1,8.3,0.31,0.307
2023-02-19T10:00,10.9,9.8,0.309,0.306
2023-02-19T11:00,12.5,11.4,0.308,0.306
2023-02-19T12:00,13.9,13.0,0.306,0.306
2023-02-19T13:00,14.9,14.4,0.304,0.305
2023-02-19T14:00,15.4,15.4,0.302,0.305
2023-02-19T15:00,15.6,15.9,0.301,0.304
2023-02-19T16:00,15.3,15.7,0.299,0.304
2023-02-19T17:00,14.4,14.9,0.298,0.304
2023-02-19T18:00,11.6,13.5,0.298,0.304
2023-02-19T19:00,9.6,11.9,0.298,0.303
2023-02-19T20:00,8.0,12.1,0.295,0.302
2023-02-19T21:00,7.7,10.7,0.295,0.301
2023-02-19T22:00,6.3,9.6,0.295,0.301
2023-02-19T23:00,5.8,8.6,0.295,0.301
2023-02-20T00:00,5.4,7.9,0.295,0.301
2023-02-20T01:00,4.7,7.3,0.295,0.301
2023-02-20T02:00,3.8,6.8,0.295,0.301
2023-02-20T03:00,3.6,6.2,0.295,0.301
2023-02-20T04:00,3.3,5.8,0.295,0.301
2023-02-20T05:00,3.3,5.5,0.295,0.301
2023-02-20T06:00,3.5,5.2,0.295,0.301
2023-02-20T07:00,3.5,5.1,0.295,0.301
2023-02-20T08:00,5.2,4.7,0.295,0.3
2023-02-20T09:00,7.5,6.2,0.295,0.3
2023-02-20T10:00,10.1,8.4,0.294,0.3
2023-02-20T11:00,12.4,10.6,0.293,0.3
2023-02-20T12:00,13.9,12.6,0.292,0.299
2023-02-20T13:00,14.9,14.2,0.29,0.299
2023-02-20T14:00,15.4,15.4,0.288,0.298
2023-02-20T15:00,15.8,15.9,0.287,0.298
2023-02-20T16:00,15.9,15.8,0.286,0.298
2023-02-20T17:00,15.5,15.1,0.285,0.297
2023-02-20T18:00,12.4,13.6,0.285,0.297
2023-02-20T19:00,10.0,12.1,0.285,0.297
2023-02-20T20:00,10.9,12.5,0.281,0.295
2023-02-20T21:00,9.8,11.2,0.281,0.294
2023-02-20T22:00,8.8,10.3,0.281,0.294
2023-02-20T23:00,8.1,9.6,0.281,0.294
2023-02-21T00:00,7.7,9.0,0.281,0.294
2023-02-21T01:00,8.2,8.9,0.281,0.294
2023-02-21T02:00,8.3,8.9,0.281,0.294
2023-02-21T03:00,7.8,8.7,0.281,0.294
2023-02-21T04:00,8.1,8.6,0.281,0.294
2023-02-21T05:00,8.2,8.6,0.281,0.294
2023-02-21T06:00,8.4,8.7,0.28,0.294
2023-02-21T07:00,8.4,8.7,0.28,0.293
2023-02-21T08:00,8.9,9.7,0.272,0.288
2023-02-21T09:00,9.6,9.8,0.272,0.288
2023-02-21T10:00,10.2,10.2,0.271,0.287
2023-02-21T11:00,10.6,10.9,0.271,0.287
2023-02-21T12:00,10.4,10.9,0.27,0.287
2023-02-21T13:00,10.8,11.2,0.27,0.287
2023-02-21T14:00,10.6,11.2,0.269,0.287
2023-02-21T15:00,10.4,11.1,0.269,0.286
2023-02-21T16:00,11.0,11.3,0.269,0.286
2023-02-21T17:00,10.6,11.1,0.268,0.286
2023-02-21T18:00,9.9,10.6,0.268,0.286
2023-02-21T19:00,9.1,10.2,0.268,0.286
2023-02-21T20:00,8.9,10.8,0.265,0.284
2023-02-21T21:00,8.6,10.2,0.265,0.284
2023-02-21T22:00,8.3,9.8,0.265,0.284
2023-02-21T23:00,7.8,9.4,0.265,0.284
2023-02-22T00:00,7.7,9.1,0.265,0.284
2023-02-22T01:00,7.3,8.8,0.265,0.284
2023-02-22T02:00,7.2,8.6,0.265,0.284
2023-02-22T03:00,7.1,8.5,0.265,0.284
2023-02-22T04:00,6.8,8.4,0.265,0.284
2023-02-22T05:00,6.4,8.2,0.265,0.284
2023-02-22T06:00,6.2,8.1,0.265,0.283
2023-02-22T07:00,6.1,7.9,0.265,0.283
2023-02-22T08:00,6.2,8.1,0.267,0.284
2023-02-22T09:00,6.6,8.1,0.267,0.284
2023-02-22T10:00,6.4,8.1,0.268,0.284
2023-02-22T11:00,6.3,8.1,0.269,0.284
2023-02-22T12:00,6.1,8.1,0.269,0.284
2023-02-22T13:00,5.8,8.3,0.269,0.284
2023-02-22T14:00,5.9,8.6,0.269,0.284
2023-02-22T15:00,6.2,8.9,0.269,0.284
2023-02-22T16:00,6.3,9.1,0.268,0.283
2023-02-22T17:00,6.6,9.1,0.268,0.283
2023-02-22T18:00,6.4,8.9,0.268,0.283
2023-02-22T19:00,6.2,8.4,0.268,0.283
2023-02-22T20:00,5.9,7.9,0.266,0.279
2023-02-22T21:00,5.8,7.7,0.266,0.279
2023-02-22T22:00,5.6,7.5,0.266,0.279
2023-02-22T23:00,5.4,7.3,0.266,0.279
2023-02-23T00:00,5.6,7.2,0.267,0.279
2023-02-23T01:00,5.7,7.1,0.269,0.278
2023-02-23T02:00,5.6,6.9,0.269,0.278
2023-02-23T03:00,5.4,6.8,0.269,0.278
2023-02-23T04:00,5.5,6.7,0.269,0.278
2023-02-23T05:00,5.5,6.7,0.269,0.278
2023-02-23T06:00,5.4,6.6,0.269,0.278
2023-02-23T07:00,5.5,6.6,0.269,0.278
2023-02-23T08:00,5.6,6.3,0.27,0.277
2023-02-23T09:00,5.2,6.3,0.276,0.277
2023-02-23T10:00,5.1,6.3,0.281,0.277
2023-02-23T11:00,5.4,6.8,0.286,0.277
2023-02-23T12:00,5.5,6.8,0.288,0.277
2023-02-23T13:00,5.4,7.1,0.291,0.277
2023-02-23T14:00,5.6,7.1,0.294,0.277
2023-02-23T15:00,5.8,7.2,0.294,0.277
2023-02-23T16:00,6.2,7.6,0.294,0.277
2023-02-23T17:00,6.4,7.6,0.294,0.277
2023-02-23T18:00,6.4,7.4,0.294,0.277
2023-02-23T19:00,6.3,7.2,0.294,0.277
2023-02-23T20:00,5.6,6.4,0.288,0.279
2023-02-23T21:00,5.4,6.5,0.288,0.279
2023-02-23T22:00,5.3,6.4,0.288,0.279
2023-02-23T23:00,4.8,6.2,0.288,0.278
2023-02-24T00:00,4.5,5.9,0.288,0.278
2023-02-24T01:00,4.3,5.8,0.288,0.278
2023-02-24T02:00,3.4,5.3,0.288,0.278
2023-02-24T03:00,2.3,4.8,0.288,0.278
2023-02-24T04:00,2.8,4.3,0.288,0.278
2023-02-24T05:00,2.2,3.9,0.288,0.278
2023-02-24T06:00,1.4,3.5,0.288,0.278
2023-02-24T07:00,0.9,3.2,0.288,0.278
2023-02-24T08:00,3.5,3.8,0.288,0.278
2023-02-24T09:00,5.1,5.2,0.288,0.278
2023-02-24T10:00,7.1,7.0,0.287,0.278
2023-02-24T11:00,8.9,8.8,0.286,0.278
2023-02-24T12:00,10.8,10.3,0.285,0.278
2023-02-24T13:00,12.4,11.6,0.284,0.278
2023-02-24T14:00,12.8,12.4,0.283,0.277
2023-02-24T15:00,13.2,12.8,0.282,0.277
2023-02-24T16:00,13.7,12.9,0.281,0.277
2023-02-24T17:00,12.9,12.5,0.28,0.277
2023-02-24T18:00,11.0,11.6,0.28,0.277
2023-02-24T19:00,9.1,10.3,0.28,0.277
2023-02-24T20:00,7.3,9.1,0.284,0.283
2023-02-24T21:00,6.8,8.3,0.284,0.283
2023-02-24T22:00,6.2,7.7,0.284,0.283
2023-02-24T23:00,5.7,7.2,0.284,0.283
2023-02-25T00:00,5.1,6.7,0.284,0.283
2023-02-25T01:00,4.5,6.3,0.284,0.283
2023-02-25T02:00,4.0,5.9,0.284,0.283
2023-02-25T03:00,3.0,5.5,0.284,0.283
2023-02-25T04:00,2.8,5.1,0.284,0.283
2023-02-25T05:00,2.5,4.8,0.284,0.283
2023-02-25T06:00,2.2,4.4,0.284,0.282
2023-02-25T07:00,2.2,4.2,0.284,0.282
2023-02-25T08:00,4.1,4.7,0.283,0.282
2023-02-25T09:00,6.4,5.9,0.283,0.282
2023-02-25T10:00,8.7,7.8,0.283,0.282
2023-02-25T11:00,10.7,9.9,0.282,0.282
2023-02-25T12:00,12.3,11.8,0.28,0.281
2023-02-25T13:00,13.4,13.3,0.279,0.281
2023-02-25T14:00,13.3,13.5,0.278,0.281
2023-02-25T15:00,13.2,13.4,0.277,0.281
2023-02-25T16:00,12.8,13.1,0.276,0.28
2023-02-25T17:00,12.4,12.4,0.276,0.28
2023-02-25T18:00,11.6,11.8,0.276,0.28
2023-02-25T19:00,9.9,10.9,0.276,0.28
2023-02-25T20:00,7.8,10.0,0.279,0.283
2023-02-25T21:00,7.8,9.1,0.279,0.283
2023-02-25T22:00,7.3,8.6,0.279,0.283
2023-02-25T23:00,7.4,8.3,0.279,0.283
2023-02-26T00:00,6.6,7.9,0.279,0.283
2023-02-26T01:00,4.6,7.2,0.279,0.283
2023-02-26T02:00,3.8,6.6,0.279,0.283
2023-02-26T03:00,3.5,6.0,0.279,0.283
2023-02-26T04:00,3.4,5.6,0.279,0.283
2023-02-26T05:00,3.2,5.2,0.279,0.283
2023-02-26T06:00,3.0,4.8,0.279,0.283
2023-02-26T07:00,2.6,4.6,0.279,0.283
2023-02-26T08:00,5.6,5.2,0.277,0.281
2023-02-26T09:00,7.1,6.6,0.277,0.281
2023-02-26T10:00,8.5,8.4,0.276,0.281
2023-02-26T11:00,9.8,10.2,0.275,0.281
2023-02-26T12:00,10.8,12.0,0.274,0.28
2023-02-26T13:00,11.6,13.6,0.272,0.28
2023-02-26T14:00,12.1,14.6,0.271,0.28
2023-02-26T15:00,12.4,15.1,0.27,0.279
2023-02-26T16:00,12.4,15.0,0.269,0.279
2023-02-26T17:00,11.9,14.1,0.268,0.279
2023-02-26T18:00,9.2,12.6,0.268,0.279
2023-02-26T19:00,6.7,10.8,0.268,0.279
2023-02-26T20:00,8.3,11.2,0.269,0.279
2023-02-26T21:00,7.8,9.7,0.269,0.278
2023-02-26T22:00,6.7,8.4,0.269,0.278
2023-02-26T23:00,5.8,7.6,0.269,0.278
2023-02-27T00:00,5.7,7.1,0.269,0.278
2023-02-27T01:00,4.6,6.5,0.269,0.278
2023-02-27T02:00,3.8,6.0,0.269,0.278
2023-02-27T03:00,3.4,5.6,0.269,0.278
2023-02-27T04:00,3.2,5.2,0.269,0.278
2023-02-27T05:00,3.0,4.9,0.269,0.278
2023-02-27T06:00,2.9,4.7,0.269,0.278
2023-02-27T07:00,2.8,4.4,0.27,0.278
2023-02-27T08:00,4.7,4.8,0.269,0.278
2023-02-27T09:00,6.8,6.2,0.269,0.277
2023-02-27T10:00,9.2,8.1,0.268,0.277
2023-02-27T11:00,11.3,10.2,0.267,0.277
2023-02-27T12:00,13.1,12.2,0.266,0.277
2023-02-27T13:00,14.1,13.9,0.265,0.276
2023-02-27T14:00,14.8,15.2,0.263,0.276
2023-02-27T15:00,15.1,15.9,0.262,0.275
2023-02-27T16:00,15.1,15.8,0.26,0.275
2023-02-27T17:00,14.6,15.1,0.26,0.275
2023-02-27T18:00,11.2,13.5,0.26,0.275
2023-02-27T19:00,9.0,11.6,0.26,0.275
2023-02-27T20:00,8.9,12.9,0.256,0.27
2023-02-27T21:00,9.1,11.4,0.256,0.27
2023-02-27T22:00,8.9,10.4,0.256,0.27
2023-02-27T23:00,8.1,9.5,0.256,0.27
2023-02-28T00:00,6.8,8.8,0.256,0.27
2023-02-28T01:00,6.6,8.2,0.256,0.27
2023-02-28T02:00,7.3,8.0,0.256,0.27
2023-02-28T03:00,8.1,8.1,0.256,0.27
2023-02-28T04:00,8.1,8.2,0.257,0.27
2023-02-28T05:00,8.1,8.2,0.257,0.27
2023-02-28T06:00,8.3,8.4,0.257,0.27
2023-02-28T07:00,8.4,8.4,0.257,0.27
2023-02-28T08:00,8.9,8.4,0.267,0.269
2023-02-28T09:00,10.1,9.4,0.267,0.269
2023-02-28T10:00,11.9,11.2,0.266,0.269
2023-02-28T11:00,13.4,12.8,0.266,0.269
2023-02-28T12:00,15.2,14.6,0.264,0.269
2023-02-28T13:00,16.5,16.0,0.263,0.268
2023-02-28T14:00,17.2,16.8,0.262,0.268
2023-02-28T15:00,17.5,17.1,0.261,0.268
2023-02-28T16:00,17.5,17.1,0.26,0.268
2023-02-28T17:00,17.4,16.5,0.259,0.267
2023-02-28T18:00,15.4,15.6,0.259,0.267
2023-02-28T19:00,13.7,14.4,0.261,0.267
2023-02-28T20:00,11.9,13.4,0.261,0.265
2023-02-28T21:00,11.8,12.4,0.261,0.264
2023-02-28T22:00,11.5,11.9,0.261,0.264
2023-02-28T23:00,11.1,11.5,0.261,0.264
2023-03-01T00:00,11.1,11.2,0.261,0.264
2023-03-01T01:00,10.5,10.9,0.261,0.264
2023-03-01T02:00,10.6,10.7,0.261,0.264
2023-03-01T03:00,10.4,10.6,0.261,0.264
2023-03-01T04:00,10.2,10.4,0.261,0.264
2023-03-01T05:00,10.1,10.4,0.261,0.264
2023-03-01T06:00,9.8,10.2,0.261,0.264
2023-03-01T07:00,8.7,9.8,0.261,0.264
2023-03-01T08:00,9.9,10.3,0.267,0.265
2023-03-01T09:00,12.1,11.4,0.266,0.265
2023-03-01T10:00,14.1,13.0,0.266,0.264
2023-03-01T11:00,14.9,13.9,0.265,0.264
2023-03-01T12:00,16.7,15.5,0.264,0.264
2023-03-01T13:00,18.5,17.1,0.262,0.264
2023-03-01T14:00,19.1,18.2,0.26,0.263
2023-03-01T15:00,19.1,18.5,0.259,0.263
2023-03-01T16:00,19.0,18.4,0.258,0.263
2023-03-01T17:00,18.0,17.5,0.257,0.262
2023-03-01T18:00,16.1,16.4,0.257,0.262
2023-03-01T19:00,14.0,15.1,0.256,0.262
2023-03-01T20:00,11.8,14.2,0.255,0.262
2023-03-01T21:00,11.7,13.2,0.255,0.262
2023-03-01T22:00,11.3,12.4,0.255,0.262
2023-03-01T23:00,11.4,12.0,0.255,0.262
2023-03-02T00:00,11.3,11.7,0.255,0.262
2023-03-02T01:00,11.2,11.6,0.255,0.262
2023-03-02T02:00,10.4,11.2,0.255,0.262
2023-03-02T03:00,9.1,10.6,0.255,0.262
2023-03-02T04:00,8.5,10.1,0.255,0.262
2023-03-02T05:00,8.1,9.7,0.255,0.262
2023-03-02T06:00,7.6,9.3,0.255,0.262
2023-03-02T07:00,7.9,9.0,0.255,0.261
2023-03-02T08:00,9.6,9.2,0.256,0.262
2023-03-02T09:00,11.7,10.6,0.256,0.262
2023-03-02T10:00,13.5,12.4,0.255,0.262
2023-03-02T11:00,14.4,13.7,0.254,0.262
2023-03-02T12:00,15.6,15.3,0.253,0.262
2023-03-02T13:00,16.7,16.8,0.252,0.261
2023-03-02T14:00,17.5,18.0,0.25,0.261
2023-03-02T15:00,17.7,18.6,0.249,0.26
2023-03-02T16:00,17.5,18.6,0.248,0.26
2023-03-02T17:00,17.0,17.9,0.247,0.26
2023-03-02T18:00,13.9,16.4,0.247,0.26
2023-03-02T19:00,12.9,14.6,0.247,0.26
2023-03-02T20:00,13.4,15.4,0.247,0.256
2023-03-02T21:00,12.3,13.9,0.247,0.256
2023-03-02T22:00,10.8,12.9,0.247,0.256
2023-03-02T23:00,10.1,11.9,0.247,0.256
2023-03-03T00:00,10.2,11.4,0.247,0.256
2023-03-03T01:00,9.5,10.9,0.247,0.256
2023-03-03T02:00,8.7,10.3,0.247,0.256
2023-03-03T03:00,8.2,9.8,0.247,0.256
2023-03-03T04:00,7.9,9.4,0.247,0.256
2023-03-03T05:00,8.4,9.2,0.247,0.256
2023-03-03T06:00,7.8,9.0,0.247,0.256
2023-03-03T07:00,9.0,9.1,0.247,0.256
2023-03-03T08:00,10.4,8.9,0.245,0.255
2023-03-03T09:00,11.8,10.2,0.245,0.255
2023-03-03T10:00,13.2,11.8,0.245,0.255
2023-03-03T11:00,15.4,13.9,0.243,0.254
2023-03-03T12:00,17.0,16.0,0.242,0.254
2023-03-03T13:00,18.0,18.0,0.241,0.254
2023-03-03T14:00,18.4,18.9,0.239,0.253
2023-03-03T15:00,18.7,19.3,0.238,0.253
2023-03-03T16:00,19.0,19.5,0.237,0.253
2023-03-03T17:00,18.8,18.8,0.236,0.252
2023-03-03T18:00,15.8,17.3,0.236,0.252
2023-03-03T19:00,13.6,15.5,0.236,0.252
2023-03-03T20:00,12.1,15.4,0.23,0.249
2023-03-03T21:00,12.1,14.1,0.23,0.249
2023-03-03T22:00,11.1,12.9,0.23,0.249
2023-03-03T23:00,11.0,12.1,0.23,0.249
2023-03-04T00:00,11.3,11.6,0.23,0.249
2023-03-04T01:00,10.9,11.2,0.23,0.249
2023-03-04T02:00,10.4,10.9,0.23,0.249
2023-03-04T03:00,9.6,10.6,0.23,0.249
2023-03-04T04:00,9.1,10.1,0.23,0.249
2023-03-04T05:00,8.6,9.8,0.23,0.249
2023-03-04T06:00,7.6,9.4,0.231,0.249
2023-03-04T07:00,7.9,8.9,0.231,0.249
2023-03-04T08:00,10.2,9.3,0.229,0.248
2023-03-04T09:00,11.9,10.9,0.229,0.248
2023-03-04T10:00,13.9,13.0,0.229,0.248
2023-03-04T11:00,16.2,15.2,0.228,0.248
2023-03-04T12:00,18.4,17.2,0.227,0.247
2023-03-04T13:00,20.0,19.0,0.225,0.247
2023-03-04T14:00,21.1,20.1,0.224,0.247
2023-03-04T15:00,21.5,20.5,0.223,0.246
2023-03-04T16:00,21.7,20.4,0.222,0.246
2023-03-04T17:00,21.1,19.8,0.222,0.246
2023-03-04T18:00,18.2,18.5,0.221,0.246
2023-03-04T19:00,16.1,17.0,0.221,0.246
2023-03-04T20:00,14.0,17.1,0.222,0.247
2023-03-04T21:00,13.6,15.6,0.222,0.247
2023-03-04T22:00,12.4,14.4,0.222,0.247
2023-03-04T23:00,11.6,13.4,0.222,0.247
2023-03-05T00:00,10.8,12.4,0.222,0.247
2023-03-05T01:00,10.6,11.9,0.222,0.247
2023-03-05T02:00,9.4,11.2,0.222,0.247
2023-03-05T03:00,9.5,10.7,0.222,0.247
2023-03-05T04:00,9.4,10.4,0.222,0.247
2023-03-05T05:00,9.7,9.9,0.223,0.247
2023-03-05T06:00,11.9,9.4,0.223,0.246
2023-03-05T07:00,11.5,8.9,0.223,0.246
2023-03-05T08:00,11.4,9.4,0.223,0.247
2023-03-05T09:00,13.5,11.2,0.223,0.247
2023-03-05T10:00,16.0,13.6,0.223,0.247
2023-03-05T11:00,18.5,16.1,0.222,0.246
2023-03-05T12:00,20.5,18.3,0.22,0.246
2023-03-05T13:00,22.0,20.0,0.219,0.246
2023-03-05T14:00,22.8,21.2,0.217,0.245
2023-03-05T15:00,23.1,21.8,0.216,0.245
2023-03-05T16:00,23.1,21.8,0.215,0.244
2023-03-05T17:00,22.4,21.0,0.214,0.244
2023-03-05T18:00,18.8,19.5,0.214,0.244
2023-03-05T19:00,15.6,17.6,0.214,0.244
2023-03-05T20:00,14.2,18.2,0.202,0.235
2023-03-05T21:00,14.2,16.6,0.202,0.235
2023-03-05T22:00,13.8,15.3,0.202,0.235
2023-03-05T23:00,13.4,14.4,0.202,0.235
2023-03-06T00:00,12.4,13.6,0.202,0.235
2023-03-06T01:00,11.2,12.8,0.203,0.235
2023-03-06T02:00,11.9,12.1,0.203,0.235
2023-03-06T03:00,13.5,11.5,0.203,0.235
2023-03-06T04:00,10.1,11.0,0.203,0.235
2023-03-06T05:00,9.6,10.6,0.203,0.235
2023-03-06T06:00,9.2,10.1,0.203,0.235
2023-03-06T07:00,9.8,9.9,0.203,0.235
2023-03-06T08:00,12.7,10.4,0.2,0.233
2023-03-06T09:00,15.2,12.2,0.2,0.232
2023-03-06T10:00,18.0,14.6,0.2,0.232
2023-03-06T11:00,20.8,17.0,0.199,0.232
2023-03-06T12:00,22.8,19.5,0.198,0.232
2023-03-06T13:00,24.0,21.4,0.196,0.231
2023-03-06T14:00,24.6,22.7,0.195,0.231
2023-03-06T15:00,24.6,23.0,0.194,0.23
2023-03-06T16:00,23.9,22.0,0.193,0.23
2023-03-06T17:00,23.6,21.5,0.193,0.23
2023-03-06T18:00,20.6,20.1,0.193,0.23
2023-03-06T19:00,18.1,18.5,0.193,0.23
2023-03-06T20:00,17.5,19.2,0.183,0.222
2023-03-06T21:00,17.7,18.0,0.183,0.222
2023-03-06T22:00,17.1,17.1,0.183,0.222
2023-03-06T23:00,16.8,16.5,0.183,0.222
2023-03-07T00:00,16.1,15.9,0.183,0.222
2023-03-07T01:00,14.9,15.4,0.183,0.222
2023-03-07T02:00,15.0,15.0,0.183,0.222
2023-03-07T03:00,15.2,14.6,0.183,0.222
2023-03-07T04:00,15.6,14.6,0.184,0.222
2023-03-07T05:00,14.6,14.4,0.187,0.222
2023-03-07T06:00,14.4,14.1,0.194,0.222
2023-03-07T07:00,14.4,13.9,0.203,0.222
2023-03-07T08:00,15.1,14.4,0.185,0.219
2023-03-07T09:00,16.5,15.1,0.185,0.219
2023-03-07T10:00,17.4,15.8,0.185,0.219
2023-03-07T11:00,18.1,16.5,0.185,0.219
2023-03-07T12:00,18.8,17.2,0.185,0.219
2023-03-07T13:00,19.1,17.6,0.185,0.218
2023-03-07T14:00,19.6,18.0,0.185,0.218
2023-03-07T15:00,20.0,18.5,0.185,0.218
2023-03-07T16:00,20.5,18.9,0.184,0.218
2023-03-07T17:00,20.5,19.2,0.184,0.218
2023-03-07T18:00,19.0,18.6,0.184,0.218
2023-03-07T19:00,17.5,17.7,0.184,0.218
2023-03-07T20:00,16.3,18.5,0.175,0.207
2023-03-07T21:00,16.7,17.5,0.175,0.207
2023-03-07T22:00,16.0,16.7,0.175,0.207
2023-03-07T23:00,15.7,16.0,0.176,0.207
2023-03-08T00:00,15.7,15.6,0.176,0.207
2023-03-08T01:00,15.8,15.3,0.176,0.207
2023-03-08T02:00,15.9,15.1,0.181,0.207
2023-03-08T03:00,15.9,15.1,0.189,0.207
2023-03-08T04:00,15.1,14.9,0.19,0.207
2023-03-08T05:00,14.9,14.6,0.19,0.207
2023-03-08T06:00,15.3,14.5,0.19,0.207
2023-03-08T07:00,15.2,14.5,0.191,0.207
2023-03-08T08:00,16.0,15.6,0.203,0.204
2023-03-08T09:00,17.9,16.5,0.203,0.204
2023-03-08T10:00,19.3,17.9,0.202,0.204
2023-03-08T11:00,20.4,19.4,0.202,0.204
2023-03-08T12:00,21.5,21.0,0.201,0.204
2023-03-08T13:00,22.2,22.3,0.2,0.204
2023-03-08T14:00,22.6,23.0,0.2,0.204
2023-03-08T15:00,23.3,23.5,0.199,0.203
2023-03-08T16:00,23.5,23.6,0.199,0.203
2023-03-08T17:00,22.6,23.0,0.198,0.203
2023-03-08T18:00,19.4,21.8,0.198,0.203
2023-03-08T19:00,17.9,20.2,0.198,0.203
2023-03-08T20:00,16.6,19.8,0.199,0.203
2023-03-08T21:00,16.4,18.5,0.199,0.203
2023-03-08T22:00,15.7,17.6,0.199,0.203
2023-03-08T23:00,14.7,16.8,0.199,0.203
2023-03-09T00:00,14.2,15.9,0.199,0.203
2023-03-09T01:00,13.8,15.2,0.199,0.203
2023-03-09T02:00,13.3,14.6,0.199,0.203
2023-03-09T03:00,14.6,14.1,0.199,0.203
2023-03-09T04:00,13.7,13.9,0.199,0.203
2023-03-09T05:00,13.9,14.1,0.199,0.203
2023-03-09T06:00,14.2,14.3,0.199,0.203
2023-03-09T07:00,14.5,14.4,0.199,0.203
2023-03-09T08:00,14.3,15.8,0.199,0.203
2023-03-09T09:00,15.0,16.2,0.199,0.203
2023-03-09T10:00,16.7,17.1,0.198,0.203
2023-03-09T11:00,18.5,18.6,0.198,0.202
2023-03-09T12:00,20.9,20.8,0.197,0.202
2023-03-09T13:00,22.4,23.0,0.196,0.202
2023-03-09T14:00,23.5,24.5,0.195,0.202
2023-03-09T15:00,24.2,25.2,0.193,0.201
2023-03-09T16:00,24.4,25.2,0.192,0.201
2023-03-09T17:00,23.9,24.5,0.192,0.201
2023-03-09T18:00,21.8,23.1,0.192,0.201
2023-03-09T19:00,19.4,21.4,0.192,0.201
2023-03-09T20:00,17.7,20.9,0.195,0.204
2023-03-09T21:00,16.9,19.5,0.195,0.204
2023-03-09T22:00,16.5,18.4,0.195,0.204
2023-03-09T23:00,15.4,17.5,0.195,0.204
2023-03-10T00:00,14.6,16.6,0.195,0.204
2023-03-10T01:00,14.5,15.9,0.195,0.204
2023-03-10T02:00,14.4,15.4,0.195,0.204
2023-03-10T03:00,13.6,14.9,0.195,0.204
2023-03-10T04:00,13.4,14.5,0.195,0.204
2023-03-10T05:00,12.9,14.1,0.195,0.204
2023-03-10T06:00,12.6,13.8,0.195,0.204
2023-03-10T07:00,12.6,13.4,0.195,0.204
2023-03-10T08:00,14.5,14.1,0.196,0.205
2023-03-10T09:00,15.9,15.6,0.196,0.205
2023-03-10T10:00,18.0,17.8,0.196,0.205
2023-03-10T11:00,20.4,20.2,0.195,0.204
2023-03-10T12:00,22.5,22.3,0.194,0.204
2023-03-10T13:00,23.3,23.2,0.193,0.204
2023-03-10T14:00,23.5,23.5,0.192,0.204
2023-03-10T15:00,23.4,23.4,0.192,0.204
2023-03-10T16:00,23.0,22.6,0.191,0.204
2023-03-10T17:00,22.6,22.0,0.191,0.204
2023-03-10T18:00,20.9,21.1,0.191,0.204
2023-03-10T19:00,19.4,20.0,0.191,0.204
2023-03-10T20:00,19.0,21.1,0.186,0.2
2023-03-10T21:00,19.6,19.9,0.187,0.2
2023-03-10T22:00,20.2,19.0,0.187,0.2
2023-03-10T23:00,19.8,18.4,0.187,0.2
2023-03-11T00:00,19.7,18.0,0.187,0.2
2023-03-11T01:00,18.3,17.8,0.187,0.2
2023-03-11T02:00,18.2,17.6,0.187,0.2
2023-03-11T03:00,17.0,17.4,0.187,0.2
2023-03-11T04:00,16.2,17.0,0.19,0.2
2023-03-11T05:00,16.0,16.6,0.21,0.2
2023-03-11T06:00,15.9,16.2,0.224,0.2
2023-03-11T07:00,15.8,16.0,0.228,0.2
2023-03-11T08:00,16.8,16.5,0.222,0.2
2023-03-11T09:00,17.9,17.2,0.222,0.2
2023-03-11T10:00,18.9,18.5,0.222,0.2
2023-03-11T11:00,19.9,20.1,0.221,0.2
2023-03-11T12:00,20.4,21.5,0.22,0.2
2023-03-11T13:00,21.2,23.0,0.218,0.2
2023-03-11T14:00,21.9,24.4,0.217,0.2
2023-03-11T15:00,22.0,24.9,0.216,0.2
2023-03-11T16:00,22.2,24.6,0.215,0.199
2023-03-11T17:00,22.4,24.0,0.214,0.199
2023-03-11T18:00,21.2,22.9,0.214,0.199
2023-03-11T19:00,18.8,21.3,0.214,0.199
2023-03-11T20:00,17.1,20.2,0.216,0.199
2023-03-11T21:00,18.2,19.3,0.216,0.199
2023-03-11T22:00,16.5,18.5,0.215,0.199
2023-03-11T23:00,15.4,17.8,0.215,0.199
2023-03-12T00:00,14.4,17.1,0.215,0.199
2023-03-12T01:00,13.6,16.5,0.215,0.199
2023-03-12T02:00,12.9,15.9,0.214,0.199
2023-03-12T03:00,12.1,15.2,0.214,0.199
2023-03-12T04:00,11.7,14.6,0.214,0.199
2023-03-12T05:00,11.4,14.1,0.213,0.199
2023-03-12T06:00,11.3,13.7,0.213,0.199
2023-03-12T07:00,11.6,13.6,0.213,0.199
2023-03-12T08:00,12.6,14.6,0.212,0.199
2023-03-12T09:00,13.7,15.0,0.211,0.199
2023-03-12T10:00,15.4,16.1,0.211,0.199
2023-03-12T11:00,14.9,16.6,0.21,0.199
2023-03-12T12:00,16.7,18.1,0.209,0.198
2023-03-12T13:00,17.5,19.5,0.207,0.198
2023-03-12T14:00,17.5,20.4,0.206,0.198
2023-03-12T15:00,17.4,20.8,0.204,0.198
2023-03-12T16:00,16.9,20.5,0.203,0.198
2023-03-12T17:00,16.2,19.8,0.203,0.198
2023-03-12T18:00,14.9,18.5,0.202,0.197
2023-03-12T19:00,13.6,17.0,0.202,0.197
2023-03-12T20:00,12.1,16.5,0.202,0.198
2023-03-12T21:00,11.9,15.4,0.202,0.198
2023-03-12T22:00,11.6,14.6,0.202,0.198
2023-03-12T23:00,11.1,13.9,0.201,0.198
2023-03-13T00:00,10.4,13.4,0.201,0.198
2023-03-13T01:00,9.6,12.7,0.201,0.198
2023-03-13T02:00,8.4,11.9,0.201,0.198
2023-03-13T03:00,7.2,11.2,0.201,0.198
2023-03-13T04:00,6.7,10.6,0.201,0.198
2023-03-13T05:00,6.4,10.1,0.201,0.198
2023-03-13T06:00,6.7,9.4,0.201,0.198
2023-03-13T07:00,7.2,8.9,0.201,0.198
2023-03-13T08:00,9.0,9.6,0.2,0.197
2023-03-13T09:00,10.9,11.4,0.2,0.197
2023-03-13T10:00,12.9,13.8,0.199,0.197
2023-03-13T11:00,14.7,16.1,0.198,0.197
2023-03-13T12:00,16.0,18.2,0.197,0.197
2023-03-13T13:00,17.1,20.0,0.196,0.197
2023-03-13T14:00,18.0,21.2,0.194,0.196
2023-03-13T15:00,18.5,21.7,0.193,0.196
2023-03-13T16:00,18.5,21.5,0.192,0.196
2023-03-13T17:00,18.2,20.7,0.191,0.196
2023-03-13T18:00,16.2,19.1,0.191,0.196
2023-03-13T19:00,13.8,17.2,0.191,0.196
2023-03-13T20:00,12.8,17.1,0.185,0.192
2023-03-13T21:00,12.4,15.6,0.185,0.192
2023-03-13T22:00,11.9,14.4,0.185,0.192
2023-03-13T23:00,11.8,13.6,0.185,0.192
2023-03-14T00:00,11.8,12.9,0.185,0.192
2023-03-14T01:00,11.4,12.6,0.185,0.192
2023-03-14T02:00,11.2,12.1,0.185,0.192
2023-03-14T03:00,11.2,11.9,0.185,0.192
2023-03-14T04:00,11.1,11.7,0.185,0.192
2023-03-14T05:00,11.0,11.5,0.185,0.192
2023-03-14T06:00,10.8,11.2,0.185,0.192
2023-03-14T07:00,11.0,11.1,0.185,0.192
2023-03-14T08:00,13.4,13.1,0.18,0.189
2023-03-14T09:00,15.8,14.4,0.18,0.189
2023-03-14T10:00,17.9,16.2,0.179,0.188
2023-03-14T11:00,20.0,18.4,0.178,0.188
2023-03-14T12:00,21.5,20.4,0.178,0.188
2023-03-14T13:00,23.2,22.0,0.176,0.188
2023-03-14T14:00,23.8,23.2,0.175,0.188
2023-03-14T15:00,24.0,23.9,0.174,0.187
2023-03-14T16:00,23.9,23.9,0.174,0.187
2023-03-14T17:00,23.2,23.2,0.173,0.187
2023-03-14T18:00,21.1,22.0,0.173,0.187
2023-03-14T19:00,18.5,20.2,0.173,0.187
2023-03-14T20:00,18.0,20.6,0.169,0.184
2023-03-14T21:00,18.1,19.2,0.169,0.184
2023-03-14T22:00,16.3,18.0,0.169,0.184
2023-03-14T23:00,15.1,16.9,0.169,0.184
2023-03-15T00:00,14.4,16.0,0.168,0.184
2023-03-15T01:00,14.5,15.2,0.168,0.184
2023-03-15T02:00,13.3,14.6,0.168,0.184
2023-03-15T03:00,13.0,14.1,0.168,0.184
2023-03-15T04:00,13.9,13.6,0.168,0.184
2023-03-15T05:00,15.0,13.1,0.168,0.184
2023-03-15T06:00,14.7,12.8,0.169,0.184
2023-03-15T07:00,12.1,12.5,0.169,0.184
2023-03-15T08:00,15.0,13.2,0.164,0.182
2023-03-15T09:00,18.0,15.4,0.164,0.182
2023-03-15T10:00,20.2,17.9,0.163,0.182
2023-03-15T11:00,22.3,20.4,0.163,0.181
2023-03-15T12:00,23.3,22.5,0.162,0.181
2023-03-15T13:00,23.8,24.2,0.161,0.181
2023-03-15T14:00,24.3,25.4,0.161,0.181
2023-03-15T15:00,24.3,25.9,0.16,0.181
2023-03-15T16:00,24.0,25.6,0.16,0.18
2023-03-15T17:00,23.1,24.8,0.159,0.18
2023-03-15T18:00,21.2,23.4,0.159,0.18
2023-03-15T19:00,19.2,21.6,0.159,0.18
2023-03-15T20:00,16.2,20.3,0.159,0.18
2023-03-15T21:00,15.4,19.0,0.159,0.18
2023-03-15T22:00,14.6,17.9,0.159,0.18
2023-03-15T23:00,14.3,17.1,0.159,0.18
2023-03-16T00:00,14.2,16.6,0.159,0.18
2023-03-16T01:00,13.7,16.1,0.159,0.18
2023-03-16T02:00,13.8,15.8,0.159,0.18
2023-03-16T03:00,13.4,15.4,0.158,0.18
2023-03-16T04:00,13.4,15.1,0.158,0.18
2023-03-16T05:00,12.6,14.8,0.158,0.18
2023-03-16T06:00,11.7,14.3,0.158,0.18
2023-03-16T07:00,11.6,13.9,0.158,0.18
2023-03-16T08:00,12.4,14.1,0.159,0.181
2023-03-16T09:00,14.4,15.2,0.159,0.181
2023-03-16T10:00,15.9,16.6,0.158,0.181
2023-03-16T11:00,15.8,17.2,0.158,0.181
2023-03-16T12:00,16.7,18.0,0.158,0.181
2023-03-16T13:00,17.2,18.3,0.158,0.181
2023-03-16T14:00,18.3,19.3,0.158,0.181
2023-03-16T15:00,18.3,19.2,0.158,0.18
2023-03-16T16:00,17.2,18.7,0.164,0.18
2023-03-16T17:00,11.9,16.5,0.173,0.18
2023-03-16T18:00,11.2,14.9,0.175,0.18
2023-03-16T19:00,10.4,13.7,0.182,0.18
2023-03-16T20:00,8.2,11.1,0.253,0.182
2023-03-16T21:00,7.6,10.6,0.275,0.182
2023-03-16T22:00,7.3,10.4,0.319,0.183
2023-03-16T23:00,7.3,10.1,0.353,0.184
2023-03-17T00:00,7.3,9.9,0.375,0.185
2023-03-17T01:00,7.5,9.8,0.413,0.189
2023-03-17T02:00,6.9,9.6,0.413,0.197
2023-03-17T03:00,6.2,9.2,0.406,0.203
2023-03-17T04:00,5.8,8.9,0.396,0.207
2023-03-17T05:00,5.6,8.6,0.387,0.21
2023-03-17T06:00,5.7,8.4,0.381,0.212
2023-03-17T07:00,5.8,8.2,0.376,0.214
2023-03-17T08:00,6.0,7.8,0.366,0.219
2023-03-17T09:00,6.1,8.1,0.363,0.221
2023-03-17T10:00,7.2,8.6,0.359,0.222
2023-03-17T11:00,8.4,9.4,0.355,0.223
2023-03-17T12:00,8.8,10.3,0.352,0.224
2023-03-17T13:00,9.9,11.5,0.348,0.224
2023-03-17T14:00,10.1,12.2,0.345,0.225
2023-03-17T15:00,10.4,12.6,0.342,0.226
2023-03-17T16:00,10.5,12.7,0.339,0.226
2023-03-17T17:00,10.5,12.6,0.336,0.227
2023-03-17T18:00,10.1,12.2,0.334,0.228
2023-03-17T19:00,9.6,11.6,0.332,0.228
2023-03-17T20:00,8.0,9.7,0.325,0.227
2023-03-17T21:00,7.8,9.7,0.324,0.227
2023-03-17T22:00,7.8,9.7,0.323,0.227
2023-03-17T23:00,7.6,9.7,0.321,0.228
2023-03-18T00:00,7.6,9.6,0.32,0.228
2023-03-18T01:00,7.3,9.5,0.319,0.229
2023-03-18T02:00,7.2,9.4,0.318,0.229
2023-03-18T03:00,7.2,9.4,0.316,0.229
2023-03-18T04:00,7.0,9.3,0.315,0.23
2023-03-18T05:00,6.9,9.2,0.314,0.23
2023-03-18T06:00,7.0,9.1,0.313,0.23
2023-03-18T07:00,7.1,9.1,0.312,0.23
2023-03-18T08:00,7.2,8.8,0.311,0.23
2023-03-18T09:00,8.1,9.6,0.31,0.231
2023-03-18T10:00,9.1,10.9,0.309,0.231
2023-03-18T11:00,10.1,12.0,0.307,0.231
2023-03-18T12:00,10.6,12.8,0.306,0.231
2023-03-18T13:00,10.3,12.6,0.313,0.231
2023-03-18T14:00,10.1,12.2,0.321,0.232
2023-03-18T15:00,10.1,12.4,0.329,0.232
2023-03-18T16:00,9.9,11.9,0.355,0.233
2023-03-18T17:00,10.1,11.5,0.369,0.234
2023-03-18T18:00,9.9,11.1,0.384,0.235
2023-03-18T19:00,9.8,10.8,0.383,0.237
2023-03-18T20:00,9.2,9.3,0.39,0.246
2023-03-18T21:00,8.7,9.4,0.384,0.248
2023-03-18T22:00,8.9,9.6,0.379,0.25
2023-03-18T23:00,8.9,9.6,0.374,0.251
2023-03-19T00:00,8.7,9.6,0.371,0.253
2023-03-19T01:00,8.7,9.6,0.368,0.254
2023-03-19T02:00,8.7,9.6,0.364,0.255
2023-03-19T03:00,8.6,9.5,0.361,0.256
2023-03-19T04:00,8.4,9.4,0.359,0.257
2023-03-19T05:00,8.4,9.4,0.356,0.257
2023-03-19T06:00,8.1,9.2,0.354,0.258
2023-03-19T07:00,8.6,9.3,0.352,0.259
2023-03-19T08:00,8.7,8.8,0.352,0.261
2023-03-19T09:00,9.8,10.0,0.35,0.261
2023-03-19T10:00,11.1,11.6,0.348,0.262
2023-03-19T11:00,11.8,12.7,0.346,0.262
2023-03-19T12:00,12.3,13.8,0.344,0.263
2023-03-19T13:00,12.7,14.4,0.342,0.263
2023-03-19T14:00,12.9,14.9,0.341,0.263
2023-03-19T15:00,12.4,14.4,0.342,0.264
2023-03-19T16:00,11.8,13.6,0.345,0.264
2023-03-19T17:00,11.6,13.0,0.367,0.265
2023-03-19T18:00,11.3,12.4,0.366,0.266
2023-03-19T19:00,10.9,11.9,0.365,0.267
2023-03-19T20:00,10.2,10.6,0.408,0.294
2023-03-19T21:00,10.1,10.6,0.401,0.297
2023-03-19T22:00,10.1,10.6,0.395,0.299
2023-03-19T23:00,9.4,10.4,0.39,0.3
2023-03-20T00:00,9.7,10.4,0.386,0.302
2023-03-20T01:00,9.6,10.3,0.382,0.303
2023-03-20T02:00,9.6,10.2,0.379,0.304
2023-03-20T03:00,9.4,10.2,0.376,0.304
2023-03-20T04:00,9.2,10.1,0.374,0.305
2023-03-20T05:00,8.3,9.8,0.371,0.306
2023-03-20T06:00,8.2,9.4,0.369,0.306
2023-03-20T07:00,8.9,9.4,0.367,0.307
2023-03-20T08:00,9.6,9.9,0.364,0.307
2023-03-20T09:00,10.3,10.8,0.363,0.307
2023-03-20T10:00,10.5,11.2,0.363,0.308
2023-03-20T11:00,11.2,12.1,0.361,0.308
2023-03-20T12:00,11.4,12.2,0.37,0.308
2023-03-20T13:00,11.6,12.4,0.389,0.309
2023-03-20T14:00,11.8,12.9,0.425,0.314
2023-03-20T15:00,12.4,13.4,0.413,0.318
2023-03-20T16:00,12.4,13.1,0.406,0.321
2023-03-20T17:00,12.4,12.7,0.4,0.323
2023-03-20T18:00,12.2,12.4,0.396,0.324
2023-03-20T19:00,11.8,12.1,0.392,0.325
2023-03-20T20:00,11.4,10.7,0.377,0.314
2023-03-20T21:00,11.1,10.9,0.378,0.315
2023-03-20T22:00,10.9,11.0,0.378,0.315
2023-03-20T23:00,10.9,11.1,0.377,0.316
2023-03-21T00:00,10.8,11.1,0.375,0.317
2023-03-21T01:00,10.8,11.1,0.379,0.317
2023-03-21T02:00,10.7,11.1,0.381,0.318
2023-03-21T03:00,10.6,11.1,0.382,0.319
2023-03-21T04:00,10.6,11.1,0.381,0.319
2023-03-21T05:00,10.6,11.0,0.38,0.32
2023-03-21T06:00,10.5,10.9,0.378,0.321
2023-03-21T07:00,10.6,10.9,0.377,0.321
2023-03-21T08:00,10.9,10.8,0.374,0.322
2023-03-21T09:00,11.4,11.5,0.372,0.322
2023-03-21T10:00,11.6,11.9,0.374,0.323
2023-03-21T11:00,12.3,12.6,0.372,0.323
2023-03-21T12:00,12.8,12.9,0.37,0.324
2023-03-21T13:00,13.6,13.8,0.368,0.324
2023-03-21T14:00,14.1,14.3,0.367,0.324
2023-03-21T15:00,14.4,14.6,0.365,0.324
2023-03-21T16:00,14.3,14.6,0.363,0.324
2023-03-21T17:00,14.3,14.5,0.362,0.325
2023-03-21T18:00,14.1,14.2,0.361,0.325
2023-03-21T19:00,12.4,13.6,0.36,0.325
2023-03-21T20:00,12.6,12.4,0.372,0.33
2023-03-21T21:00,12.3,12.4,0.371,0.33
2023-03-21T22:00,11.6,12.1,0.369,0.33
2023-03-21T23:00,11.1,11.9,0.368,0.33
2023-03-22T00:00,11.1,11.7,0.367,0.331
2023-03-22T01:00,10.6,11.4,0.366,0.331
2023-03-22T02:00,11.0,11.2,0.365,0.331
2023-03-22T03:00,11.6,11.4,0.363,0.331
2023-03-22T04:00,11.6,11.6,0.362,0.331
2023-03-22T05:00,11.9,11.6,0.361,0.331
2023-03-22T06:00,12.1,11.8,0.361,0.331
2023-03-22T07:00,12.4,11.9,0.36,0.331
2023-03-22T08:00,12.1,11.4,0.372,0.332
2023-03-22T09:00,12.9,12.1,0.384,0.332
2023-03-22T10:00,13.8,12.9,0.388,0.333
2023-03-22T11:00,15.6,14.4,0.387,0.334
2023-03-22T12:00,16.1,15.1,0.385,0.334
2023-03-22T13:00,17.2,16.1,0.382,0.335
2023-03-22T14:00,17.6,16.5,0.38,0.335
2023-03-22T15:00,18.0,16.9,0.377,0.335
2023-03-22T16:00,18.0,17.0,0.375,0.335
2023-03-22T17:00,17.6,16.6,0.373,0.335
2023-03-22T18:00,17.0,16.2,0.371,0.335
2023-03-22T19:00,16.4,15.7,0.37,0.336
2023-03-22T20:00,15.4,14.7,0.366,0.335
2023-03-22T21:00,14.1,14.2,0.365,0.335
2023-03-22T22:00,13.9,14.1,0.364,0.335
2023-03-22T23:00,13.4,13.7,0.363,0.335
2023-03-23T00:00,12.7,13.3,0.362,0.335
2023-03-23T01:00,12.9,13.1,0.361,0.335
2023-03-23T02:00,12.3,12.9,0.36,0.335
2023-03-23T03:00,12.1,12.6,0.36,0.335
2023-03-23T04:00,12.3,12.6,0.359,0.335
2023-03-23T05:00,12.4,12.6,0.358,0.335
2023-03-23T06:00,12.2,12.6,0.357,0.335
2023-03-23T07:00,12.6,12.6,0.357,0.335
2023-03-23T08:00,12.9,12.3,0.357,0.335
2023-03-23T09:00,13.9,13.1,0.356,0.335
2023-03-23T10:00,15.6,14.3,0.355,0.335
2023-03-23T11:00,16.5,15.2,0.354,0.335
2023-03-23T12:00,17.6,16.2,0.353,0.335
2023-03-23T13:00,18.1,17.0,0.352,0.334
2023-03-23T14:00,18.4,17.5,0.351,0.334
2023-03-23T15:00,17.8,17.1,0.351,0.334
2023-03-23T16:00,17.8,16.9,0.351,0.334
2023-03-23T17:00,17.0,16.4,0.366,0.334
2023-03-23T18:00,16.0,15.7,0.372,0.334
2023-03-23T19:00,15.0,15.0,0.37,0.334
2023-03-23T20:00,14.1,14.7,0.36,0.338
2023-03-23T21:00,13.6,14.4,0.36,0.338
2023-03-23T22:00,12.9,14.0,0.362,0.338
2023-03-23T23:00,12.5,13.6,0.366,0.338
2023-03-24T00:00,12.4,13.2,0.381,0.339
2023-03-24T01:00,12.3,13.0,0.384,0.339
2023-03-24T02:00,12.1,12.8,0.383,0.339
2023-03-24T03:00,11.8,12.6,0.381,0.34
2023-03-24T04:00,11.6,12.4,0.379,0.34
2023-03-24T05:00,11.1,12.1,0.378,0.341
2023-03-24T06:00,10.4,11.8,0.378,0.341
2023-03-24T07:00,10.1,11.4,0.376,0.341
2023-03-24T08:00,10.2,11.0,0.381,0.341
2023-03-24T09:00,10.6,11.3,0.379,0.341
2023-03-24T10:00,11.2,11.8,0.377,0.341
2023-03-24T11:00,11.4,12.2,0.375,0.341
2023-03-24T12:00,11.9,13.0,0.372,0.341
2023-03-24T13:00,12.8,14.2,0.37,0.341
2023-03-24T14:00,13.8,15.9,0.367,0.341
2023-03-24T15:00,13.2,15.6,0.365,0.341
2023-03-24T16:00,12.9,14.9,0.363,0.34
2023-03-24T17:00,12.9,14.4,0.362,0.34
2023-03-24T18:00,12.8,13.9,0.361,0.34
2023-03-24T19:00,12.3,13.4,0.36,0.34
2023-03-24T20:00,11.8,12.8,0.362,0.341
2023-03-24T21:00,11.4,12.4,0.364,0.341
2023-03-24T22:00,10.5,11.8,0.366,0.341
2023-03-24T23:00,9.6,11.2,0.365,0.341
2023-03-25T00:00,9.2,11.0,0.364,0.341
2023-03-25T01:00,8.9,10.9,0.363,0.341
2023-03-25T02:00,8.9,10.8,0.362,0.341
2023-03-25T03:00,8.8,10.7,0.362,0.341
2023-03-25T04:00,8.6,10.6,0.361,0.341
2023-03-25T05:00,8.3,10.5,0.36,0.341
2023-03-25T06:00,8.2,10.4,0.359,0.341
2023-03-25T07:00,8.2,10.3,0.359,0.341
2023-03-25T08:00,8.4,10.1,0.378,0.346
2023-03-25T09:00,9.4,11.0,0.376,0.346
2023-03-25T10:00,10.4,12.4,0.374,0.346
2023-03-25T11:00,11.4,13.9,0.372,0.345
2023-03-25T12:00,12.6,15.2,0.369,0.345
2023-03-25T13:00,12.9,15.7,0.367,0.345
2023-03-25T14:00,13.1,15.8,0.365,0.345
2023-03-25T15:00,13.0,15.6,0.364,0.344
2023-03-25T16:00,12.9,15.2,0.363,0.344
2023-03-25T17:00,12.6,14.7,0.363,0.344
2023-03-25T18:00,12.1,14.1,0.362,0.344
2023-03-25T19:00,11.4,13.3,0.361,0.344
2023-03-25T20:00,10.0,12.6,0.36,0.344
2023-03-25T21:00,9.4,11.9,0.359,0.344
2023-03-25T22:00,10.4,11.1,0.359,0.344
2023-03-25T23:00,10.2,10.5,0.358,0.344
2023-03-26T00:00,10.2,10.0,0.358,0.344
2023-03-26T01:00,9.9,9.6,0.357,0.344
2023-03-26T02:00,7.5,9.3,0.357,0.344
2023-03-26T03:00,7.4,8.9,0.356,0.343
2023-03-26T04:00,7.3,8.6,0.356,0.343
2023-03-26T05:00,6.7,8.4,0.355,0.343
2023-03-26T06:00,6.3,8.1,0.355,0.343
2023-03-26T07:00,8.1,8.4,0.354,0.343
2023-03-26T08:00,8.6,9.1,0.354,0.343
2023-03-26T09:00,10.6,10.8,0.353,0.343
2023-03-26T10:00,12.6,12.8,0.352,0.342
2023-03-26T11:00,14.1,14.8,0.349,0.342
2023-03-26T12:00,15.1,16.6,0.347,0.341
2023-03-26T13:00,15.9,18.1,0.344,0.34
2023-03-26T14:00,16.4,18.8,0.341,0.339
2023-03-26T15:00,16.5,18.5,0.339,0.339
2023-03-26T16:00,16.5,18.0,0.338,0.338
2023-03-26T17:00,15.9,17.1,0.336,0.338
2023-03-26T18:00,14.2,15.8,0.34,0.337
2023-03-26T19:00,14.6,14.4,0.34,0.337
2023-03-26T20:00,12.1,15.1,0.331,0.335
2023-03-26T21:00,12.7,14.3,0.331,0.335
2023-03-26T22:00,13.1,13.7,0.331,0.335
2023-03-26T23:00,12.8,13.2,0.331,0.335
2023-03-27T00:00,12.1,12.9,0.33,0.334
2023-03-27T01:00,11.4,12.6,0.33,0.334
2023-03-27T02:00,11.3,12.3,0.33,0.334
2023-03-27T03:00,10.2,11.9,0.33,0.334
2023-03-27T04:00,9.6,11.4,0.33,0.334
2023-03-27T05:00,8.2,10.9,0.33,0.333
2023-03-27T06:00,8.9,10.3,0.33,0.333
2023-03-27T07:00,9.5,10.1,0.33,0.333
2023-03-27T08:00,11.6,10.6,0.329,0.333
2023-03-27T09:00,14.0,12.5,0.329,0.332
2023-03-27T10:00,15.3,14.1,0.328,0.332
2023-03-27T11:00,16.8,16.4,0.326,0.331
2023-03-27T12:00,17.6,18.1,0.323,0.33
2023-03-27T13:00,18.3,19.4,0.321,0.33
2023-03-27T14:00,18.6,20.0,0.319,0.329
2023-03-27T15:00,18.8,20.3,0.317,0.328
2023-03-27T16:00,18.8,20.1,0.315,0.328
2023-03-27T17:00,18.5,19.4,0.314,0.327
2023-03-27T18:00,16.9,18.2,0.314,0.327
2023-03-27T19:00,15.2,16.9,0.314,0.327
2023-03-27T20:00,13.9,17.0,0.312,0.325
2023-03-27T21:00,14.1,15.9,0.312,0.325
2023-03-27T22:00,14.0,15.1,0.312,0.324
2023-03-27T23:00,12.7,14.1,0.313,0.324
2023-03-28T00:00,13.8,13.1,0.313,0.324
2023-03-28T01:00,13.3,12.4,0.313,0.324
2023-03-28T02:00,12.9,11.9,0.313,0.324
2023-03-28T03:00,12.4,11.4,0.313,0.323
2023-03-28T04:00,9.6,10.9,0.313,0.323
2023-03-28T05:00,9.7,10.6,0.313,0.323
2023-03-28T06:00,8.4,10.1,0.313,0.323
2023-03-28T07:00,10.2,10.1,0.313,0.323
2023-03-28T08:00,12.5,11.4,0.309,0.32
2023-03-28T09:00,14.0,12.6,0.309,0.32
2023-03-28T10:00,15.4,14.1,0.308,0.319
2023-03-28T11:00,17.2,15.9,0.307,0.319
2023-03-28T12:00,17.5,16.5,0.306,0.318
2023-03-28T13:00,17.8,17.0,0.305,0.318
2023-03-28T14:00,17.6,17.0,0.304,0.318
2023-03-28T15:00,17.4,16.7,0.304,0.317
2023-03-28T16:00,17.4,16.5,0.303,0.317
2023-03-28T17:00,16.9,16.2,0.303,0.317
2023-03-28T18:00,15.8,15.8,0.303,0.317
2023-03-28T19:00,15.9,15.1,0.303,0.316
2023-03-28T20:00,15.8,15.7,0.295,0.311
2023-03-28T21:00,15.8,15.1,0.295,0.311
2023-03-28T22:00,15.5,14.6,0.295,0.311
2023-03-28T23:00,15.1,14.1,0.295,0.311
2023-03-29T00:00,14.9,13.9,0.295,0.31
2023-03-29T01:00,13.9,13.4,0.295,0.31
2023-03-29T02:00,13.6,12.6,0.296,0.31
2023-03-29T03:00,12.4,12.6,0.296,0.31
2023-03-29T04:00,13.1,12.6,0.296,0.31
2023-03-29T05:00,12.3,12.4,0.296,0.31
2023-03-29T06:00,12.4,11.9,0.296,0.31
2023-03-29T07:00,11.9,12.1,0.296,0.309
2023-03-29T08:00,12.9,12.6,0.296,0.31
2023-03-29T09:00,14.4,13.8,0.296,0.309
2023-03-29T10:00,15.8,15.1,0.295,0.309
2023-03-29T11:00,17.7,17.0,0.294,0.309
2023-03-29T12:00,18.6,18.5,0.293,0.308
2023-03-29T13:00,18.2,18.2,0.292,0.308
2023-03-29T14:00,18.2,17.9,0.292,0.307
2023-03-29T15:00,18.7,18.3,0.291,0.307
2023-03-29T16:00,18.4,18.0,0.29,0.307
2023-03-29T17:00,17.7,17.5,0.29,0.306
2023-03-29T18:00,15.5,16.5,0.297,0.306
2023-03-29T19:00,14.1,15.4,0.306,0.306
2023-03-29T20:00,13.7,15.1,0.309,0.308
2023-03-29T21:00,13.4,14.4,0.309,0.308
2023-03-29T22:00,13.1,14.1,0.309,0.307
2023-03-29T23:00,13.1,13.9,0.309,0.307
2023-03-30T00:00,12.7,13.6,0.309,0.307
2023-03-30T01:00,12.9,13.5,0.309,0.307
2023-03-30T02:00,12.6,13.4,0.309,0.307
2023-03-30T03:00,12.4,13.2,0.309,0.307
2023-03-30T04:00,12.3,13.1,0.309,0.307
2023-03-30T05:00,12.2,12.9,0.309,0.307
2023-03-30T06:00,11.1,12.5,0.309,0.307
2023-03-30T07:00,12.1,12.4,0.309,0.307
2023-03-30T08:00,13.1,13.6,0.308,0.306
2023-03-30T09:00,14.2,14.7,0.307,0.306
2023-03-30T10:00,15.8,16.2,0.306,0.306
2023-03-30T11:00,17.6,18.3,0.305,0.305
2023-03-30T12:00,19.0,20.1,0.302,0.304
2023-03-30T13:00,20.0,21.5,0.3,0.304
2023-03-30T14:00,20.8,22.5,0.297,0.303
2023-03-30T15:00,21.2,23.0,0.295,0.302
2023-03-30T16:00,21.1,22.9,0.293,0.302
2023-03-30T17:00,20.8,22.0,0.292,0.301
2023-03-30T18:00,19.1,20.6,0.291,0.301
2023-03-30T19:00,16.2,18.9,0.291,0.301
2023-03-30T20:00,15.2,18.6,0.287,0.298
2023-03-30T21:00,15.4,17.4,0.287,0.298
2023-03-30T22:00,16.6,16.4,0.287,0.298
2023-03-30T23:00,16.4,15.5,0.287,0.298
2023-03-31T00:00,14.6,15.1,0.287,0.298
2023-03-31T01:00,14.2,14.8,0.287,0.297
2023-03-31T02:00,13.8,14.4,0.288,0.297
2023-03-31T03:00,13.4,14.2,0.288,0.297
2023-03-31T04:00,13.1,13.9,0.288,0.297
2023-03-31T05:00,12.8,13.8,0.288,0.297
2023-03-31T06:00,12.6,13.6,0.288,0.297
2023-03-31T07:00,13.1,13.5,0.288,0.297
2023-03-31T08:00,14.9,14.5,0.287,0.296
2023-03-31T09:00,16.1,15.6,0.287,0.296
2023-03-31T10:00,17.6,17.0,0.286,0.295
2023-03-31T11:00,18.5,18.4,0.285,0.295
2023-03-31T12:00,19.6,20.0,0.283,0.294
2023-03-31T13:00,20.5,21.5,0.282,0.294
2023-03-31T14:00,20.7,22.1,0.281,0.293
2023-03-31T15:00,21.0,22.4,0.279,0.293
2023-03-31T16:00,20.9,22.1,0.278,0.292
2023-03-31T17:00,20.1,21.3,0.278,0.292
2023-03-31T18:00,19.0,20.3,0.277,0.292
2023-03-31T19:00,17.1,19.0,0.277,0.292
2023-03-31T20:00,17.3,20.2,0.27,0.288
2023-03-31T21:00,17.4,19.0,0.27,0.288
2023-03-31T22:00,17.2,18.1,0.27,0.288
2023-03-31T23:00,17.0,17.5,0.27,0.288
2023-04-01T00:00,16.2,16.9,0.27,0.287
2023-04-01T01:00,15.1,16.4,0.27,0.287
2023-04-01T02:00,14.1,15.8,0.27,0.287
2023-04-01T03:00,14.1,15.4,0.27,0.287
2023-04-01T04:00,13.4,14.9,0.27,0.287
2023-04-01T05:00,13.9,14.6,0.27,0.287
2023-04-01T06:00,13.4,14.4,0.27,0.287
2023-04-01T07:00,14.1,14.4,0.27,0.287
2023-04-01T08:00,15.7,15.5,0.27,0.287
2023-04-01T09:00,18.0,17.0,0.27,0.286
2023-04-01T10:00,20.0,18.8,0.269,0.286
2023-04-01T11:00,21.5,20.7,0.267,0.286
2023-04-01T12:00,22.6,22.4,0.265,0.285
2023-04-01T13:00,23.4,23.8,0.262,0.284
2023-04-01T14:00,23.9,24.5,0.26,0.283
2023-04-01T15:00,24.1,24.9,0.258,0.283
2023-04-01T16:00,24.1,24.8,0.256,0.282
2023-04-01T17:00,23.9,24.0,0.255,0.282
2023-04-01T18:00,22.1,22.8,0.255,0.281
2023-04-01T19:00,20.0,21.2,0.255,0.281
2023-04-01T20:00,19.4,22.4,0.244,0.274
2023-04-01T21:00,19.2,20.8,0.244,0.274
2023-04-01T22:00,19.1,19.8,0.244,0.274
2023-04-01T23:00,18.5,19.0,0.244,0.274
2023-04-02T00:00,17.9,18.4,0.244,0.274
2023-04-02T01:00,17.2,17.8,0.244,0.274
2023-04-02T02:00,16.6,17.4,0.244,0.274
2023-04-02T03:00,16.2,16.9,0.245,0.274
2023-04-02T04:00,16.1,16.5,0.245,0.273
2023-04-02T05:00,16.1,16.3,0.245,0.273
2023-04-02T06:00,16.0,16.1,0.245,0.273
2023-04-02T07:00,16.3,16.1,0.245,0.273
2023-04-02T08:00,17.8,17.6,0.24,0.27
2023-04-02T09:00,19.7,18.7,0.239,0.269
2023-04-02T10:00,21.7,20.1,0.238,0.269
2023-04-02T11:00,23.2,21.7,0.237,0.268
2023-04-02T12:00,24.5,23.2,0.235,0.268
2023-04-02T13:00,25.4,24.4,0.233,0.267
2023-04-02T14:00,25.5,25.0,0.231,0.267
2023-04-02T15:00,23.9,24.1,0.232,0.266
2023-04-02T16:00,22.6,22.9,0.251,0.266
2023-04-02T17:00,21.9,22.0,0.253,0.266
2023-04-02T18:00,20.8,21.0,0.257,0.266
2023-04-02T19:00,20.2,20.0,0.257,0.266
2023-04-02T20:00,19.5,18.8,0.274,0.266
2023-04-02T21:00,19.6,18.6,0.288,0.266
2023-04-02T22:00,19.4,18.5,0.362,0.266
2023-04-02T23:00,19.2,18.4,0.364,0.267
2023-04-03T00:00,19.2,18.3,0.438,0.292
2023-04-03T01:00,19.4,18.3,0.431,0.303
2023-04-03T02:00,19.5,18.4,0.431,0.331
2023-04-03T03:00,19.2,18.4,0.439,0.352
2023-04-03T04:00,19.0,18.2,0.429,0.37
2023-04-03T05:00,19.0,18.1,0.434,0.376
2023-04-03T06:00,19.0,18.1,0.426,0.38
2023-04-03T07:00,19.0,18.1,0.423,0.383
2023-04-03T08:00,19.2,17.8,0.433,0.397
2023-04-03T09:00,20.1,18.8,0.424,0.399
2023-04-03T10:00,20.8,19.6,0.421,0.399
2023-04-03T11:00,21.0,20.0,0.423,0.4
2023-04-03T12:00,22.2,21.4,0.431,0.405
2023-04-03T13:00,21.7,21.3,0.434,0.413
2023-04-03T14:00,21.4,21.2,0.439,0.428
2023-04-03T15:00,20.8,20.8,0.433,0.428
2023-04-03T16:00,21.2,20.8,0.431,0.426
2023-04-03T17:00,21.6,20.8,0.428,0.423
2023-04-03T18:00,20.2,20.6,0.439,0.437
2023-04-03T19:00,20.2,20.1,0.433,0.431
2023-04-03T20:00,19.5,18.6,0.431,0.427
2023-04-03T21:00,19.2,18.6,0.436,0.437
2023-04-03T22:00,17.9,18.5,0.439,0.438
2023-04-03T23:00,15.2,17.6,0.439,0.438
2023-04-04T00:00,14.2,16.8,0.437,0.438
2023-04-04T01:00,14.1,16.2,0.431,0.433
2023-04-04T02:00,13.4,15.6,0.427,0.429
2023-04-04T03:00,13.4,15.2,0.424,0.425
2023-04-04T04:00,13.3,15.1,0.421,0.423
2023-04-04T05:00,13.4,15.1,0.418,0.421
2023-04-04T06:00,13.4,15.0,0.416,0.418
2023-04-04T07:00,13.4,15.0,0.414,0.417
2023-04-04T08:00,13.4,14.7,0.417,0.42
2023-04-04T09:00,13.4,14.9,0.419,0.418
2023-04-04T10:00,14.2,15.2,0.419,0.416
2023-04-04T11:00,14.7,15.8,0.418,0.415
2023-04-04T12:00,15.6,16.5,0.417,0.413
2023-04-04T13:00,15.8,16.8,0.415,0.412
2023-04-04T14:00,15.7,17.0,0.413,0.41
2023-04-04T15:00,15.9,16.8,0.414,0.409
2023-04-04T16:00,15.4,16.0,0.43,0.412
2023-04-04T17:00,15.8,16.1,0.424,0.412
2023-04-04T18:00,15.4,16.0,0.42,0.412
2023-04-04T19:00,14.8,15.6,0.417,0.411
2023-04-04T20:00,13.4,14.6,0.421,0.411
2023-04-04T21:00,13.1,14.4,0.418,0.41
2023-04-04T22:00,12.6,14.2,0.415,0.409
2023-04-04T23:00,12.4,14.1,0.413,0.408
2023-04-05T00:00,12.0,13.9,0.411,0.407
2023-04-05T01:00,11.4,13.8,0.409,0.406
2023-04-05T02:00,10.9,13.6,0.407,0.405
2023-04-05T03:00,10.5,13.4,0.406,0.404
2023-04-05T04:00,10.3,13.1,0.404,0.403
2023-04-05T05:00,10.1,12.9,0.403,0.402
2023-04-05T06:00,9.8,12.7,0.402,0.401
2023-04-05T07:00,9.4,12.4,0.401,0.4
2023-04-05T08:00,10.8,13.5,0.394,0.397
2023-04-05T09:00,11.9,14.2,0.393,0.396
2023-04-05T10:00,13.4,15.4,0.391,0.395
2023-04-05T11:00,14.9,16.6,0.388,0.393
2023-04-05T12:00,16.1,17.8,0.386,0.392
2023-04-05T13:00,17.1,18.6,0.383,0.391
2023-04-05T14:00,17.8,19.3,0.38,0.389
2023-04-05T15:00,18.2,19.5,0.378,0.388
2023-04-05T16:00,18.0,19.4,0.376,0.387
2023-04-05T17:00,17.5,18.7,0.375,0.386
2023-04-05T18:00,16.7,17.9,0.374,0.385
2023-04-05T19:00,15.4,16.9,0.374,0.385
2023-04-05T20:00,14.2,16.1,0.381,0.386
2023-04-05T21:00,14.0,15.2,0.381,0.386
2023-04-05T22:00,13.6,14.8,0.38,0.385
2023-04-05T23:00,12.9,14.4,0.38,0.385
2023-04-06T00:00,12.8,14.2,0.38,0.384
2023-04-06T01:00,12.8,14.1,0.379,0.383
2023-04-06T02:00,12.7,13.9,0.379,0.383
2023-04-06T03:00,12.1,13.6,0.385,0.382
2023-04-06T04:00,11.9,13.2,0.388,0.382
2023-04-06T05:00,11.9,13.0,0.387,0.382
2023-04-06T06:00,11.9,12.9,0.387,0.381
2023-04-06T07:00,12.2,12.9,0.386,0.381
2023-04-06T08:00,12.1,12.6,0.409,0.393
2023-04-06T09:00,12.4,12.9,0.415,0.394
2023-04-06T10:00,13.1,13.6,0.416,0.394
2023-04-06T11:00,13.6,14.0,0.414,0.394
2023-04-06T12:00,15.1,15.3,0.412,0.394
2023-04-06T13:00,15.6,16.2,0.409,0.394
2023-04-06T14:00,16.2,17.0,0.407,0.394
2023-04-06T15:00,17.0,17.3,0.403,0.393
2023-04-06T16:00,16.5,17.0,0.401,0.393
2023-04-06T17:00,16.4,16.6,0.399,0.392
2023-04-06T18:00,15.4,16.2,0.397,0.391
2023-04-06T19:00,14.1,14.9,0.396,0.391
2023-04-06T20:00,14.6,15.1,0.389,0.385
2023-04-06T21:00,13.6,14.1,0.388,0.384
2023-04-06T22:00,14.1,13.3,0.388,0.384
2023-04-06T23:00,13.7,12.7,0.387,0.383
2023-04-07T00:00,11.2,12.2,0.386,0.383
2023-04-07T01:00,11.1,11.8,0.386,0.383
2023-04-07T02:00,12.9,11.4,0.385,0.382
2023-04-07T03:00,12.6,10.9,0.384,0.382
2023-04-07T04:00,12.1,10.6,0.384,0.381
2023-04-07T05:00,10.9,10.6,0.383,0.381
2023-04-07T06:00,10.6,10.6,0.383,0.381
2023-04-07T07:00,10.9,11.2,0.382,0.38
2023-04-07T08:00,11.5,12.1,0.378,0.378
2023-04-07T09:00,12.4,13.7,0.378,0.378
2023-04-07T10:00,14.6,15.6,0.376,0.377
2023-04-07T11:00,17.0,17.6,0.374,0.376
2023-04-07T12:00,18.4,19.5,0.371,0.375
2023-04-07T13:00,19.2,20.9,0.368,0.374
2023-04-07T14:00,20.2,21.6,0.365,0.373
2023-04-07T15:00,20.6,21.8,0.362,0.372
2023-04-07T16:00,20.5,21.4,0.36,0.371
2023-04-07T17:00,20.1,20.6,0.358,0.37
2023-04-07T18:00,18.4,19.5,0.358,0.369
2023-04-07T19:00,18.1,17.8,0.358,0.369
2023-04-07T20:00,15.1,18.5,0.358,0.367
2023-04-07T21:00,16.6,17.6,0.358,0.366
2023-04-07T22:00,15.9,16.9,0.358,0.366
2023-04-07T23:00,15.3,16.4,0.358,0.366
2023-04-08T00:00,15.1,15.9,0.357,0.365
2023-04-08T01:00,14.9,15.6,0.357,0.365
2023-04-08T02:00,14.3,15.2,0.357,0.364
2023-04-08T03:00,13.4,14.8,0.357,0.364
2023-04-08T04:00,12.8,14.3,0.357,0.364
2023-04-08T05:00,11.5,13.6,0.357,0.363
2023-04-08T06:00,11.4,13.1,0.356,0.363
2023-04-08T07:00,12.9,13.1,0.356,0.363
2023-04-08T08:00,15.2,14.9,0.352,0.36
2023-04-08T09:00,17.0,16.1,0.351,0.359
2023-04-08T10:00,18.3,17.6,0.349,0.359
2023-04-08T11:00,19.2,19.0,0.346,0.358
2023-04-08T12:00,19.9,20.2,0.344,0.357
2023-04-08T13:00,20.4,21.3,0.341,0.356
2023-04-08T14:00,20.6,22.0,0.338,0.355
2023-04-08T15:00,20.8,22.4,0.335,0.354
2023-04-08T16:00,20.5,22.0,0.333,0.353
2023-04-08T17:00,19.9,21.2,0.332,0.352
2023-04-08T18:00,18.2,20.0,0.331,0.352
2023-04-08T19:00,15.1,18.3,0.332,0.351
2023-04-08T20:00,15.4,19.1,0.31,0.337
2023-04-08T21:00,15.7,17.5,0.31,0.337
2023-04-08T22:00,13.8,16.2,0.311,0.337
2023-04-08T23:00,13.7,15.4,0.311,0.336
2023-04-09T00:00,13.0,14.7,0.311,0.336
2023-04-09T01:00,11.9,14.1,0.312,0.336
2023-04-09T02:00,11.5,13.5,0.312,0.336
2023-04-09T03:00,11.2,13.1,0.312,0.335
2023-04-09T04:00,10.9,12.6,0.312,0.335
2023-04-09T05:00,11.1,12.4,0.313,0.335
2023-04-09T06:00,11.4,12.2,0.313,0.335
2023-04-09T07:00,12.9,12.4,0.313,0.334
2023-04-09T08:00,15.1,14.2,0.31,0.333
2023-04-09T09:00,17.0,15.6,0.309,0.333
2023-04-09T10:00,19.1,17.4,0.308,0.332
2023-04-09T11:00,21.0,19.2,0.306,0.331
2023-04-09T12:00,22.1,20.8,0.304,0.33
2023-04-09T13:00,22.8,21.9,0.301,0.329
2023-04-09T14:00,23.1,22.6,0.298,0.328
2023-04-09T15:00,23.4,23.0,0.296,0.327
2023-04-09T16:00,23.3,22.9,0.294,0.326
2023-04-09T17:00,22.9,22.2,0.293,0.326
2023-04-09T18:00,20.9,21.1,0.293,0.325
2023-04-09T19:00,17.4,19.5,0.293,0.325
2023-04-09T20:00,16.8,20.6,0.292,0.324
2023-04-09T21:00,16.6,19.0,0.292,0.324
2023-04-09T22:00,15.8,17.8,0.293,0.324
2023-04-09T23:00,15.1,16.8,0.293,0.324
2023-04-10T00:00,14.6,16.1,0.293,0.324
2023-04-10T01:00,14.4,15.6,0.294,0.323
2023-04-10T02:00,14.9,15.2,0.294,0.323
2023-04-10T03:00,14.9,15.0,0.294,0.323
2023-04-10T04:00,14.9,14.8,0.294,0.323
2023-04-10T05:00,13.6,14.6,0.295,0.323
2023-04-10T06:00,13.1,14.2,0.295,0.322
2023-04-10T07:00,15.8,14.4,0.295,0.322
2023-04-10T08:00,17.2,16.1,0.296,0.323
2023-04-10T09:00,20.0,17.6,0.296,0.322
2023-04-10T10:00,22.5,19.5,0.295,0.322
2023-04-10T11:00,24.1,21.1,0.292,0.321
2023-04-10T12:00,24.8,22.5,0.29,0.32
2023-04-10T13:00,25.4,23.7,0.287,0.319
2023-04-10T14:00,25.8,24.4,0.285,0.318
2023-04-10T15:00,26.2,24.7,0.283,0.317
2023-04-10T16:00,25.7,24.5,0.281,0.316
2023-04-10T17:00,25.3,24.0,0.28,0.316
2023-04-10T18:00,23.9,23.1,0.28,0.315
2023-04-10T19:00,21.8,22.0,0.28,0.315
2023-04-10T20:00,21.6,22.5,0.267,0.307
2023-04-10T21:00,21.5,21.5,0.267,0.307
2023-04-10T22:00,20.9,20.6,0.267,0.307
2023-04-10T23:00,19.5,19.9,0.267,0.306
2023-04-11T00:00,18.4,19.2,0.268,0.306
2023-04-11T01:00,17.9,18.6,0.268,0.306
2023-04-11T02:00,17.0,18.0,0.268,0.306
2023-04-11T03:00,16.7,17.6,0.269,0.306
2023-04-11T04:00,17.0,17.2,0.269,0.306
2023-04-11T05:00,16.3,16.8,0.269,0.305
2023-04-11T06:00,15.7,16.5,0.27,0.305
2023-04-11T07:00,17.6,16.6,0.27,0.305
2023-04-11T08:00,19.8,18.5,0.266,0.302
2023-04-11T09:00,21.5,19.9,0.266,0.302
2023-04-11T10:00,22.8,21.6,0.265,0.302
2023-04-11T11:00,24.1,23.5,0.263,0.301
2023-04-11T12:00,25.6,25.2,0.262,0.3
2023-04-11T13:00,26.2,26.0,0.26,0.299
2023-04-11T14:00,26.2,26.2,0.259,0.299
2023-04-11T15:00,26.3,26.0,0.258,0.298
2023-04-11T16:00,26.2,25.4,0.257,0.298
2023-04-11T17:00,25.0,24.4,0.257,0.297
2023-04-11T18:00,24.5,23.6,0.257,0.297
2023-04-11T19:00,23.2,22.8,0.257,0.297
2023-04-11T20:00,21.8,22.8,0.253,0.295
2023-04-11T21:00,21.1,21.6,0.253,0.294
2023-04-11T22:00,20.5,20.8,0.253,0.294
2023-04-11T23:00,20.0,20.1,0.253,0.294
2023-04-12T00:00,19.5,19.6,0.253,0.294
2023-04-12T01:00,19.2,19.2,0.254,0.294
2023-04-12T02:00,18.6,18.9,0.254,0.294
2023-04-12T03:00,18.0,18.5,0.254,0.294
2023-04-12T04:00,17.8,18.2,0.254,0.293
2023-04-12T05:00,17.8,18.0,0.254,0.293
2023-04-12T06:00,17.7,17.8,0.255,0.293
2023-04-12T07:00,18.6,17.9,0.255,0.293
2023-04-12T08:00,20.5,19.2,0.249,0.288
2023-04-12T09:00,22.1,20.6,0.248,0.288
2023-04-12T10:00,23.5,22.1,0.247,0.287
2023-04-12T11:00,24.5,23.8,0.245,0.287
2023-04-12T12:00,25.6,25.1,0.243,0.286
2023-04-12T13:00,26.4,26.1,0.241,0.285
2023-04-12T14:00,26.7,26.8,0.24,0.284
2023-04-12T15:00,26.9,26.9,0.238,0.284
2023-04-12T16:00,26.6,26.7,0.237,0.283
2023-04-12T17:00,26.1,26.0,0.236,0.283
2023-04-12T18:00,24.8,25.0,0.236,0.282
2023-04-12T19:00,23.5,24.0,0.236,0.282
2023-04-12T20:00,23.5,24.6,0.227,0.277
2023-04-12T21:00,23.0,23.5,0.227,0.277
2023-04-12T22:00,22.7,22.8,0.228,0.276
2023-04-12T23:00,22.1,22.1,0.24,0.276
2023-04-13T00:00,20.8,21.4,0.264,0.276
2023-04-13T01:00,20.6,20.8,0.272,0.276
2023-04-13T02:00,20.4,20.4,0.274,0.276
2023-04-13T03:00,19.8,20.0,0.312,0.276
2023-04-13T04:00,19.5,19.8,0.339,0.276
2023-04-13T05:00,19.2,19.5,0.347,0.277
2023-04-13T06:00,19.0,19.2,0.396,0.278
2023-04-13T07:00,19.2,19.3,0.421,0.3
2023-04-13T08:00,19.9,19.8,0.29,0.273
2023-04-13T09:00,19.7,19.7,0.37,0.274
2023-04-13T10:00,20.5,20.2,0.379,0.275
2023-04-13T11:00,21.6,21.0,0.398,0.277
2023-04-13T12:00,23.4,22.5,0.391,0.279
2023-04-13T13:00,24.4,24.0,0.385,0.28
2023-04-13T14:00,24.1,24.1,0.38,0.281
2023-04-13T15:00,24.9,24.6,0.376,0.282
2023-04-13T16:00,25.2,24.9,0.372,0.283
2023-04-13T17:00,24.0,24.5,0.369,0.284
2023-04-13T18:00,22.4,23.5,0.367,0.285
2023-04-13T19:00,21.9,22.5,0.364,0.285
2023-04-13T20:00,21.5,22.4,0.303,0.273
2023-04-13T21:00,21.6,21.8,0.311,0.273
2023-04-13T22:00,21.2,21.4,0.37,0.274
2023-04-13T23:00,21.2,21.0,0.418,0.276
2023-04-14T00:00,20.8,20.8,0.435,0.297
2023-04-14T01:00,20.5,20.5,0.43,0.312
2023-04-14T02:00,20.2,20.4,0.423,0.321
2023-04-14T03:00,19.8,20.0,0.412,0.325
2023-04-14T04:00,19.9,20.0,0.405,0.328
2023-04-14T05:00,19.7,19.9,0.399,0.329
2023-04-14T06:00,19.4,19.6,0.395,0.331
2023-04-14T07:00,19.6,19.7,0.392,0.332
2023-04-14T08:00,20.2,19.9,0.381,0.298
2023-04-14T09:00,20.9,20.4,0.377,0.299
2023-04-14T10:00,22.3,21.4,0.374,0.3
2023-04-14T11:00,23.6,22.5,0.37,0.301
2023-04-14T12:00,24.5,23.5,0.366,0.301
2023-04-14T13:00,25.0,24.1,0.362,0.301
2023-04-14T14:00,25.9,24.8,0.358,0.301
2023-04-14T15:00,25.8,24.7,0.354,0.301
2023-04-14T16:00,26.0,24.6,0.351,0.301
2023-04-14T17:00,25.1,24.2,0.348,0.301
2023-04-14T18:00,24.0,23.5,0.346,0.301
2023-04-14T19:00,23.0,22.8,0.345,0.301
2023-04-14T20:00,20.8,21.5,0.348,0.302
2023-04-14T21:00,20.8,20.4,0.347,0.302
2023-04-14T22:00,20.1,19.5,0.346,0.303
2023-04-14T23:00,19.1,19.0,0.345,0.303
2023-04-15T00:00,17.5,18.5,0.344,0.303
2023-04-15T01:00,16.7,17.8,0.343,0.303
2023-04-15T02:00,16.5,17.4,0.342,0.303
2023-04-15T03:00,15.7,17.0,0.341,0.304
2023-04-15T04:00,14.1,16.5,0.34,0.304
2023-04-15T05:00,13.9,16.1,0.34,0.304
2023-04-15T06:00,14.0,15.8,0.339,0.304
2023-04-15T07:00,15.3,15.9,0.338,0.304
2023-04-15T08:00,17.0,17.2,0.338,0.305
2023-04-15T09:00,18.9,18.5,0.337,0.305
2023-04-15T10:00,21.1,20.4,0.334,0.305
2023-04-15T11:00,22.8,22.0,0.331,0.305
2023-04-15T12:00,24.2,23.6,0.328,0.304
2023-04-15T13:00,25.0,24.8,0.323,0.303
2023-04-15T14:00,25.5,25.5,0.32,0.303
2023-04-15T15:00,25.8,25.6,0.316,0.302
2023-04-15T16:00,25.6,25.3,0.313,0.301
2023-04-15T17:00,24.7,24.6,0.311,0.301
2023-04-15T18:00,23.1,23.5,0.31,0.301
2023-04-15T19:00,21.8,22.4,0.309,0.301
2023-04-15T20:00,21.1,22.5,0.31,0.301
2023-04-15T21:00,20.9,21.5,0.31,0.301
2023-04-15T22:00,20.5,20.8,0.309,0.301
2023-04-15T23:00,20.4,20.2,0.309,0.301
2023-04-16T00:00,20.4,19.9,0.309,0.301
2023-04-16T01:00,20.0,19.5,0.308,0.301
2023-04-16T02:00,19.8,19.2,0.308,0.301
2023-04-16T03:00,19.5,19.0,0.308,0.301
2023-04-16T04:00,19.1,18.6,0.308,0.301
2023-04-16T05:00,18.5,18.4,0.307,0.301
2023-04-16T06:00,17.5,17.9,0.307,0.301
2023-04-16T07:00,19.1,18.0,0.307,0.301
2023-04-16T08:00,21.0,20.2,0.304,0.3
2023-04-16T09:00,22.5,21.2,0.303,0.299
2023-04-16T10:00,24.1,22.6,0.301,0.299
2023-04-16T11:00,25.5,24.2,0.298,0.298
2023-04-16T12:00,26.7,25.6,0.295,0.298
2023-04-16T13:00,27.8,26.8,0.292,0.297
2023-04-16T14:00,28.4,27.5,0.288,0.296
2023-04-16T15:00,28.8,27.9,0.286,0.295
2023-04-16T16:00,28.8,27.8,0.283,0.294
2023-04-16T17:00,28.4,27.1,0.282,0.294
2023-04-16T18:00,26.5,26.1,0.281,0.294
2023-04-16T19:00,23.6,24.6,0.281,0.294
2023-04-16T20:00,23.6,25.5,0.273,0.289
2023-04-16T21:00,23.4,24.2,0.273,0.289
2023-04-16T22:00,23.0,23.2,0.273,0.289
2023-04-16T23:00,22.7,22.5,0.273,0.289
2023-04-17T00:00,22.1,22.0,0.273,0.289
2023-04-17T01:00,20.9,21.4,0.273,0.289
2023-04-17T02:00,19.9,20.8,0.273,0.289
2023-04-17T03:00,19.5,20.1,0.273,0.289
2023-04-17T04:00,19.5,19.7,0.274,0.289
2023-04-17T05:00,19.9,19.4,0.274,0.289
2023-04-17T06:00,20.0,19.2,0.274,0.288
2023-04-17T07:00,21.3,19.5,0.274,0.288
2023-04-17T08:00,24.0,21.5,0.27,0.286
2023-04-17T09:00,26.5,22.9,0.269,0.286
2023-04-17T10:00,28.3,24.4,0.267,0.285
2023-04-17T11:00,29.9,26.0,0.264,0.285
2023-04-17T12:00,31.0,27.4,0.261,0.284
2023-04-17T13:00,31.5,28.5,0.258,0.283
2023-04-17T14:00,32.0,29.2,0.255,0.282
2023-04-17T15:00,32.2,29.5,0.252,0.281
2023-04-17T16:00,31.7,29.4,0.25,0.28
2023-04-17T17:00,30.7,28.8,0.249,0.28
2023-04-17T18:00,28.9,27.8,0.248,0.279
2023-04-17T19:00,25.8,26.4,0.248,0.279
2023-04-17T20:00,24.9,27.0,0.233,0.27
2023-04-17T21:00,25.2,25.7,0.233,0.27
2023-04-17T22:00,24.1,24.7,0.233,0.27
2023-04-17T23:00,24.0,24.0,0.234,0.27
2023-04-18T00:00,25.5,23.8,0.234,0.27
2023-04-18T01:00,23.6,23.4,0.235,0.27
2023-04-18T02:00,22.5,22.9,0.238,0.27
2023-04-18T03:00,22.1,22.2,0.247,0.27
2023-04-18T04:00,22.0,21.9,0.255,0.27
2023-04-18T05:00,21.8,21.6,0.263,0.27
2023-04-18T06:00,21.6,21.5,0.264,0.27
2023-04-18T07:00,22.0,21.5,0.268,0.27
2023-04-18T08:00,23.6,22.6,0.236,0.269
2023-04-18T09:00,25.2,23.8,0.236,0.268
2023-04-18T10:00,25.6,24.9,0.235,0.268
2023-04-18T11:00,25.9,25.3,0.24,0.268
2023-04-18T12:00,26.0,25.8,0.242,0.267
2023-04-18T13:00,25.3,25.7,0.249,0.267
2023-04-18T14:00,23.8,24.6,0.28,0.267
2023-04-18T15:00,23.4,23.9,0.294,0.267
2023-04-18T16:00,23.5,23.6,0.304,0.267
2023-04-18T17:00,23.5,23.5,0.308,0.268
2023-04-18T18:00,23.3,23.2,0.309,0.268
2023-04-18T19:00,22.6,22.7,0.309,0.268
2023-04-18T20:00,22.0,22.0,0.399,0.354
2023-04-18T21:00,22.1,21.6,0.396,0.355
2023-04-18T22:00,21.1,21.3,0.412,0.355
2023-04-18T23:00,21.0,21.0,0.42,0.359
2023-04-19T00:00,20.5,20.7,0.413,0.361
2023-04-19T01:00,20.1,20.4,0.407,0.363
2023-04-19T02:00,21.1,20.1,0.404,0.364
2023-04-19T03:00,20.5,19.7,0.4,0.364
2023-04-19T04:00,19.3,19.5,0.398,0.365
2023-04-19T05:00,19.0,19.2,0.395,0.365
2023-04-19T06:00,19.0,19.0,0.393,0.365
2023-04-19T07:00,20.0,19.5,0.391,0.366
2023-04-19T08:00,20.8,20.3,0.377,0.357
2023-04-19T09:00,22.4,21.4,0.376,0.357
2023-04-19T10:00,23.5,22.2,0.374,0.357
2023-04-19T11:00,25.4,23.5,0.372,0.357
2023-04-19T12:00,27.0,24.6,0.369,0.356
2023-04-19T13:00,27.9,25.6,0.366,0.355
2023-04-19T14:00,28.8,26.7,0.363,0.354
2023-04-19T15:00,28.8,27.1,0.36,0.353
2023-04-19T16:00,28.7,27.1,0.357,0.353
2023-04-19T17:00,28.2,26.7,0.355,0.352
2023-04-19T18:00,27.0,26.0,0.354,0.352
2023-04-19T19:00,24.3,24.9,0.354,0.352
2023-04-19T20:00,24.2,24.7,0.354,0.352
2023-04-19T21:00,23.4,23.8,0.354,0.352
2023-04-19T22:00,22.8,23.1,0.354,0.351
2023-04-19T23:00,22.0,22.5,0.354,0.351
2023-04-20T00:00,21.5,22.1,0.353,0.351
2023-04-20T01:00,21.5,21.6,0.353,0.351
2023-04-20T02:00,22.5,21.2,0.353,0.351
2023-04-20T03:00,21.5,20.9,0.353,0.351
2023-04-20T04:00,20.7,20.5,0.353,0.35
2023-04-20T05:00,20.5,20.3,0.352,0.35
2023-04-20T06:00,19.8,20.0,0.352,0.35
2023-04-20T07:00,21.6,20.5,0.352,0.35
2023-04-20T08:00,23.8,21.8,0.35,0.349
2023-04-20T09:00,25.1,23.4,0.349,0.348
2023-04-20T10:00,26.3,25.0,0.347,0.348
2023-04-20T11:00,27.1,26.5,0.345,0.347
2023-04-20T12:00,28.0,28.0,0.341,0.346
2023-04-20T13:00,28.9,29.1,0.338,0.345
2023-04-20T14:00,29.4,29.6,0.334,0.344
2023-04-20T15:00,29.5,29.6,0.331,0.343
2023-04-20T16:00,29.4,29.4,0.329,0.342
2023-04-20T17:00,29.0,28.8,0.328,0.341
2023-04-20T18:00,28.0,27.8,0.327,0.341
2023-04-20T19:00,25.5,26.5,0.327,0.341
2023-04-20T20:00,25.2,26.4,0.326,0.34
2023-04-20T21:00,26.3,25.3,0.326,0.34
2023-04-20T22:00,23.4,24.5,0.348,0.339
2023-04-20T23:00,22.7,23.4,0.37,0.34
2023-04-21T00:00,22.9,22.9,0.369,0.34
2023-04-21T01:00,23.5,22.5,0.368,0.34
2023-04-21T02:00,22.7,22.1,0.367,0.34
2023-04-21T03:00,21.5,21.7,0.366,0.34
2023-04-21T04:00,20.9,21.4,0.365,0.34
2023-04-21T05:00,20.6,21.0,0.364,0.34
2023-04-21T06:00,20.4,20.9,0.363,0.34
2023-04-21T07:00,20.9,21.0,0.362,0.341
2023-04-21T08:00,21.8,22.5,0.325,0.336
2023-04-21T09:00,23.4,23.4,0.324,0.336
2023-04-21T10:00,24.8,24.5,0.322,0.335
2023-04-21T11:00,25.8,25.6,0.319,0.334
2023-04-21T12:00,26.8,26.9,0.316,0.333
2023-04-21T13:00,27.3,27.6,0.313,0.332
2023-04-21T14:00,27.7,28.1,0.31,0.331
2023-04-21T15:00,27.8,28.2,0.307,0.33
2023-04-21T16:00,27.2,27.9,0.305,0.329
2023-04-21T17:00,26.9,27.2,0.303,0.329
2023-04-21T18:00,24.9,26.2,0.303,0.328
2023-04-21T19:00,23.8,25.0,0.303,0.328
2023-04-21T20:00,19.5,22.9,0.309,0.332
2023-04-21T21:00,19.7,22.3,0.309,0.331
2023-04-21T22:00,19.8,21.9,0.309,0.331
2023-04-21T23:00,19.5,21.5,0.309,0.331
2023-04-22T00:00,19.4,21.2,0.309,0.331
2023-04-22T01:00,19.0,21.0,0.309,0.33
2023-04-22T02:00,18.8,20.8,0.309,0.33
2023-04-22T03:00,18.0,20.4,0.31,0.33
2023-04-22T04:00,17.0,20.0,0.31,0.33
2023-04-22T05:00,15.8,19.5,0.31,0.329
2023-04-22T06:00,15.1,19.0,0.31,0.329
2023-04-22T07:00,14.8,18.5,0.353,0.329
2023-04-22T08:00,12.8,15.4,0.439,0.363
2023-04-22T09:00,12.9,15.9,0.427,0.371
2023-04-22T10:00,12.4,15.9,0.428,0.375
2023-04-22T11:00,12.6,15.9,0.43,0.38
2023-04-22T12:00,12.5,15.9,0.434,0.386
2023-04-22T13:00,12.9,16.3,0.434,0.392
2023-04-22T14:00,12.4,15.9,0.434,0.398
2023-04-22T15:00,12.3,15.5,0.433,0.402
2023-04-22T16:00,12.5,15.2,0.43,0.405
2023-04-22T17:00,12.4,14.9,0.43,0.413
2023-04-22T18:00,12.4,14.6,0.425,0.413
2023-04-22T19:00,12.1,14.2,0.424,0.413
2023-04-22T20:00,10.9,12.7,0.433,0.417
2023-04-22T21:00,10.8,12.9,0.432,0.418
2023-04-22T22:00,10.8,12.9,0.432,0.419
2023-04-22T23:00,10.8,12.9,0.431,0.419
2023-04-23T00:00,10.9,12.8,0.426,0.418
2023-04-23T01:00,10.5,12.7,0.423,0.417
2023-04-23T02:00,10.2,12.5,0.431,0.417
2023-04-23T03:00,10.2,12.3,0.428,0.417
2023-04-23T04:00,10.1,12.2,0.425,0.417
2023-04-23T05:00,9.9,12.1,0.425,0.416
2023-04-23T06:00,9.8,11.9,0.433,0.423
2023-04-23T07:00,9.9,11.8,0.434,0.426
2023-04-23T08:00,10.4,10.9,0.419,0.412
2023-04-23T09:00,10.7,11.6,0.426,0.413
2023-04-23T10:00,11.1,12.3,0.422,0.412
2023-04-23T11:00,11.4,12.7,0.42,0.412
2023-04-23T12:00,11.8,13.1,0.418,0.411
2023-04-23T13:00,11.5,12.9,0.422,0.411
2023-04-23T14:00,11.9,13.0,0.424,0.41
2023-04-23T15:00,12.6,13.2,0.421,0.41
2023-04-23T16:00,12.8,13.4,0.42,0.41
2023-04-23T17:00,12.4,13.2,0.419,0.409
2023-04-23T18:00,11.8,12.9,0.417,0.409
2023-04-23T19:00,11.2,12.6,0.416,0.408
2023-04-23T20:00,10.6,11.6,0.426,0.42
2023-04-23T21:00,10.4,11.7,0.431,0.422
2023-04-23T22:00,10.2,11.6,0.429,0.421
2023-04-23T23:00,10.2,11.5,0.424,0.42
2023-04-24T00:00,10.4,11.6,0.421,0.419
2023-04-24T01:00,10.6,11.6,0.419,0.418
2023-04-24T02:00,10.8,11.7,0.417,0.416
2023-04-24T03:00,11.1,11.8,0.415,0.415
2023-04-24T04:00,11.1,11.9,0.413,0.414
2023-04-24T05:00,11.4,12.0,0.411,0.413
2023-04-24T06:00,11.2,12.1,0.41,0.412
2023-04-24T07:00,11.3,12.1,0.409,0.411
2023-04-24T08:00,11.6,11.9,0.407,0.407
2023-04-24T09:00,11.3,12.1,0.411,0.407
2023-04-24T10:00,11.6,12.1,0.416,0.406
2023-04-24T11:00,12.1,12.4,0.416,0.406
2023-04-24T12:00,13.8,13.6,0.413,0.406
2023-04-24T13:00,14.1,14.0,0.411,0.405
2023-04-24T14:00,14.8,14.6,0.408,0.404
2023-04-24T15:00,15.1,15.3,0.406,0.403
2023-04-24T16:00,15.2,15.6,0.404,0.403
2023-04-24T17:00,15.2,15.5,0.402,0.402
2023-04-24T18:00,14.8,15.1,0.401,0.401
2023-04-24T19:00,14.1,14.8,0.4,0.4
2023-04-24T20:00,12.8,13.3,0.396,0.397
2023-04-24T21:00,12.4,13.3,0.396,0.396
2023-04-24T22:00,12.4,13.3,0.395,0.395
2023-04-24T23:00,12.2,13.3,0.394,0.395
2023-04-25T00:00,12.1,13.2,0.393,0.394
2023-04-25T01:00,11.9,13.2,0.393,0.394
2023-04-25T02:00,11.8,13.1,0.392,0.393
2023-04-25T03:00,11.6,13.1,0.392,0.393
2023-04-25T04:00,11.4,12.9,0.393,0.392
2023-04-25T05:00,11.2,12.7,0.392,0.392
2023-04-25T06:00,11.1,12.6,0.392,0.391
2023-04-25T07:00,11.3,12.5,0.391,0.391
2023-04-25T08:00,12.0,12.8,0.393,0.391
2023-04-25T09:00,13.1,13.8,0.392,0.39
2023-04-25T10:00,14.4,15.0,0.392,0.39
2023-04-25T11:00,14.8,15.6,0.391,0.389
2023-04-25T12:00,15.6,16.4,0.39,0.389
2023-04-25T13:00,16.4,17.1,0.388,0.388
2023-04-25T14:00,17.2,17.8,0.386,0.387
2023-04-25T15:00,18.1,18.2,0.384,0.386
2023-04-25T16:00,19.1,18.6,0.382,0.385
2023-04-25T17:00,19.1,18.5,0.38,0.385
2023-04-25T18:00,17.6,17.9,0.379,0.384
2023-04-25T19:00,16.5,16.5,0.378,0.384
2023-04-25T20:00,13.8,16.1,0.379,0.384
2023-04-25T21:00,13.0,15.2,0.379,0.384
2023-04-25T22:00,12.4,14.6,0.378,0.383
2023-04-25T23:00,11.9,14.1,0.378,0.383
2023-04-26T00:00,11.4,13.6,0.378,0.382
2023-04-26T01:00,10.7,13.1,0.378,0.382
2023-04-26T02:00,9.8,12.7,0.377,0.382
2023-04-26T03:00,10.3,12.2,0.377,0.381
2023-04-26T04:00,10.2,11.9,0.377,0.381
2023-04-26T05:00,10.4,11.6,0.376,0.381
2023-04-26T06:00,10.6,11.4,0.376,0.38
2023-04-26T07:00,12.4,11.9,0.376,0.38
2023-04-26T08:00,13.6,13.8,0.376,0.38
2023-04-26T09:00,15.4,15.4,0.375,0.379
2023-04-26T10:00,17.1,17.3,0.373,0.378
2023-04-26T11:00,18.6,19.1,0.37,0.377
2023-04-26T12:00,19.8,20.7,0.367,0.376
2023-04-26T13:00,20.8,22.0,0.364,0.375
2023-04-26T14:00,21.5,22.7,0.361,0.374
2023-04-26T15:00,21.7,23.0,0.359,0.373
2023-04-26T16:00,21.5,22.6,0.356,0.372
2023-04-26T17:00,21.0,21.9,0.355,0.372
2023-04-26T18:00,19.9,20.8,0.354,0.371
2023-04-26T19:00,16.9,19.3,0.354,0.371
2023-04-26T20:00,17.5,19.5,0.352,0.369
2023-04-26T21:00,17.6,18.5,0.353,0.369
2023-04-26T22:00,17.5,17.9,0.353,0.368
2023-04-26T23:00,17.0,17.4,0.352,0.368
2023-04-27T00:00,16.6,17.0,0.352,0.368
2023-04-27T01:00,16.3,16.8,0.352,0.367
2023-04-27T02:00,15.8,16.5,0.353,0.367
2023-04-27T03:00,14.9,16.1,0.353,0.367
2023-04-27T04:00,14.4,15.7,0.353,0.366
2023-04-27T05:00,13.9,15.3,0.353,0.366
2023-04-27T06:00,13.6,14.9,0.353,0.366
2023-04-27T07:00,14.9,15.2,0.353,0.365
2023-04-27T08:00,16.8,17.3,0.351,0.364
2023-04-27T09:00,18.5,18.3,0.35,0.364
2023-04-27T10:00,19.5,19.0,0.349,0.363
2023-04-27T11:00,21.4,20.6,0.346,0.362
2023-04-27T12:00,22.1,21.5,0.347,0.362
2023-04-27T13:00,21.3,21.0,0.347,0.361
2023-04-27T14:00,21.4,21.0,0.345,0.361
2023-04-27T15:00,20.5,20.5,0.346,0.36
2023-04-27T16:00,20.5,20.3,0.345,0.36
2023-04-27T17:00,20.2,20.1,0.347,0.359
2023-04-27T18:00,19.8,19.8,0.347,0.359
2023-04-27T19:00,18.6,19.0,0.347,0.359
2023-04-27T20:00,18.0,18.9,0.343,0.357
2023-04-27T21:00,18.1,18.4,0.343,0.357
2023-04-27T22:00,18.0,18.0,0.343,0.357
2023-04-27T23:00,18.0,17.8,0.343,0.357
2023-04-28T00:00,18.1,17.8,0.344,0.356
2023-04-28T01:00,18.2,17.8,0.344,0.356
2023-04-28T02:00,17.4,17.5,0.344,0.356
2023-04-28T03:00,17.7,17.5,0.344,0.356
2023-04-28T04:00,17.4,17.4,0.344,0.356
2023-04-28T05:00,15.9,17.0,0.344,0.355
2023-04-28T06:00,15.7,16.6,0.344,0.355
2023-04-28T07:00,17.7,17.1,0.344,0.355
2023-04-28T08:00,19.6,17.5,0.342,0.355
2023-04-28T09:00,21.0,19.0,0.341,0.355
2023-04-28T10:00,21.5,20.2,0.341,0.354
2023-04-28T11:00,21.6,20.8,0.34,0.354
2023-04-28T12:00,21.7,21.3,0.34,0.353
2023-04-28T13:00,22.5,22.5,0.339,0.353
2023-04-28T14:00,23.2,23.5,0.337,0.352
2023-04-28T15:00,23.9,23.9,0.336,0.351
2023-04-28T16:00,24.1,23.9,0.335,0.351
2023-04-28T17:00,22.9,23.0,0.334,0.35
2023-04-28T18:00,21.8,22.0,0.335,0.35
2023-04-28T19:00,20.3,21.0,0.338,0.35
2023-04-28T20:00,18.9,18.6,0.349,0.35
2023-04-28T21:00,18.8,18.5,0.349,0.35
2023-04-28T22:00,18.3,18.3,0.348,0.35
2023-04-28T23:00,17.2,18.0,0.35,0.35
2023-04-29T00:00,17.0,17.6,0.35,0.35
2023-04-29T01:00,16.9,17.4,0.35,0.35
2023-04-29T02:00,17.7,17.1,0.35,0.349
2023-04-29T03:00,18.4,17.0,0.349,0.349
2023-04-29T04:00,18.1,17.0,0.349,0.349
2023-04-29T05:00,17.7,17.0,0.348,0.349
2023-04-29T06:00,17.2,16.9,0.347,0.349
2023-04-29T07:00,16.6,16.7,0.347,0.349
2023-04-29T08:00,17.1,17.5,0.35,0.347
2023-04-29T09:00,17.1,17.5,0.349,0.347
2023-04-29T10:00,18.2,18.0,0.347,0.346
2023-04-29T11:00,19.4,19.5,0.344,0.345
2023-04-29T12:00,20.1,21.0,0.341,0.344
2023-04-29T13:00,20.7,22.3,0.337,0.343
2023-04-29T14:00,21.2,23.2,0.334,0.343
2023-04-29T15:00,21.5,23.5,0.331,0.342
2023-04-29T16:00,21.5,23.4,0.329,0.341
2023-04-29T17:00,21.1,22.7,0.327,0.34
2023-04-29T18:00,19.6,21.6,0.326,0.34
2023-04-29T19:00,19.4,20.0,0.326,0.34
2023-04-29T20:00,15.2,19.0,0.325,0.338
2023-04-29T21:00,15.0,17.6,0.325,0.338
2023-04-29T22:00,14.7,16.8,0.325,0.338
2023-04-29T23:00,14.3,16.0,0.325,0.338
2023-04-30T00:00,13.4,15.4,0.325,0.337
2023-04-30T01:00,12.5,14.9,0.325,0.337
2023-04-30T02:00,11.7,14.3,0.325,0.337
2023-04-30T03:00,11.0,13.8,0.325,0.337
2023-04-30T04:00,10.6,13.2,0.325,0.337
2023-04-30T05:00,10.6,12.9,0.325,0.337
2023-04-30T06:00,11.8,12.5,0.325,0.337
2023-04-30T07:00,14.2,13.1,0.325,0.336
2023-04-30T08:00,15.7,14.6,0.325,0.336
2023-04-30T09:00,17.8,16.5,0.324,0.336
2023-04-30T10:00,19.8,18.4,0.322,0.335
2023-04-30T11:00,21.1,20.1,0.32,0.334
2023-04-30T12:00,22.3,21.8,0.317,0.334
2023-04-30T13:00,23.1,23.0,0.314,0.333
2023-04-30T14:00,23.6,23.8,0.311,0.332
2023-04-30T15:00,24.0,24.1,0.308,0.331
2023-04-30T16:00,24.0,24.0,0.306,0.33
2023-04-30T17:00,23.5,23.4,0.305,0.329
2023-04-30T18:00,22.0,22.4,0.304,0.329
2023-04-30T19:00,18.6,20.9,0.304,0.329
2023-04-30T20:00,17.1,20.9,0.295,0.324
2023-04-30T21:00,17.7,19.3,0.295,0.323
2023-04-30T22:00,17.5,18.1,0.296,0.323
2023-04-30T23:00,16.1,17.1,0.296,0.323
2023-05-01T00:00,14.4,16.4,0.296,0.323
2023-05-01T01:00,14.6,15.8,0.297,0.323
2023-05-01T02:00,13.9,15.4,0.297,0.323
2023-05-01T03:00,13.1,14.9,0.297,0.323
2023-05-01T04:00,12.8,14.4,0.297,0.322
2023-05-01T05:00,12.5,14.1,0.298,0.322
2023-05-01T06:00,12.8,13.8,0.298,0.322
2023-05-01T07:00,15.5,14.4,0.298,0.322
2023-05-01T08:00,17.2,16.9,0.294,0.319
2023-05-01T09:00,19.7,18.4,0.293,0.319
2023-05-01T10:00,22.2,20.2,0.292,0.318
2023-05-01T11:00,24.2,22.1,0.29,0.317
2023-05-01T12:00,25.8,23.6,0.287,0.316
2023-05-01T13:00,26.5,24.7,0.284,0.315
2023-05-01T14:00,26.9,25.4,0.281,0.314
2023-05-01T15:00,27.0,25.6,0.278,0.313
2023-05-01T16:00,26.5,25.3,0.276,0.313
2023-05-01T17:00,25.5,24.6,0.275,0.312
2023-05-01T18:00,23.5,23.5,0.274,0.312
2023-05-01T19:00,21.5,22.1,0.274,0.311
2023-05-01T20:00,20.8,23.6,0.262,0.304
2023-05-01T21:00,20.8,22.0,0.262,0.303
2023-05-01T22:00,20.3,20.9,0.262,0.303
2023-05-01T23:00,19.8,20.1,0.262,0.303
2023-05-02T00:00,19.3,19.5,0.262,0.303
2023-05-02T01:00,18.6,18.9,0.262,0.303
2023-05-02T02:00,18.0,18.4,0.263,0.303
2023-05-02T03:00,17.9,18.0,0.263,0.302
2023-05-02T04:00,17.8,17.8,0.263,0.302
2023-05-02T05:00,17.8,17.5,0.263,0.302
2023-05-02T06:00,17.9,17.5,0.264,0.302
2023-05-02T07:00,19.1,17.9,0.264,0.302
2023-05-02T08:00,20.5,18.8,0.258,0.298
2023-05-02T09:00,22.9,20.4,0.257,0.297
2023-05-02T10:00,24.9,22.0,0.256,0.297
2023-05-02T11:00,26.5,23.8,0.254,0.296
2023-05-02T12:00,27.6,25.2,0.252,0.295
2023-05-02T13:00,28.2,26.1,0.25,0.294
2023-05-02T14:00,27.6,26.6,0.249,0.294
2023-05-02T15:00,25.8,25.8,0.248,0.293
2023-05-02T16:00,26.0,26.0,0.248,0.293
2023-05-02T17:00,25.5,25.6,0.248,0.293
2023-05-02T18:00,24.1,24.6,0.25,0.292
2023-05-02T19:00,22.9,23.5,0.251,0.292
2023-05-02T20:00,21.5,22.1,0.293,0.293
2023-05-02T21:00,21.3,21.4,0.297,0.293
2023-05-02T22:00,21.1,21.0,0.299,0.293
2023-05-02T23:00,21.2,20.6,0.3,0.293
2023-05-03T00:00,21.2,20.5,0.3,0.293
2023-05-03T01:00,21.0,20.5,0.325,0.293
2023-05-03T02:00,21.0,20.5,0.343,0.293
2023-05-03T03:00,20.9,20.4,0.346,0.294
2023-05-03T04:00,20.8,20.3,0.407,0.295
2023-05-03T05:00,20.9,20.2,0.409,0.299
2023-05-03T06:00,20.8,20.1,0.41,0.302
2023-05-03T07:00,21.2,20.2,0.402,0.305
2023-05-03T08:00,22.0,20.8,0.398,0.305
2023-05-03T09:00,22.1,21.1,0.403,0.308
2023-05-03T10:00,22.8,21.5,0.399,0.31
2023-05-03T11:00,24.3,22.6,0.405,0.312
2023-05-03T12:00,25.1,23.4,0.399,0.314
2023-05-03T13:00,26.2,24.4,0.393,0.315
2023-05-03T14:00,27.1,25.4,0.386,0.316
2023-05-03T15:00,28.2,26.2,0.381,0.316
2023-05-03T16:00,28.0,26.0,0.378,0.317
2023-05-03T17:00,26.9,25.8,0.381,0.317
2023-05-03T18:00,25.1,24.8,0.394,0.319
2023-05-03T19:00,23.5,23.6,0.416,0.32
2023-05-03T20:00,22.4,23.5,0.433,0.374
2023-05-03T21:00,22.0,22.5,0.439,0.415
2023-05-03T22:00,22.4,21.9,0.434,0.431
2023-05-03T23:00,23.1,21.5,0.428,0.428
2023-05-04T00:00,23.6,21.5,0.425,0.426
2023-05-04T01:00,23.5,21.4,0.422,0.424
2023-05-04T02:00,23.2,21.3,0.419,0.422
2023-05-04T03:00,22.0,21.2,0.439,0.428
2023-05-04T04:00,21.2,21.0,0.433,0.435
2023-05-04T05:00,21.1,20.8,0.437,0.432
2023-05-04T06:00,21.1,20.7,0.433,0.43
2023-05-04T07:00,21.4,20.9,0.431,0.428
2023-05-04T08:00,23.4,22.2,0.428,0.429
2023-05-04T09:00,23.5,22.6,0.426,0.427
2023-05-04T10:00,25.7,24.1,0.422,0.424
2023-05-04T11:00,26.9,25.2,0.418,0.422
2023-05-04T12:00,27.3,26.1,0.415,0.42
2023-05-04T13:00,27.4,26.2,0.413,0.418
2023-05-04T14:00,27.8,26.6,0.411,0.416
2023-05-04T15:00,27.7,26.9,0.409,0.415
2023-05-04T16:00,24.0,26.0,0.432,0.418
2023-05-04T17:00,23.3,24.8,0.427,0.418
2023-05-04T18:00,22.7,23.9,0.423,0.418
2023-05-04T19:00,22.3,23.2,0.42,0.417
2023-05-04T20:00,22.4,22.7,0.425,0.414
2023-05-04T21:00,22.0,22.4,0.429,0.415
2023-05-04T22:00,22.0,22.0,0.435,0.42
2023-05-04T23:00,21.8,21.8,0.43,0.421
2023-05-05T00:00,21.5,21.5,0.429,0.421
2023-05-05T01:00,21.5,21.5,0.428,0.42
2023-05-05T02:00,21.1,21.2,0.425,0.42
2023-05-05T03:00,20.7,21.0,0.422,0.419
2023-05-05T04:00,20.5,20.6,0.42,0.418
2023-05-05T05:00,19.9,20.4,0.417,0.417
2023-05-05T06:00,19.4,20.0,0.415,0.416
2023-05-05T07:00,20.0,20.1,0.414,0.415
2023-05-05T08:00,20.8,20.0,0.412,0.417
2023-05-05T09:00,22.1,21.4,0.409,0.416
2023-05-05T10:00,23.2,22.6,0.407,0.414
2023-05-05T11:00,24.5,23.8,0.403,0.413
2023-05-05T12:00,25.4,24.8,0.4,0.411
2023-05-05T13:00,26.6,25.7,0.396,0.409
2023-05-05T14:00,27.2,26.4,0.393,0.407
2023-05-05T15:00,27.0,26.5,0.39,0.406
2023-05-05T16:00,26.9,26.4,0.387,0.404
2023-05-05T17:00,26.4,25.8,0.386,0.403
2023-05-05T18:00,25.5,25.1,0.385,0.402
2023-05-05T19:00,23.9,24.1,0.384,0.401
2023-05-05T20:00,22.5,23.2,0.388,0.401
2023-05-05T21:00,21.8,22.6,0.388,0.4
2023-05-05T22:00,20.6,21.6,0.414,0.4
2023-05-05T23:00,20.2,20.9,0.426,0.402
2023-05-06T00:00,19.8,20.4,0.421,0.403
2023-05-06T01:00,19.3,20.0,0.417,0.403
2023-05-06T02:00,18.8,19.8,0.414,0.403
2023-05-06T03:00,18.6,19.5,0.412,0.403
2023-05-06T04:00,18.6,19.5,0.41,0.403
2023-05-06T05:00,18.4,19.4,0.408,0.403
2023-05-06T06:00,18.4,19.4,0.406,0.402
2023-05-06T07:00,18.6,19.5,0.405,0.402
2023-05-06T08:00,18.4,19.0,0.399,0.399
2023-05-06T09:00,19.0,19.2,0.4,0.399
2023-05-06T10:00,19.6,19.7,0.4,0.398
2023-05-06T11:00,20.1,20.0,0.399,0.398
2023-05-06T12:00,20.6,20.8,0.399,0.397
2023-05-06T13:00,20.5,21.0,0.398,0.397
2023-05-06T14:00,19.8,20.8,0.398,0.396
2023-05-06T15:00,18.7,20.1,0.407,0.396
2023-05-06T16:00,18.5,19.8,0.428,0.397
2023-05-06T17:00,17.6,19.0,0.43,0.402
2023-05-06T18:00,17.3,18.4,0.423,0.403
2023-05-06T19:00,16.9,18.0,0.42,0.404
2023-05-06T20:00,16.2,16.6,0.427,0.406
2023-05-06T21:00,16.5,16.6,0.423,0.407
2023-05-06T22:00,16.2,16.6,0.42,0.408
2023-05-06T23:00,15.4,16.5,0.418,0.408
2023-05-07T00:00,15.1,16.1,0.418,0.408
2023-05-07T01:00,15.1,15.9,0.416,0.408
2023-05-07T02:00,14.9,15.6,0.414,0.408
2023-05-07T03:00,14.5,15.4,0.412,0.407
2023-05-07T04:00,14.2,15.2,0.41,0.407
2023-05-07T05:00,13.9,15.1,0.408,0.406
2023-05-07T06:00,13.8,15.0,0.407,0.406
2023-05-07T07:00,14.6,15.2,0.405,0.405
2023-05-07T08:00,16.1,17.2,0.401,0.402
2023-05-07T09:00,17.6,18.2,0.399,0.401
2023-05-07T10:00,19.1,19.4,0.396,0.4
2023-05-07T11:00,20.6,20.8,0.393,0.399
2023-05-07T12:00,21.6,22.0,0.389,0.398
2023-05-07T13:00,22.5,23.1,0.385,0.397
2023-05-07T14:00,23.4,23.8,0.382,0.395
2023-05-07T15:00,23.0,23.6,0.379,0.394
2023-05-07T16:00,22.7,23.0,0.378,0.393
2023-05-07T17:00,22.6,22.5,0.376,0.392
2023-05-07T18:00,21.8,21.8,0.375,0.392
2023-05-07T19:00,20.6,21.0,0.375,0.391
2023-05-07T20:00,20.2,20.7,0.378,0.392
2023-05-07T21:00,19.9,20.2,0.378,0.392
2023-05-07T22:00,19.1,19.6,0.379,0.391
2023-05-07T23:00,18.0,18.9,0.379,0.391
2023-05-08T00:00,18.1,18.6,0.378,0.391
2023-05-08T01:00,17.9,18.4,0.378,0.39
2023-05-08T02:00,17.2,18.0,0.378,0.39
2023-05-08T03:00,17.2,17.9,0.378,0.389
2023-05-08T04:00,17.5,17.9,0.377,0.389
2023-05-08T05:00,17.4,17.8,0.377,0.388
2023-05-08T06:00,16.8,17.6,0.378,0.388
2023-05-08T07:00,17.4,17.5,0.377,0.388
2023-05-08T08:00,18.2,18.9,0.381,0.39
2023-05-08T09:00,19.1,19.2,0.38,0.389
2023-05-08T10:00,19.8,19.8,0.379,0.388
2023-05-08T11:00,21.2,20.8,0.377,0.388
2023-05-08T12:00,22.8,22.6,0.374,0.387
2023-05-08T13:00,23.2,24.0,0.37,0.385
2023-05-08T14:00,23.6,24.9,0.367,0.384
2023-05-08T15:00,23.9,25.2,0.364,0.383
2023-05-08T16:00,24.0,25.2,0.362,0.382
2023-05-08T17:00,23.6,24.5,0.361,0.381
2023-05-08T18:00,22.2,23.4,0.36,0.381
2023-05-08T19:00,20.1,22.1,0.36,0.38
2023-05-08T20:00,21.8,22.4,0.359,0.383
2023-05-08T21:00,20.5,21.1,0.359,0.382
2023-05-08T22:00,18.9,20.3,0.359,0.382
2023-05-08T23:00,17.8,19.5,0.36,0.381
2023-05-09T00:00,17.1,18.9,0.36,0.381
2023-05-09T01:00,16.6,18.4,0.36,0.38
2023-05-09T02:00,16.1,18.0,0.36,0.38
2023-05-09T03:00,15.3,17.5,0.36,0.379
2023-05-09T04:00,14.7,17.0,0.36,0.379
2023-05-09T05:00,14.4,16.6,0.361,0.379
2023-05-09T06:00,14.9,16.4,0.361,0.378
2023-05-09T07:00,16.5,16.8,0.361,0.378
2023-05-09T08:00,18.0,19.1,0.348,0.37
2023-05-09T09:00,19.4,20.0,0.347,0.37
2023-05-09T10:00,20.5,21.4,0.345,0.369
2023-05-09T11:00,21.6,22.8,0.343,0.368
2023-05-09T12:00,22.6,24.1,0.34,0.367
2023-05-09T13:00,23.4,25.1,0.337,0.366
2023-05-09T14:00,23.9,25.8,0.334,0.364
2023-05-09T15:00,24.1,26.0,0.332,0.363
2023-05-09T16:00,24.0,25.6,0.33,0.363
2023-05-09T17:00,23.4,24.5,0.329,0.362
2023-05-09T18:00,21.8,23.2,0.33,0.361
2023-05-09T19:00,21.1,22.2,0.33,0.361
2023-05-09T20:00,20.8,22.1,0.324,0.356
2023-05-09T21:00,20.2,21.4,0.324,0.355
2023-05-09T22:00,19.3,20.8,0.324,0.355
2023-05-09T23:00,19.0,20.4,0.324,0.355
2023-05-10T00:00,18.6,20.0,0.325,0.355
2023-05-10T01:00,17.9,19.5,0.33,0.354
2023-05-10T02:00,17.6,18.9,0.33,0.354
2023-05-10T03:00,17.8,18.6,0.33,0.354
2023-05-10T04:00,17.6,18.5,0.331,0.354
2023-05-10T05:00,17.4,18.4,0.331,0.353
2023-05-10T06:00,17.0,18.1,0.339,0.353
2023-05-10T07:00,17.4,17.9,0.348,0.353
2023-05-10T08:00,17.7,17.4,0.375,0.353
2023-05-10T09:00,17.5,17.8,0.392,0.353
2023-05-10T10:00,17.6,18.1,0.408,0.354
2023-05-10T11:00,17.5,18.4,0.417,0.356
2023-05-10T12:00,17.6,18.5,0.423,0.359
2023-05-10T13:00,18.0,18.9,0.419,0.363
2023-05-10T14:00,18.2,19.0,0.413,0.365
2023-05-10T15:00,18.2,19.0,0.408,0.366
2023-05-10T16:00,18.4,19.2,0.404,0.367
2023-05-10T17:00,18.2,19.1,0.401,0.368
2023-05-10T18:00,18.0,18.9,0.398,0.369
2023-05-10T19:00,17.6,18.6,0.395,0.369
2023-05-10T20:00,16.5,17.6,0.383,0.356
2023-05-10T21:00,16.5,17.4,0.389,0.356
2023-05-10T22:00,16.4,17.2,0.388,0.357
2023-05-10T23:00,16.4,17.1,0.386,0.357
2023-05-11T00:00,16.2,17.0,0.384,0.358
2023-05-11T01:00,15.7,16.9,0.383,0.358
2023-05-11T02:00,15.4,16.6,0.382,0.358
2023-05-11T03:00,15.4,16.5,0.38,0.359
2023-05-11T04:00,15.2,16.4,0.379,0.359
2023-05-11T05:00,15.2,16.2,0.378,0.359
2023-05-11T06:00,15.2,16.2,0.377,0.359
2023-05-11T07:00,15.8,16.5,0.376,0.36
2023-05-11T08:00,16.8,16.9,0.371,0.358
2023-05-11T09:00,18.2,18.2,0.369,0.358
2023-05-11T10:00,19.6,19.8,0.367,0.358
2023-05-11T11:00,20.2,20.7,0.366,0.358
2023-05-11T12:00,20.8,21.2,0.364,0.357
2023-05-11T13:00,21.6,22.1,0.361,0.357
2023-05-11T14:00,22.0,22.5,0.359,0.356
2023-05-11T15:00,22.0,22.6,0.357,0.356
2023-05-11T16:00,22.5,22.9,0.355,0.355
2023-05-11T17:00,22.1,22.4,0.354,0.355
2023-05-11T18:00,21.5,21.6,0.353,0.355
2023-05-11T19:00,20.4,21.0,0.353,0.355
2023-05-11T20:00,19.6,20.6,0.352,0.355
2023-05-11T21:00,19.4,20.0,0.352,0.354
2023-05-11T22:00,18.5,19.5,0.352,0.354
2023-05-11T23:00,17.0,18.8,0.352,0.354
2023-05-12T00:00,16.5,18.2,0.352,0.354
2023-05-12T01:00,16.3,17.7,0.351,0.354
2023-05-12T02:00,16.0,17.3,0.351,0.354
2023-05-12T03:00,15.8,17.0,0.351,0.354
2023-05-12T04:00,15.5,16.8,0.351,0.354
2023-05-12T05:00,15.2,16.5,0.351,0.354
2023-05-12T06:00,15.3,16.3,0.351,0.354
2023-05-12T07:00,16.6,16.8,0.351,0.354
2023-05-12T08:00,18.0,17.8,0.35,0.353
2023-05-12T09:00,20.0,19.4,0.348,0.353
2023-05-12T10:00,21.7,21.1,0.346,0.352
2023-05-12T11:00,23.2,22.8,0.344,0.351
2023-05-12T12:00,24.4,24.1,0.34,0.35
2023-05-12T13:00,25.2,25.2,0.337,0.35
2023-05-12T14:00,25.8,25.8,0.334,0.349
2023-05-12T15:00,26.0,25.9,0.332,0.348
2023-05-12T16:00,26.0,25.6,0.33,0.347
2023-05-12T17:00,25.7,25.1,0.328,0.347
2023-05-12T18:00,24.5,24.4,0.328,0.346
2023-05-12T19:00,22.5,23.2,0.328,0.346
2023-05-12T20:00,21.4,23.5,0.326,0.345
2023-05-12T21:00,21.1,22.3,0.326,0.344
2023-05-12T22:00,20.6,21.5,0.326,0.344
2023-05-12T23:00,20.3,20.8,0.326,0.344
2023-05-13T00:00,19.8,20.2,0.326,0.344
2023-05-13T01:00,19.1,19.8,0.327,0.344
2023-05-13T02:00,18.5,19.4,0.327,0.344
2023-05-13T03:00,18.1,19.0,0.327,0.344
2023-05-13T04:00,17.7,18.6,0.327,0.344
2023-05-13T05:00,17.4,18.3,0.327,0.343
2023-05-13T06:00,17.8,18.1,0.327,0.343
2023-05-13T07:00,19.3,18.6,0.327,0.343
2023-05-13T08:00,20.5,20.5,0.325,0.342
2023-05-13T09:00,22.3,21.8,0.324,0.341
2023-05-13T10:00,24.0,23.1,0.323,0.341
2023-05-13T11:00,25.4,24.4,0.321,0.34
2023-05-13T12:00,26.4,25.4,0.318,0.339
2023-05-13T13:00,27.1,26.0,0.316,0.339
2023-05-13T14:00,27.6,26.5,0.314,0.338
2023-05-13T15:00,27.7,26.6,0.312,0.337
2023-05-13T16:00,27.5,26.5,0.31,0.337
2023-05-13T17:00,26.9,26.0,0.309,0.336
2023-05-13T18:00,25.8,25.2,0.309,0.336
2023-05-13T19:00,24.0,24.2,0.309,0.336
2023-05-13T20:00,23.1,24.8,0.309,0.335
2023-05-13T21:00,22.4,23.6,0.309,0.335
2023-05-13T22:00,21.0,22.6,0.309,0.335
2023-05-13T23:00,20.4,21.9,0.31,0.335
2023-05-14T00:00,20.0,21.2,0.31,0.335
2023-05-14T01:00,19.9,20.8,0.31,0.335
2023-05-14T02:00,19.4,20.3,0.31,0.335
2023-05-14T03:00,19.4,20.0,0.311,0.334
2023-05-14T04:00,18.8,19.7,0.311,0.334
2023-05-14T05:00,18.5,19.4,0.311,0.334
2023-05-14T06:00,19.2,19.2,0.312,0.334
2023-05-14T07:00,21.0,19.8,0.312,0.334
2023-05-14T08:00,22.2,21.6,0.311,0.333
2023-05-14T09:00,24.2,22.9,0.31,0.333
2023-05-14T10:00,25.8,24.2,0.308,0.332
2023-05-14T11:00,26.9,25.5,0.306,0.332
2023-05-14T12:00,27.9,26.5,0.304,0.331
2023-05-14T13:00,28.8,27.5,0.301,0.33
2023-05-14T14:00,29.2,28.2,0.298,0.329
2023-05-14T15:00,29.4,28.4,0.296,0.328
2023-05-14T16:00,28.9,28.0,0.294,0.327
2023-05-14T17:00,28.0,27.4,0.293,0.327
2023-05-14T18:00,26.5,26.5,0.293,0.326
2023-05-14T19:00,24.9,25.4,0.293,0.326
2023-05-14T20:00,23.8,25.5,0.288,0.323
2023-05-14T21:00,23.5,24.4,0.289,0.323
2023-05-14T22:00,23.3,23.6,0.289,0.322
2023-05-14T23:00,23.0,23.0,0.289,0.322
2023-05-15T00:00,22.6,22.5,0.289,0.322
2023-05-15T01:00,22.0,22.1,0.29,0.322
2023-05-15T02:00,21.5,21.8,0.29,0.322
2023-05-15T03:00,21.2,21.4,0.29,0.322
2023-05-15T04:00,21.0,21.1,0.291,0.322
2023-05-15T05:00,20.6,20.9,0.291,0.321
2023-05-15T06:00,20.8,20.6,0.291,0.321
2023-05-15T07:00,22.0,21.1,0.291,0.321
2023-05-15T08:00,23.6,23.1,0.288,0.318
2023-05-15T09:00,25.3,24.1,0.287,0.318
2023-05-15T10:00,26.8,25.4,0.285,0.317
2023-05-15T11:00,28.0,26.7,0.282,0.316
2023-05-15T12:00,29.1,28.0,0.28,0.315
2023-05-15T13:00,29.8,28.8,0.277,0.314
2023-05-15T14:00,30.1,29.3,0.274,0.313
2023-05-15T15:00,30.2,29.5,0.272,0.312
2023-05-15T16:00,30.2,29.4,0.27,0.312
2023-05-15T17:00,29.7,28.8,0.269,0.311
2023-05-15T18:00,28.3,27.9,0.268,0.311
2023-05-15T19:00,26.5,26.8,0.269,0.31
2023-05-15T20:00,25.5,27.0,0.27,0.312
2023-05-15T21:00,25.4,25.8,0.271,0.312
2023-05-15T22:00,25.0,25.0,0.271,0.311
2023-05-15T23:00,23.5,24.4,0.271,0.311
2023-05-16T00:00,22.9,23.8,0.271,0.311
2023-05-16T01:00,22.9,23.3,0.272,0.311
2023-05-16T02:00,22.7,23.0,0.272,0.311
2023-05-16T03:00,22.6,22.6,0.273,0.311
2023-05-16T04:00,22.4,22.4,0.273,0.311
2023-05-16T05:00,22.5,22.2,0.273,0.311
2023-05-16T06:00,22.7,22.1,0.273,0.31
2023-05-16T07:00,23.4,22.2,0.273,0.31
2023-05-16T08:00,25.4,24.0,0.282,0.317
2023-05-16T09:00,26.5,24.8,0.281,0.316
2023-05-16T10:00,26.1,24.8,0.28,0.316
2023-05-16T11:00,26.6,25.1,0.28,0.316
2023-05-16T12:00,26.6,25.5,0.28,0.315
2023-05-16T13:00,26.5,25.8,0.279,0.315
2023-05-16T14:00,26.4,26.3,0.285,0.314
2023-05-16T15:00,23.2,25.1,0.319,0.314
2023-05-16T16:00,21.8,23.5,0.356,0.315
2023-05-16T17:00,21.5,22.8,0.4,0.315
2023-05-16T18:00,21.6,22.2,0.433,0.328
2023-05-16T19:00,20.9,21.6,0.439,0.371
2023-05-16T20:00,21.0,20.8,0.427,0.338
2023-05-16T21:00,21.1,20.9,0.427,0.346
2023-05-16T22:00,21.2,20.9,0.428,0.351
2023-05-16T23:00,21.6,21.0,0.417,0.355
2023-05-17T00:00,21.6,21.0,0.413,0.357
2023-05-17T01:00,21.7,21.1,0.412,0.359
2023-05-17T02:00,21.9,21.2,0.41,0.36
2023-05-17T03:00,21.9,21.3,0.417,0.362
2023-05-17T04:00,21.5,21.4,0.429,0.366
2023-05-17T05:00,21.3,21.2,0.421,0.37
2023-05-17T06:00,21.1,21.0,0.414,0.372
2023-05-17T07:00,21.4,21.2,0.41,0.373
2023-05-17T08:00,22.0,20.7,0.417,0.375
2023-05-17T09:00,22.5,21.6,0.412,0.376
2023-05-17T10:00,23.8,23.1,0.408,0.377
2023-05-17T11:00,24.5,23.9,0.404,0.378
2023-05-17T12:00,24.8,24.3,0.401,0.378
2023-05-17T13:00,25.7,25.2,0.397,0.378
2023-05-17T14:00,26.1,26.1,0.393,0.377
2023-05-17T15:00,26.6,26.5,0.39,0.377
2023-05-17T16:00,26.8,26.5,0.387,0.377
2023-05-17T17:00,26.8,26.3,0.385,0.376
2023-05-17T18:00,26.1,25.7,0.383,0.376
2023-05-17T19:00,24.3,24.8,0.382,0.376
2023-05-17T20:00,23.6,24.5,0.389,0.379
2023-05-17T21:00,22.0,23.5,0.388,0.379
2023-05-17T22:00,21.2,22.7,0.387,0.379
2023-05-17T23:00,20.6,22.1,0.386,0.379
2023-05-18T00:00,20.2,21.6,0.385,0.379
2023-05-18T01:00,20.3,21.3,0.385,0.379
2023-05-18T02:00,20.4,21.0,0.384,0.379
2023-05-18T03:00,20.1,20.9,0.383,0.379
2023-05-18T04:00,19.9,20.6,0.383,0.378
2023-05-18T05:00,19.5,20.4,0.382,0.378
2023-05-18T06:00,19.9,20.2,0.381,0.378
2023-05-18T07:00,21.2,20.9,0.381,0.378
2023-05-18T08:00,22.8,22.3,0.38,0.378
2023-05-18T09:00,24.8,23.9,0.379,0.378
2023-05-18T10:00,26.3,25.5,0.376,0.377
2023-05-18T11:00,27.5,27.0,0.373,0.376
2023-05-18T12:00,28.5,28.4,0.369,0.375
2023-05-18T13:00,29.1,29.1,0.366,0.374
2023-05-18T14:00,29.5,29.4,0.363,0.373
2023-05-18T15:00,29.5,29.3,0.36,0.372
2023-05-18T16:00,29.5,29.0,0.358,0.372
2023-05-18T17:00,29.2,28.4,0.357,0.371
2023-05-18T18:00,28.5,27.7,0.356,0.371
2023-05-18T19:00,28.4,26.8,0.356,0.37
2023-05-18T20:00,25.6,26.9,0.353,0.369
2023-05-18T21:00,24.6,25.8,0.353,0.368
2023-05-18T22:00,23.9,25.0,0.353,0.368
2023-05-18T23:00,23.5,24.4,0.353,0.368
2023-05-19T00:00,23.3,23.9,0.353,0.368
2023-05-19T01:00,22.6,23.5,0.353,0.367
2023-05-19T02:00,22.4,23.1,0.353,0.367
2023-05-19T03:00,22.4,22.9,0.353,0.367
2023-05-19T04:00,21.9,22.6,0.353,0.367
2023-05-19T05:00,21.8,22.4,0.353,0.366
2023-05-19T06:00,22.2,22.3,0.354,0.366
2023-05-19T07:00,23.5,22.8,0.353,0.366
2023-05-19T08:00,25.4,24.6,0.351,0.365
2023-05-19T09:00,26.7,25.7,0.35,0.364
2023-05-19T10:00,27.8,26.8,0.348,0.364
2023-05-19T11:00,28.5,27.8,0.346,0.363
2023-05-19T12:00,29.4,28.9,0.343,0.362
2023-05-19T13:00,29.9,29.6,0.34,0.361
2023-05-19T14:00,30.6,30.4,0.336,0.36
2023-05-19T15:00,30.7,30.5,0.334,0.359
2023-05-19T16:00,30.6,30.4,0.331,0.358
2023-05-19T17:00,30.2,29.8,0.33,0.357
2023-05-19T18:00,29.3,29.0,0.33,0.356
2023-05-19T19:00,27.8,27.9,0.33,0.356
2023-05-19T20:00,27.2,28.2,0.327,0.355
2023-05-19T21:00,27.2,27.2,0.327,0.354
2023-05-19T22:00,26.6,26.6,0.328,0.354
2023-05-19T23:00,26.4,26.1,0.328,0.354
2023-05-20T00:00,26.1,25.8,0.328,0.354
2023-05-20T01:00,25.2,25.5,0.329,0.353
2023-05-20T02:00,25.6,25.1,0.332,0.353
2023-05-20T03:00,23.4,24.6,0.434,0.361
2023-05-20T04:00,23.3,24.1,0.439,0.372
2023-05-20T05:00,22.2,23.7,0.437,0.393
2023-05-20T06:00,22.5,23.3,0.43,0.406
2023-05-20T07:00,23.1,23.2,0.423,0.407
2023-05-20T08:00,22.8,24.5,0.411,0.381
2023-05-20T09:00,24.8,25.2,0.407,0.382
2023-05-20T10:00,26.3,26.5,0.403,0.382
2023-05-20T11:00,27.9,27.9,0.399,0.382
2023-05-20T12:00,28.4,28.4,0.396,0.382
2023-05-20T13:00,29.5,29.2,0.392,0.381
2023-05-20T14:00,30.2,29.7,0.387,0.381
2023-05-20T15:00,30.5,29.9,0.384,0.38
2023-05-20T16:00,30.5,29.9,0.381,0.379
2023-05-20T17:00,30.0,29.4,0.378,0.379
2023-05-20T18:00,28.8,28.5,0.377,0.378
2023-05-20T19:00,27.5,27.6,0.376,0.378
2023-05-20T20:00,26.6,27.1,0.373,0.376
2023-05-20T21:00,26.3,26.5,0.372,0.376
2023-05-20T22:00,25.8,25.9,0.372,0.376
2023-05-20T23:00,25.5,25.5,0.372,0.376
2023-05-21T00:00,25.4,25.2,0.373,0.376
2023-05-21T01:00,25.1,24.9,0.374,0.375
2023-05-21T02:00,24.5,24.5,0.374,0.375
2023-05-21T03:00,23.9,24.1,0.374,0.375
2023-05-21T04:00,23.5,23.9,0.373,0.375
2023-05-21T05:00,23.2,23.6,0.373,0.375
2023-05-21T06:00,23.0,23.4,0.374,0.375
2023-05-21T07:00,23.5,23.5,0.375,0.375
2023-05-21T08:00,25.1,23.9,0.372,0.374
2023-05-21T09:00,26.3,25.2,0.371,0.373
2023-05-21T10:00,27.5,26.6,0.369,0.373
2023-05-21T11:00,28.1,27.6,0.367,0.372
2023-05-21T12:00,28.1,28.0,0.365,0.372
2023-05-21T13:00,28.0,28.1,0.364,0.371
2023-05-21T14:00,28.2,28.1,0.363,0.37
2023-05-21T15:00,27.5,27.9,0.363,0.37
2023-05-21T16:00,27.2,27.3,0.367,0.37
2023-05-21T17:00,26.0,27.0,0.387,0.37
2023-05-21T18:00,23.8,25.6,0.4,0.37
2023-05-21T19:00,22.7,24.2,0.403,0.371
2023-05-21T20:00,17.6,22.1,0.402,0.377
2023-05-21T21:00,16.8,21.2,0.399,0.378
2023-05-21T22:00,16.1,20.8,0.397,0.378
2023-05-21T23:00,15.1,19.8,0.406,0.378
2023-05-22T00:00,14.6,18.6,0.429,0.38
2023-05-22T01:00,14.4,17.9,0.431,0.386
2023-05-22T02:00,14.6,17.4,0.422,0.389
2023-05-22T03:00,14.6,17.4,0.417,0.39
2023-05-22T04:00,14.6,17.4,0.414,0.391
2023-05-22T05:00,14.4,17.1,0.412,0.392
2023-05-22T06:00,14.4,17.0,0.409,0.392
2023-05-22T07:00,14.7,17.2,0.406,0.392
2023-05-22T08:00,15.0,16.4,0.419,0.424
2023-05-22T09:00,16.7,17.6,0.416,0.422
2023-05-22T10:00,17.0,18.4,0.413,0.421
2023-05-22T11:00,18.0,19.5,0.41,0.419
2023-05-22T12:00,20.2,21.1,0.406,0.417
2023-05-22T13:00,20.7,22.2,0.403,0.415
2023-05-22T14:00,20.9,22.4,0.4,0.414
2023-05-22T15:00,21.5,22.5,0.398,0.413
2023-05-22T16:00,21.5,22.4,0.396,0.411
2023-05-22T17:00,21.3,22.0,0.395,0.41
2023-05-22T18:00,20.6,21.5,0.394,0.409
2023-05-22T19:00,20.0,20.9,0.393,0.408
2023-05-22T20:00,18.1,20.2,0.4,0.408
2023-05-22T21:00,17.9,19.5,0.4,0.407
2023-05-22T22:00,17.5,19.1,0.399,0.406
2023-05-22T23:00,17.6,18.8,0.398,0.406
2023-05-23T00:00,17.2,18.5,0.398,0.405
2023-05-23T01:00,16.6,18.2,0.397,0.405
2023-05-23T02:00,15.8,17.9,0.396,0.404
2023-05-23T03:00,15.6,17.5,0.396,0.404
2023-05-23T04:00,15.6,17.3,0.395,0.403
2023-05-23T05:00,15.1,17.0,0.395,0.403
2023-05-23T06:00,16.0,17.0,0.394,0.402
2023-05-23T07:00,17.2,17.6,0.394,0.402
2023-05-23T08:00,18.1,19.2,0.394,0.401
2023-05-23T09:00,19.5,20.7,0.392,0.4
2023-05-23T10:00,20.8,22.1,0.39,0.399
2023-05-23T11:00,21.5,23.0,0.388,0.399
2023-05-23T12:00,21.8,23.1,0.386,0.398
2023-05-23T13:00,22.3,23.6,0.384,0.397
2023-05-23T14:00,22.1,23.5,0.383,0.396
2023-05-23T15:00,22.4,23.6,0.381,0.395
2023-05-23T16:00,21.5,22.8,0.383,0.394
2023-05-23T17:00,20.0,21.7,0.426,0.399
2023-05-23T18:00,19.9,21.0,0.422,0.4
2023-05-23T19:00,19.9,20.5,0.419,0.401
2023-05-23T20:00,18.1,19.5,0.396,0.393
2023-05-23T21:00,18.0,19.2,0.415,0.393
2023-05-23T22:00,18.0,19.0,0.419,0.395
2023-05-23T23:00,18.0,18.9,0.419,0.396
2023-05-24T00:00,18.0,18.8,0.416,0.396
2023-05-24T01:00,17.8,18.6,0.413,0.397
2023-05-24T02:00,17.6,18.5,0.416,0.398
2023-05-24T03:00,17.5,18.4,0.419,0.399
2023-05-24T04:00,17.5,18.3,0.415,0.399
2023-05-24T05:00,17.4,18.1,0.412,0.4
2023-05-24T06:00,17.0,18.0,0.41,0.4
2023-05-24T07:00,17.4,18.2,0.408,0.4
2023-05-24T08:00,18.4,18.5,0.396,0.392
2023-05-24T09:00,19.8,19.9,0.395,0.392
2023-05-24T10:00,20.8,21.1,0.395,0.392
2023-05-24T11:00,21.8,22.1,0.393,0.391
2023-05-24T12:00,22.8,23.2,0.39,0.39
2023-05-24T13:00,23.5,24.1,0.387,0.39
2023-05-24T14:00,23.5,24.4,0.384,0.389
2023-05-24T15:00,23.6,24.4,0.382,0.388
2023-05-24T16:00,23.6,24.4,0.38,0.387
2023-05-24T17:00,23.4,24.0,0.379,0.387
2023-05-24T18:00,23.3,23.5,0.378,0.387
2023-05-24T19:00,22.8,22.9,0.377,0.386
2023-05-24T20:00,20.1,22.0,0.377,0.386
2023-05-24T21:00,19.2,21.1,0.377,0.386
2023-05-24T22:00,18.5,20.4,0.377,0.386
2023-05-24T23:00,18.6,19.9,0.376,0.385
2023-05-25T00:00,18.4,19.4,0.376,0.385
2023-05-25T01:00,18.1,19.0,0.376,0.385
2023-05-25T02:00,17.6,18.6,0.376,0.385
2023-05-25T03:00,17.5,18.5,0.376,0.384
2023-05-25T04:00,17.4,18.2,0.376,0.384
2023-05-25T05:00,17.9,18.2,0.375,0.384
2023-05-25T06:00,18.4,18.2,0.375,0.384
2023-05-25T07:00,19.5,18.9,0.375,0.383
2023-05-25T08:00,20.9,19.8,0.374,0.383
2023-05-25T09:00,22.5,21.4,0.373,0.382
2023-05-25T10:00,23.9,23.0,0.371,0.382
2023-05-25T11:00,25.2,24.6,0.368,0.381
2023-05-25T12:00,26.0,25.7,0.365,0.38
2023-05-25T13:00,26.6,26.5,0.362,0.379
2023-05-25T14:00,27.1,27.0,0.359,0.378
2023-05-25T15:00,27.1,26.9,0.358,0.377
2023-05-25T16:00,27.5,26.6,0.356,0.376
2023-05-25T17:00,27.8,26.4,0.356,0.376
2023-05-25T18:00,26.8,25.8,0.355,0.375
2023-05-25T19:00,25.5,25.0,0.355,0.375
2023-05-25T20:00,23.0,24.6,0.356,0.375
2023-05-25T21:00,23.1,23.6,0.358,0.374
2023-05-25T22:00,23.0,23.0,0.358,0.374
2023-05-25T23:00,22.9,22.6,0.359,0.374
2023-05-26T00:00,23.0,22.5,0.36,0.374
2023-05-26T01:00,22.6,22.3,0.361,0.373
2023-05-26T02:00,22.2,22.1,0.363,0.373
2023-05-26T03:00,22.0,22.0,0.397,0.373
2023-05-26T04:00,22.2,22.0,0.428,0.383
2023-05-26T05:00,22.0,21.9,0.422,0.386
2023-05-26T06:00,22.0,21.8,0.43,0.388
2023-05-26T07:00,22.3,22.0,0.427,0.392
2023-05-26T08:00,22.2,21.6,0.434,0.384
2023-05-26T09:00,22.4,21.9,0.433,0.393
2023-05-26T10:00,23.1,22.6,0.429,0.397
2023-05-26T11:00,24.0,23.6,0.439,0.407
2023-05-26T12:00,24.6,24.2,0.435,0.417
2023-05-26T13:00,25.1,24.2,0.435,0.42
2023-05-26T14:00,25.9,25.0,0.435,0.423
2023-05-26T15:00,26.1,25.2,0.432,0.425
2023-05-26T16:00,26.8,25.9,0.427,0.424
2023-05-26T17:00,26.9,26.0,0.425,0.423
2023-05-26T18:00,26.8,25.6,0.422,0.422
2023-05-26T19:00,25.5,25.0,0.427,0.422
2023-05-26T20:00,24.5,24.5,0.439,0.427
2023-05-26T21:00,24.3,24.0,0.431,0.428
2023-05-26T22:00,23.6,23.8,0.432,0.436
2023-05-26T23:00,23.2,23.4,0.427,0.433
2023-05-27T00:00,23.0,23.0,0.433,0.431
2023-05-27T01:00,23.0,22.9,0.429,0.429
2023-05-27T02:00,23.2,22.9,0.426,0.428
2023-05-27T03:00,23.2,22.9,0.439,0.43
2023-05-27T04:00,23.1,22.8,0.433,0.432
2023-05-27T05:00,23.1,22.7,0.43,0.431
2023-05-27T06:00,23.4,22.7,0.426,0.429
2023-05-27T07:00,24.1,23.2,0.425,0.428
2023-05-27T08:00,25.0,23.2,0.425,0.429
2023-05-27T09:00,26.7,24.5,0.421,0.427
2023-05-27T10:00,28.0,26.0,0.417,0.426
2023-05-27T11:00,29.2,27.5,0.413,0.424
2023-05-27T12:00,30.2,28.6,0.409,0.422
2023-05-27T13:00,31.0,29.5,0.406,0.42
2023-05-27T14:00,31.4,30.1,0.402,0.418
2023-05-27T15:00,30.1,30.0,0.428,0.42
2023-05-27T16:00,29.0,29.2,0.432,0.422
2023-05-27T17:00,28.3,28.5,0.427,0.422
2023-05-27T18:00,28.1,27.9,0.423,0.422
2023-05-27T19:00,27.2,27.2,0.42,0.421
2023-05-27T20:00,26.3,27.0,0.418,0.42
2023-05-27T21:00,26.9,26.2,0.416,0.419
2023-05-27T22:00,26.3,25.8,0.425,0.418
2023-05-27T23:00,26.1,25.4,0.43,0.419
2023-05-28T00:00,25.4,25.1,0.425,0.42
2023-05-28T01:00,24.9,24.9,0.425,0.42
2023-05-28T02:00,25.1,24.6,0.422,0.42
2023-05-28T03:00,24.8,24.5,0.42,0.419
2023-05-28T04:00,24.5,24.3,0.418,0.419
2023-05-28T05:00,24.2,24.1,0.416,0.418
2023-05-28T06:00,24.7,24.0,0.415,0.418
2023-05-28T07:00,25.5,24.5,0.413,0.417
2023-05-28T08:00,28.4,26.1,0.401,0.41
2023-05-28T09:00,30.1,27.4,0.4,0.41
2023-05-28T10:00,31.5,28.7,0.397,0.409
2023-05-28T11:00,32.1,29.9,0.395,0.407
2023-05-28T12:00,32.8,30.7,0.391,0.406
2023-05-28T13:00,33.2,31.2,0.388,0.405
2023-05-28T14:00,33.7,31.8,0.384,0.403
2023-05-28T15:00,33.0,31.8,0.381,0.402
2023-05-28T16:00,32.8,31.5,0.379,0.401
2023-05-28T17:00,32.2,31.0,0.377,0.4
2023-05-28T18:00,30.1,30.1,0.377,0.399
2023-05-28T19:00,27.9,29.2,0.377,0.398
2023-05-28T20:00,27.1,28.2,0.378,0.398
2023-05-28T21:00,27.0,27.5,0.379,0.398
2023-05-28T22:00,25.9,26.8,0.382,0.397
2023-05-28T23:00,25.3,26.1,0.382,0.397
2023-05-29T00:00,25.0,25.7,0.382,0.396
2023-05-29T01:00,24.9,25.4,0.382,0.396
2023-05-29T02:00,24.5,25.1,0.382,0.396
2023-05-29T03:00,24.2,24.9,0.382,0.395
2023-05-29T04:00,23.8,24.7,0.382,0.395
2023-05-29T05:00,23.4,24.4,0.39,0.395
2023-05-29T06:00,23.0,24.1,0.39,0.395
2023-05-29T07:00,23.5,24.3,0.389,0.394
2023-05-29T08:00,23.9,24.4,0.383,0.394
2023-05-29T09:00,25.5,25.8,0.382,0.394
2023-05-29T10:00,27.1,27.2,0.379,0.393
2023-05-29T11:00,29.2,28.7,0.376,0.392
2023-05-29T12:00,30.3,30.0,0.373,0.391
2023-05-29T13:00,30.8,30.8,0.371,0.39
2023-05-29T14:00,31.0,31.4,0.369,0.389
2023-05-29T15:00,31.4,31.6,0.367,0.388
2023-05-29T16:00,31.5,31.6,0.365,0.387
2023-05-29T17:00,31.2,31.1,0.364,0.386
2023-05-29T18:00,30.4,30.2,0.364,0.386
2023-05-29T19:00,29.1,29.3,0.364,0.385
2023-05-29T20:00,27.5,27.8,0.365,0.385
2023-05-29T21:00,26.1,27.2,0.365,0.385
2023-05-29T22:00,25.5,26.7,0.365,0.384
2023-05-29T23:00,25.2,26.3,0.365,0.384
2023-05-30T00:00,25.0,26.0,0.366,0.384
2023-05-30T01:00,24.6,25.6,0.366,0.383
2023-05-30T02:00,24.3,25.4,0.366,0.383
2023-05-30T03:00,24.0,25.2,0.366,0.383
2023-05-30T04:00,23.7,24.9,0.369,0.383
2023-05-30T05:00,23.1,24.5,0.399,0.383
2023-05-30T06:00,23.0,24.2,0.439,0.406
2023-05-30T07:00,23.4,24.2,0.439,0.432
2023-05-30T08:00,24.8,24.2,0.414,0.386
2023-05-30T09:00,25.5,25.4,0.41,0.387
2023-05-30T10:00,25.5,26.0,0.408,0.388
2023-05-30T11:00,26.4,26.7,0.41,0.388
2023-05-30T12:00,26.8,27.0,0.415,0.389
2023-05-30T13:00,27.8,27.5,0.411,0.39
2023-05-30T14:00,28.7,28.5,0.406,0.39
2023-05-30T15:00,29.0,29.0,0.401,0.389
2023-05-30T16:00,28.5,28.9,0.397,0.389
2023-05-30T17:00,27.7,28.5,0.394,0.389
2023-05-30T18:00,27.2,27.9,0.392,0.389
2023-05-30T19:00,26.2,27.1,0.391,0.388
2023-05-30T20:00,24.4,26.3,0.378,0.382
2023-05-30T21:00,23.8,25.6,0.378,0.382
2023-05-30T22:00,23.4,25.0,0.377,0.382
2023-05-30T23:00,23.0,24.6,0.377,0.382
2023-05-31T00:00,22.6,24.2,0.376,0.382
2023-05-31T01:00,22.3,23.9,0.376,0.382
2023-05-31T02:00,22.0,23.5,0.376,0.382
2023-05-31T03:00,21.8,23.3,0.375,0.382
2023-05-31T04:00,21.5,23.0,0.375,0.381
2023-05-31T05:00,21.2,22.8,0.375,0.381
2023-05-31T06:00,21.3,22.7,0.375,0.381
2023-05-31T07:00,22.1,23.0,0.374,0.381
2023-05-31T08:00,23.5,24.1,0.373,0.381
2023-05-31T09:00,24.6,25.2,0.371,0.38
2023-05-31T10:00,26.1,26.6,0.369,0.379
2023-05-31T11:00,26.8,27.6,0.366,0.379
2023-05-31T12:00,27.1,27.9,0.364,0.378
2023-05-31T13:00,27.8,28.5,0.362,0.377
2023-05-31T14:00,28.4,29.2,0.36,0.377
2023-05-31T15:00,28.3,29.2,0.358,0.376
2023-05-31T16:00,28.4,29.0,0.357,0.375
2023-05-31T17:00,28.2,28.6,0.355,0.375
2023-05-31T18:00,27.9,28.0,0.355,0.374
2023-05-31T19:00,26.8,27.3,0.355,0.374
2023-05-31T20:00,26.0,26.9,0.358,0.375
2023-05-31T21:00,25.9,26.2,0.358,0.375
2023-05-31T22:00,25.6,25.9,0.358,0.375
2023-05-31T23:00,25.2,25.5,0.358,0.375
2023-06-01T00:00,24.5,25.1,0.358,0.374
2023-06-01T01:00,23.9,24.7,0.358,0.374
2023-06-01T02:00,23.8,24.4,0.359,0.374
2023-06-01T03:00,23.5,24.1,0.359,0.374
2023-06-01T04:00,23.2,24.0,0.359,0.374
2023-06-01T05:00,23.4,23.8,0.36,0.374
2023-06-01T06:00,23.5,23.7,0.36,0.373
2023-06-01T07:00,23.9,23.9,0.36,0.373
2023-06-01T08:00,25.4,25.2,0.362,0.374
2023-06-01T09:00,26.6,26.3,0.36,0.373
2023-06-01T10:00,27.6,27.6,0.358,0.373
2023-06-01T11:00,28.7,28.9,0.355,0.372
2023-06-01T12:00,29.5,29.8,0.351,0.371
2023-06-01T13:00,30.0,30.4,0.347,0.37
2023-06-01T14:00,30.4,30.8,0.343,0.368
2023-06-01T15:00,30.5,30.8,0.34,0.367
2023-06-01T16:00,30.6,30.5,0.338,0.366
2023-06-01T17:00,30.3,30.0,0.336,0.365
2023-06-01T18:00,29.1,29.2,0.335,0.365
2023-06-01T19:00,27.3,28.1,0.335,0.365
2023-06-01T20:00,26.2,27.7,0.341,0.366
2023-06-01T21:00,25.2,26.7,0.341,0.365
2023-06-01T22:00,24.4,25.9,0.342,0.365
2023-06-01T23:00,24.2,25.3,0.342,0.365
2023-06-02T00:00,23.9,24.8,0.342,0.365
2023-06-02T01:00,23.2,24.4,0.343,0.365
2023-06-02T02:00,22.6,24.0,0.343,0.364
2023-06-02T03:00,22.3,23.7,0.343,0.364
2023-06-02T04:00,22.1,23.5,0.343,0.364
2023-06-02T05:00,22.0,23.2,0.344,0.364
2023-06-02T06:00,22.6,23.1,0.344,0.364
2023-06-02T07:00,24.0,23.7,0.344,0.363
2023-06-02T08:00,25.3,24.8,0.343,0.362
2023-06-02T09:00,26.6,25.9,0.342,0.362
2023-06-02T10:00,27.9,26.9,0.341,0.361
2023-06-02T11:00,29.0,27.9,0.339,0.36
2023-06-02T12:00,29.4,28.5,0.337,0.36
2023-06-02T13:00,30.4,29.4,0.335,0.359
2023-06-02T14:00,31.2,30.1,0.332,0.358
2023-06-02T15:00,30.5,29.5,0.33,0.357
2023-06-02T16:00,31.1,29.9,0.328,0.356
2023-06-02T17:00,30.3,29.5,0.326,0.356
2023-06-02T18:00,29.0,28.6,0.326,0.355
2023-06-02T19:00,27.4,27.9,0.326,0.355
2023-06-02T20:00,26.0,27.0,0.33,0.355
2023-06-02T21:00,25.5,26.2,0.33,0.355
2023-06-02T22:00,24.9,25.6,0.33,0.355
2023-06-02T23:00,23.9,25.0,0.33,0.355
2023-06-03T00:00,22.6,24.6,0.329,0.354
2023-06-03T01:00,21.4,24.1,0.329,0.354
2023-06-03T02:00,21.5,23.8,0.329,0.354
2023-06-03T03:00,21.4,23.5,0.329,0.354
2023-06-03T04:00,21.5,23.2,0.329,0.354
2023-06-03T05:00,21.4,23.0,0.329,0.353
2023-06-03T06:00,21.3,22.9,0.329,0.353
2023-06-03T07:00,21.4,22.9,0.329,0.353
2023-06-03T08:00,22.4,23.0,0.328,0.354
2023-06-03T09:00,23.3,23.7,0.327,0.353
2023-06-03T10:00,25.0,25.0,0.325,0.352
2023-06-03T11:00,25.9,26.0,0.324,0.352
2023-06-03T12:00,26.9,27.2,0.321,0.351
2023-06-03T13:00,27.5,28.3,0.319,0.35
2023-06-03T14:00,27.9,28.5,0.317,0.349
2023-06-03T15:00,28.6,29.1,0.315,0.348
2023-06-03T16:00,28.6,29.0,0.314,0.348
2023-06-03T17:00,28.3,28.5,0.313,0.347
2023-06-03T18:00,28.0,28.0,0.313,0.347
2023-06-03T19:00,26.8,27.2,0.313,0.346
2023-06-03T20:00,23.2,25.0,0.321,0.348
2023-06-03T21:00,23.3,24.5,0.321,0.348
2023-06-03T22:00,23.5,24.2,0.321,0.348
2023-06-03T23:00,23.3,24.0,0.321,0.348
2023-06-04T00:00,22.8,23.8,0.321,0.348
2023-06-04T01:00,22.5,23.6,0.322,0.347
2023-06-04T02:00,22.2,23.5,0.322,0.347
2023-06-04T03:00,22.1,23.3,0.322,0.347
2023-06-04T04:00,21.3,22.9,0.322,0.347
2023-06-04T05:00,21.2,22.6,0.326,0.347
2023-06-04T06:00,20.9,22.1,0.327,0.347
2023-06-04T07:00,21.2,22.2,0.329,0.346
2023-06-04T08:00,22.1,23.0,0.32,0.346
2023-06-04T09:00,23.1,23.9,0.32,0.345
2023-06-04T10:00,24.4,25.1,0.318,0.345
2023-06-04T11:00,25.8,26.5,0.316,0.344
2023-06-04T12:00,27.0,28.0,0.313,0.343
2023-06-04T13:00,27.5,28.9,0.31,0.342
2023-06-04T14:00,28.1,29.5,0.308,0.341
2023-06-04T15:00,28.2,29.5,0.307,0.34
2023-06-04T16:00,28.4,29.5,0.305,0.339
2023-06-04T17:00,27.6,29.0,0.304,0.339
2023-06-04T18:00,26.5,28.1,0.304,0.338
2023-06-04T19:00,25.4,27.1,0.304,0.338
2023-06-04T20:00,22.0,25.5,0.305,0.338
2023-06-04T21:00,21.6,24.1,0.31,0.338
2023-06-04T22:00,21.2,23.4,0.31,0.338
2023-06-04T23:00,21.0,23.0,0.311,0.338
2023-06-05T00:00,21.0,22.7,0.311,0.337
2023-06-05T01:00,20.8,22.5,0.311,0.337
2023-06-05T02:00,20.5,22.4,0.312,0.337
2023-06-05T03:00,20.1,22.1,0.314,0.337
2023-06-05T04:00,19.7,21.8,0.314,0.337
2023-06-05T05:00,19.5,21.6,0.314,0.337
2023-06-05T06:00,19.2,21.5,0.315,0.337
2023-06-05T07:00,19.1,21.4,0.315,0.337
2023-06-05T08:00,19.2,21.4,0.312,0.338
2023-06-05T09:00,20.2,22.5,0.311,0.338
2023-06-05T10:00,20.1,23.1,0.311,0.337
2023-06-05T11:00,19.9,23.1,0.313,0.337
2023-06-05T12:00,19.5,22.9,0.326,0.337
2023-06-05T13:00,19.5,22.6,0.353,0.337
2023-06-05T14:00,20.0,22.8,0.363,0.337
2023-06-05T15:00,21.1,23.2,0.363,0.337
2023-06-05T16:00,21.4,23.2,0.362,0.338
2023-06-05T17:00,21.6,23.2,0.36,0.338
2023-06-05T18:00,21.8,23.0,0.359,0.338
2023-06-05T19:00,21.6,22.7,0.358,0.338
2023-06-05T20:00,20.5,22.0,0.322,0.333
2023-06-05T21:00,20.2,21.5,0.324,0.333
2023-06-05T22:00,20.2,21.4,0.327,0.332
2023-06-05T23:00,19.8,21.0,0.327,0.332
2023-06-06T00:00,19.8,20.8,0.332,0.333
2023-06-06T01:00,19.5,20.5,0.34,0.333
2023-06-06T02:00,19.3,20.4,0.348,0.333
2023-06-06T03:00,19.3,20.2,0.348,0.333
2023-06-06T04:00,19.1,20.0,0.347,0.333
2023-06-06T05:00,18.9,19.9,0.347,0.333
2023-06-06T06:00,19.1,19.9,0.347,0.333
2023-06-06T07:00,19.8,20.2,0.346,0.333
2023-06-06T08:00,20.6,21.0,0.324,0.332
2023-06-06T09:00,21.2,21.9,0.324,0.332
2023-06-06T10:00,21.8,22.6,0.323,0.332
2023-06-06T11:00,23.2,24.2,0.322,0.332
2023-06-06T12:00,24.5,25.9,0.319,0.331
2023-06-06T13:00,25.6,27.5,0.316,0.33
2023-06-06T14:00,26.3,28.4,0.313,0.329
2023-06-06T15:00,26.5,28.8,0.31,0.329
2023-06-06T16:00,26.7,28.8,0.308,0.328
2023-06-06T17:00,26.5,28.2,0.307,0.327
2023-06-06T18:00,26.0,27.4,0.306,0.327
2023-06-06T19:00,24.2,26.1,0.306,0.327
2023-06-06T20:00,22.5,25.5,0.306,0.327
2023-06-06T21:00,23.0,24.4,0.306,0.327
2023-06-06T22:00,22.5,23.5,0.306,0.327
2023-06-06T23:00,21.5,23.0,0.306,0.327
2023-06-07T00:00,21.1,22.5,0.306,0.327
2023-06-07T01:00,21.6,22.0,0.307,0.326
2023-06-07T02:00,21.8,21.8,0.307,0.326
2023-06-07T03:00,21.0,21.5,0.307,0.326
2023-06-07T04:00,20.5,21.2,0.307,0.326
2023-06-07T05:00,21.0,21.1,0.307,0.326
2023-06-07T06:00,21.1,21.1,0.308,0.326
2023-06-07T07:00,22.7,21.9,0.308,0.326
2023-06-07T08:00,24.1,23.6,0.307,0.326
2023-06-07T09:00,25.4,24.8,0.306,0.326
2023-06-07T10:00,26.4,26.1,0.304,0.325
2023-06-07T11:00,27.3,27.5,0.302,0.324
2023-06-07T12:00,28.0,28.4,0.299,0.324
2023-06-07T13:00,28.4,29.0,0.297,0.323
2023-06-07T14:00,28.6,29.5,0.294,0.322
2023-06-07T15:00,29.0,29.5,0.292,0.321
2023-06-07T16:00,28.8,29.1,0.291,0.321
2023-06-07T17:00,28.9,29.0,0.29,0.32
2023-06-07T18:00,28.5,28.3,0.289,0.32
2023-06-07T19:00,27.0,27.5,0.289,0.32
2023-06-07T20:00,24.7,26.7,0.291,0.32
2023-06-07T21:00,24.0,25.6,0.294,0.32
2023-06-07T22:00,24.5,25.0,0.294,0.32
2023-06-07T23:00,24.3,24.6,0.294,0.32
2023-06-08T00:00,24.5,24.4,0.314,0.32
2023-06-08T01:00,23.4,24.0,0.336,0.32
2023-06-08T02:00,23.3,23.6,0.335,0.32
2023-06-08T03:00,23.2,23.3,0.335,0.32
2023-06-08T04:00,22.1,22.8,0.335,0.32
2023-06-08T05:00,21.8,22.4,0.334,0.32
2023-06-08T06:00,21.9,22.1,0.334,0.32
2023-06-08T07:00,23.6,22.8,0.334,0.321
2023-06-08T08:00,25.4,24.9,0.296,0.321
2023-06-08T09:00,26.8,26.0,0.295,0.32
2023-06-08T10:00,27.9,27.4,0.293,0.32
2023-06-08T11:00,29.0,28.7,0.29,0.319
2023-06-08T12:00,30.0,29.9,0.287,0.318
2023-06-08T13:00,31.0,30.8,0.284,0.317
2023-06-08T14:00,31.3,31.2,0.281,0.316
2023-06-08T15:00,31.5,31.1,0.279,0.315
2023-06-08T16:00,31.2,30.8,0.278,0.315
2023-06-08T17:00,31.1,30.4,0.277,0.314
2023-06-08T18:00,30.3,29.6,0.276,0.314
2023-06-08T19:00,28.9,28.8,0.277,0.314
2023-06-08T20:00,27.8,27.9,0.277,0.314
2023-06-08T21:00,26.7,27.4,0.275,0.313
2023-06-08T22:00,25.7,26.6,0.275,0.313
2023-06-08T23:00,25.9,26.2,0.276,0.313
2023-06-09T00:00,26.0,25.9,0.276,0.313
2023-06-09T01:00,25.2,25.5,0.276,0.313
2023-06-09T02:00,23.8,25.0,0.277,0.313
2023-06-09T03:00,23.5,24.5,0.277,0.312
2023-06-09T04:00,23.1,24.1,0.277,0.312
2023-06-09T05:00,23.1,23.8,0.278,0.312
2023-06-09T06:00,23.6,23.6,0.278,0.312
2023-06-09T07:00,25.5,24.4,0.278,0.312
2023-06-09T08:00,26.8,25.6,0.278,0.312
2023-06-09T09:00,28.5,27.5,0.276,0.311
2023-06-09T10:00,29.8,29.0,0.274,0.31
2023-06-09T11:00,30.9,30.2,0.272,0.309
2023-06-09T12:00,31.8,31.4,0.269,0.308
2023-06-09T13:00,32.5,32.3,0.266,0.307
2023-06-09T14:00,33.0,32.8,0.263,0.306
2023-06-09T15:00,33.2,33.1,0.26,0.305
2023-06-09T16:00,33.3,33.0,0.258,0.305
2023-06-09T17:00,33.0,32.4,0.257,0.304
2023-06-09T18:00,31.6,31.5,0.257,0.304
2023-06-09T19:00,30.1,30.4,0.257,0.303
2023-06-09T20:00,29.2,29.5,0.257,0.303
2023-06-09T21:00,28.6,29.6,0.246,0.298
2023-06-09T22:00,28.1,28.8,0.247,0.298
2023-06-09T23:00,27.4,28.0,0.247,0.298
2023-06-10T00:00,26.8,27.4,0.247,0.298
2023-06-10T01:00,26.1,26.8,0.248,0.298
2023-06-10T02:00,25.7,26.3,0.248,0.298
2023-06-10T03:00,25.5,26.0,0.248,0.298
2023-06-10T04:00,25.2,25.6,0.249,0.298
2023-06-10T05:00,24.9,25.4,0.249,0.298
2023-06-10T06:00,25.3,25.2,0.249,0.298
2023-06-10T07:00,26.6,25.8,0.249,0.298
2023-06-10T08:00,28.0,28.4,0.247,0.296
2023-06-10T09:00,29.2,29.1,0.246,0.296
2023-06-10T10:00,30.5,30.2,0.244,0.295
2023-06-10T11:00,31.7,31.5,0.242,0.294
2023-06-10T12:00,32.8,32.5,0.239,0.293
2023-06-10T13:00,33.7,33.5,0.237,0.292
2023-06-10T14:00,34.2,34.0,0.234,0.291
2023-06-10T15:00,34.4,34.1,0.232,0.29
2023-06-10T16:00,34.4,33.8,0.23,0.289
2023-06-10T17:00,34.2,33.2,0.229,0.289
2023-06-10T18:00,33.2,32.5,0.229,0.288
2023-06-10T19:00,31.0,31.5,0.229,0.288
2023-06-10T20:00,31.1,31.6,0.222,0.282
2023-06-10T21:00,29.2,30.3,0.222,0.282
2023-06-10T22:00,27.9,29.2,0.223,0.282
2023-06-10T23:00,27.8,28.5,0.223,0.282
2023-06-11T00:00,27.3,28.0,0.223,0.282
2023-06-11T01:00,28.8,27.5,0.224,0.282
2023-06-11T02:00,28.0,27.1,0.224,0.282
2023-06-11T03:00,26.1,26.9,0.224,0.282
2023-06-11T04:00,27.1,26.5,0.225,0.282
2023-06-11T05:00,25.4,26.3,0.225,0.282
2023-06-11T06:00,25.9,26.2,0.225,0.282
2023-06-11T07:00,26.5,26.9,0.226,0.282
2023-06-11T08:00,28.2,29.2,0.224,0.282
2023-06-11T09:00,29.5,30.1,0.224,0.282
2023-06-11T10:00,30.4,31.0,0.223,0.281
2023-06-11T11:00,31.3,31.9,0.222,0.281
2023-06-11T12:00,32.1,32.7,0.221,0.28
2023-06-11T13:00,32.8,33.1,0.22,0.279
2023-06-11T14:00,33.5,33.5,0.218,0.279
2023-06-11T15:00,32.8,33.4,0.217,0.278
2023-06-11T16:00,31.6,32.2,0.216,0.278
2023-06-11T17:00,30.1,31.0,0.218,0.278
2023-06-11T18:00,29.5,30.3,0.218,0.278
2023-06-11T19:00,28.1,29.5,0.219,0.277
2023-06-11T20:00,27.4,29.6,0.211,0.277
2023-06-11T21:00,27.9,28.8,0.211,0.277
2023-06-11T22:00,27.5,28.1,0.212,0.277
2023-06-11T23:00,26.4,27.5,0.212,0.277
2023-06-12T00:00,27.9,27.1,0.212,0.277
2023-06-12T01:00,26.5,26.9,0.213,0.277
2023-06-12T02:00,26.1,26.6,0.213,0.277
2023-06-12T03:00,26.4,26.5,0.213,0.277
2023-06-12T04:00,26.3,26.3,0.214,0.277
2023-06-12T05:00,25.8,26.1,0.214,0.277
2023-06-12T06:00,25.5,25.9,0.214,0.277
2023-06-12T07:00,26.0,26.1,0.214,0.276
2023-06-12T08:00,27.8,27.1,0.211,0.275
2023-06-12T09:00,28.6,28.3,0.21,0.275
2023-06-12T10:00,29.4,29.4,0.209,0.274
2023-06-12T11:00,30.3,30.5,0.208,0.273
2023-06-12T12:00,28.9,31.5,0.212,0.273
2023-06-12T13:00,30.2,32.2,0.211,0.272
2023-06-12T14:00,30.5,32.5,0.209,0.272
2023-06-12T15:00,30.9,32.5,0.208,0.271
2023-06-12T16:00,30.3,32.0,0.207,0.271
2023-06-12T17:00,28.9,31.1,0.207,0.27
2023-06-12T18:00,28.5,30.5,0.207,0.27
2023-06-12T19:00,27.5,29.5,0.207,0.27
2023-06-12T20:00,27.1,30.4,0.188,0.261
2023-06-12T21:00,27.1,29.1,0.188,0.261
2023-06-12T22:00,27.5,28.2,0.189,0.261
2023-06-12T23:00,25.0,27.4,0.189,0.261
2023-06-13T00:00,24.5,26.5,0.191,0.261
2023-06-13T01:00,24.7,26.0,0.192,0.261
2023-06-13T02:00,24.0,25.5,0.193,0.261
2023-06-13T03:00,23.7,25.2,0.195,0.261
2023-06-13T04:00,23.6,24.9,0.196,0.261
2023-06-13T05:00,23.5,24.6,0.199,0.261
2023-06-13T06:00,23.5,24.2,0.225,0.261
2023-06-13T07:00,22.9,24.0,0.225,0.261
2023-06-13T08:00,23.1,25.9,0.194,0.258
2023-06-13T09:00,23.1,25.1,0.229,0.258
2023-06-13T10:00,23.6,25.1,0.237,0.258
2023-06-13T11:00,24.7,26.1,0.237,0.258
2023-06-13T12:00,26.1,27.8,0.236,0.258
2023-06-13T13:00,27.3,29.3,0.235,0.258
2023-06-13T14:00,28.1,30.8,0.233,0.257
2023-06-13T15:00,28.5,31.8,0.231,0.257
2023-06-13T16:00,28.6,32.0,0.229,0.256
2023-06-13T17:00,28.5,31.6,0.228,0.256
2023-06-13T18:00,28.2,30.7,0.228,0.256
2023-06-13T19:00,25.4,29.0,0.234,0.256
2023-06-13T20:00,24.4,29.0,0.237,0.255
2023-06-13T21:00,23.6,27.4,0.237,0.255
2023-06-13T22:00,23.1,26.2,0.238,0.255
2023-06-13T23:00,22.9,25.5,0.238,0.255
2023-06-14T00:00,22.5,25.0,0.238,0.255
2023-06-14T01:00,22.4,24.6,0.238,0.255
2023-06-14T02:00,22.0,24.2,0.238,0.255
2023-06-14T03:00,21.9,24.0,0.238,0.255
2023-06-14T04:00,21.4,23.6,0.238,0.256
2023-06-14T05:00,21.2,23.4,0.238,0.256
2023-06-14T06:00,21.9,23.3,0.238,0.256
2023-06-14T07:00,23.2,23.9,0.238,0.256
2023-06-14T08:00,24.4,25.7,0.237,0.255
2023-06-14T09:00,26.0,27.0,0.236,0.255
2023-06-14T10:00,27.5,28.7,0.235,0.255
2023-06-14T11:00,28.9,30.4,0.232,0.254
2023-06-14T12:00,30.1,31.8,0.23,0.254
2023-06-14T13:00,31.0,33.0,0.227,0.253
2023-06-14T14:00,31.5,33.6,0.224,0.252
2023-06-14T15:00,31.7,33.6,0.222,0.251
2023-06-14T16:00,31.6,33.2,0.22,0.251
2023-06-14T17:00,31.4,32.6,0.218,0.251
2023-06-14T18:00,30.6,31.5,0.218,0.25
2023-06-14T19:00,28.5,30.3,0.217,0.25
2023-06-14T20:00,28.0,29.4,0.216,0.249
2023-06-14T21:00,29.4,28.2,0.216,0.249
2023-06-14T22:00,27.9,27.3,0.216,0.249
2023-06-14T23:00,25.4,26.5,0.216,0.249
2023-06-15T00:00,25.5,26.0,0.216,0.249
2023-06-15T01:00,25.5,25.5,0.217,0.249
2023-06-15T02:00,25.2,25.1,0.217,0.249
2023-06-15T03:00,26.4,24.9,0.217,0.25
2023-06-15T04:00,26.2,24.5,0.217,0.25
2023-06-15T05:00,24.9,24.4,0.217,0.25
2023-06-15T06:00,24.9,24.3,0.217,0.25
2023-06-15T07:00,26.4,25.0,0.217,0.25
2023-06-15T08:00,27.5,26.3,0.217,0.25
2023-06-15T09:00,28.6,27.5,0.216,0.249
2023-06-15T10:00,30.0,29.0,0.214,0.249
2023-06-15T11:00,30.9,30.3,0.212,0.249
2023-06-15T12:00,30.9,30.5,0.211,0.248
2023-06-15T13:00,31.2,30.9,0.209,0.248
2023-06-15T14:00,31.2,30.9,0.208,0.247
2023-06-15T15:00,31.3,30.9,0.207,0.247
2023-06-15T16:00,31.1,30.8,0.205,0.247
2023-06-15T17:00,30.1,30.1,0.205,0.246
2023-06-15T18:00,29.0,29.2,0.205,0.246
2023-06-15T19:00,28.2,28.5,0.205,0.246
2023-06-15T20:00,28.1,28.8,0.202,0.245
2023-06-15T21:00,28.0,28.1,0.202,0.245
2023-06-15T22:00,27.9,27.6,0.202,0.245
2023-06-15T23:00,27.6,27.2,0.202,0.245
2023-06-16T00:00,27.0,27.0,0.202,0.245
2023-06-16T01:00,26.9,26.6,0.202,0.245
2023-06-16T02:00,26.9,26.5,0.202,0.245
2023-06-16T03:00,26.5,26.2,0.202,0.245
2023-06-16T04:00,26.3,26.1,0.202,0.245
2023-06-16T05:00,26.0,25.9,0.202,0.245
2023-06-16T06:00,26.0,25.8,0.202,0.245
2023-06-16T07:00,25.3,25.6,0.203,0.245
2023-06-16T08:00,25.4,25.7,0.205,0.246
2023-06-16T09:00,26.1,26.0,0.208,0.246
2023-06-16T10:00,24.5,25.5,0.214,0.246
2023-06-16T11:00,25.1,25.5,0.216,0.246
2023-06-16T12:00,26.6,26.5,0.215,0.246
2023-06-16T13:00,27.9,28.0,0.214,0.245
2023-06-16T14:00,28.3,29.0,0.212,0.245
2023-06-16T15:00,28.2,29.6,0.211,0.245
2023-06-16T16:00,28.5,30.0,0.209,0.244
2023-06-16T17:00,28.1,29.8,0.208,0.244
2023-06-16T18:00,27.5,29.2,0.208,0.244
2023-06-16T19:00,26.8,28.4,0.208,0.244
2023-06-16T20:00,26.2,27.4,0.203,0.245
2023-06-16T21:00,25.6,26.6,0.205,0.245
2023-06-16T22:00,24.9,25.6,0.21,0.245
2023-06-16T23:00,24.1,24.8,0.229,0.245
2023-06-17T00:00,23.9,24.2,0.24,0.245
2023-06-17T01:00,23.8,24.0,0.241,0.245
2023-06-17T02:00,23.6,23.8,0.241,0.245
2023-06-17T03:00,23.1,23.5,0.241,0.245
2023-06-17T04:00,22.7,23.4,0.241,0.245
2023-06-17T05:00,22.7,23.2,0.241,0.245
2023-06-17T06:00,22.9,23.2,0.241,0.245
2023-06-17T07:00,23.4,23.5,0.247,0.246
2023-06-17T08:00,23.2,23.6,0.254,0.245
2023-06-17T09:00,23.9,24.1,0.334,0.245
2023-06-17T10:00,24.5,24.5,0.342,0.246
2023-06-17T11:00,24.4,24.8,0.378,0.247
2023-06-17T12:00,25.0,25.1,0.378,0.249
2023-06-17T13:00,27.0,26.5,0.373,0.25
2023-06-17T14:00,28.2,27.6,0.366,0.251
2023-06-17T15:00,28.8,28.3,0.361,0.252
2023-06-17T16:00,28.6,28.1,0.358,0.253
2023-06-17T17:00,28.5,28.2,0.357,0.254
2023-06-17T18:00,26.8,27.4,0.383,0.255
2023-06-17T19:00,25.8,26.6,0.435,0.267
2023-06-17T20:00,25.2,25.5,0.412,0.273
2023-06-17T21:00,25.4,25.2,0.403,0.277
2023-06-17T22:00,25.2,25.0,0.406,0.279
2023-06-17T23:00,24.9,24.9,0.42,0.302
2023-06-18T00:00,25.0,24.8,0.414,0.307
2023-06-18T01:00,24.9,24.7,0.411,0.31
2023-06-18T02:00,24.7,24.6,0.406,0.313
2023-06-18T03:00,24.6,24.5,0.408,0.316
2023-06-18T04:00,24.5,24.5,0.408,0.318
2023-06-18T05:00,24.6,24.4,0.404,0.321
2023-06-18T06:00,25.0,24.5,0.4,0.323
2023-06-18T07:00,25.8,25.0,0.396,0.324
2023-06-18T08:00,26.7,25.2,0.401,0.341
2023-06-18T09:00,28.0,26.6,0.398,0.342
2023-06-18T10:00,28.5,27.5,0.395,0.343
2023-06-18T11:00,29.6,28.6,0.39,0.343
2023-06-18T12:00,30.6,29.6,0.387,0.344
2023-06-18T13:00,30.9,30.3,0.385,0.344
2023-06-18T14:00,29.9,30.4,0.425,0.347
2023-06-18T15:00,28.0,29.4,0.422,0.353
2023-06-18T16:00,28.4,29.0,0.413,0.356
2023-06-18T17:00,27.1,28.5,0.438,0.375
2023-06-18T18:00,26.8,27.6,0.424,0.383
2023-06-18T19:00,26.0,27.0,0.428,0.401
2023-06-18T20:00,25.8,26.5,0.434,0.401
2023-06-18T21:00,25.6,26.1,0.439,0.428
2023-06-18T22:00,25.6,25.9,0.439,0.439
2023-06-18T23:00,25.3,25.7,0.439,0.436
2023-06-19T00:00,25.0,25.5,0.435,0.435
2023-06-19T01:00,24.8,25.3,0.439,0.435
2023-06-19T02:00,24.6,25.1,0.439,0.437
2023-06-19T03:00,24.6,25.0,0.435,0.437
2023-06-19T04:00,24.5,25.0,0.433,0.438
2023-06-19T05:00,24.4,24.9,0.439,0.438
2023-06-19T06:00,24.1,24.8,0.432,0.435
2023-06-19T07:00,24.4,24.8,0.427,0.432
2023-06-19T08:00,24.0,24.5,0.428,0.43
2023-06-19T09:00,24.5,24.9,0.425,0.428
2023-06-19T10:00,25.3,25.8,0.422,0.427
2023-06-19T11:00,25.9,26.4,0.419,0.425
2023-06-19T12:00,26.5,26.8,0.416,0.424
2023-06-19T13:00,26.6,27.1,0.414,0.422
2023-06-19T14:00,28.2,28.5,0.41,0.42
2023-06-19T15:00,28.4,28.8,0.407,0.419
2023-06-19T16:00,29.1,29.1,0.404,0.417
2023-06-19T17:00,29.0,28.9,0.402,0.416
2023-06-19T18:00,28.8,28.5,0.4,0.415
2023-06-19T19:00,27.6,27.9,0.399,0.414
2023-06-19T20:00,26.0,27.2,0.401,0.413
2023-06-19T21:00,26.1,26.6,0.401,0.412
2023-06-19T22:00,25.9,26.2,0.401,0.411
2023-06-19T23:00,25.3,25.8,0.4,0.411
2023-06-20T00:00,25.0,25.5,0.399,0.41
2023-06-20T01:00,24.6,25.1,0.399,0.409
2023-06-20T02:00,24.5,25.0,0.398,0.409
2023-06-20T03:00,24.2,24.9,0.398,0.408
2023-06-20T04:00,23.9,24.6,0.399,0.408
2023-06-20T05:00,23.5,24.5,0.399,0.407
2023-06-20T06:00,24.1,24.4,0.398,0.407
2023-06-20T07:00,25.0,24.8,0.397,0.406
2023-06-20T08:00,26.0,26.5,0.392,0.403
2023-06-20T09:00,27.4,27.6,0.39,0.403
2023-06-20T10:00,28.7,28.9,0.389,0.402
2023-06-20T11:00,29.6,30.0,0.388,0.4
2023-06-20T12:00,30.4,31.0,0.384,0.399
2023-06-20T13:00,31.0,31.9,0.381,0.398
2023-06-20T14:00,31.4,32.3,0.378,0.396
2023-06-20T15:00,31.6,32.5,0.375,0.395
2023-06-20T16:00,31.5,32.3,0.373,0.394
2023-06-20T17:00,31.4,31.9,0.371,0.393
2023-06-20T18:00,31.0,31.1,0.371,0.392
2023-06-20T19:00,29.1,30.1,0.371,0.392
2023-06-20T20:00,27.8,29.7,0.368,0.389
2023-06-20T21:00,28.2,28.8,0.368,0.389
2023-06-20T22:00,27.1,28.0,0.368,0.388
2023-06-20T23:00,26.5,27.5,0.369,0.388
2023-06-21T00:00,25.8,27.1,0.369,0.388
2023-06-21T01:00,25.2,26.7,0.369,0.387
2023-06-21T02:00,24.9,26.4,0.369,0.387
2023-06-21T03:00,24.5,26.0,0.369,0.387
2023-06-21T04:00,24.1,25.8,0.37,0.386
2023-06-21T05:00,24.3,25.5,0.37,0.386
2023-06-21T06:00,25.4,25.4,0.37,0.386
2023-06-21T07:00,26.3,26.1,0.37,0.385
2023-06-21T08:00,27.5,28.0,0.367,0.383
2023-06-21T09:00,28.7,29.0,0.366,0.383
2023-06-21T10:00,29.8,30.3,0.363,0.382
2023-06-21T11:00,30.9,31.3,0.361,0.381
2023-06-21T12:00,31.2,31.6,0.358,0.38
2023-06-21T13:00,31.9,32.3,0.355,0.378
2023-06-21T14:00,32.3,32.8,0.351,0.377
2023-06-21T15:00,32.3,32.7,0.349,0.376
2023-06-21T16:00,31.0,31.5,0.352,0.375
2023-06-21T17:00,30.8,30.8,0.352,0.375
2023-06-21T18:00,27.9,29.8,0.351,0.375
2023-06-21T19:00,26.5,28.9,0.351,0.374
2023-06-21T20:00,28.5,28.9,0.35,0.375
2023-06-21T21:00,25.2,27.8,0.381,0.375
2023-06-21T22:00,24.6,26.6,0.424,0.376
2023-06-21T23:00,24.9,26.1,0.429,0.38
2023-06-22T00:00,25.2,26.0,0.428,0.384
2023-06-22T01:00,25.2,25.9,0.42,0.387
2023-06-22T02:00,25.2,25.8,0.415,0.388
2023-06-22T03:00,25.2,25.6,0.411,0.389
2023-06-22T04:00,25.0,25.4,0.411,0.39
2023-06-22T05:00,24.9,25.2,0.418,0.391
2023-06-22T06:00,25.0,25.1,0.415,0.392
2023-06-22T07:00,25.5,25.4,0.412,0.393
2023-06-22T08:00,25.3,25.2,0.414,0.378
2023-06-22T09:00,25.4,25.6,0.43,0.381
2023-06-22T10:00,26.5,26.1,0.422,0.385
2023-06-22T11:00,27.5,26.2,0.416,0.386
2023-06-22T12:00,27.2,26.5,0.411,0.387
2023-06-22T13:00,27.9,27.4,0.406,0.387
2023-06-22T14:00,27.5,27.2,0.403,0.388
2023-06-22T15:00,27.8,27.2,0.4,0.388
2023-06-22T16:00,28.0,27.2,0.397,0.388
2023-06-22T17:00,27.1,26.9,0.395,0.387
2023-06-22T18:00,26.5,26.5,0.394,0.387
2023-06-22T19:00,26.4,26.0,0.392,0.387
2023-06-22T20:00,24.8,25.2,0.384,0.38
2023-06-22T21:00,24.9,25.0,0.383,0.38
2023-06-22T22:00,24.4,24.7,0.382,0.38
2023-06-22T23:00,23.0,24.2,0.382,0.379
2023-06-23T00:00,23.5,24.1,0.381,0.379
2023-06-23T01:00,23.0,23.9,0.381,0.379
2023-06-23T02:00,23.4,23.8,0.383,0.379
2023-06-23T03:00,22.6,23.6,0.382,0.379
2023-06-23T04:00,22.5,23.4,0.382,0.379
2023-06-23T05:00,22.6,23.2,0.381,0.379
2023-06-23T06:00,22.1,23.0,0.38,0.379
2023-06-23T07:00,21.6,22.9,0.38,0.379
2023-06-23T08:00,23.5,23.6,0.379,0.38
2023-06-23T09:00,24.0,24.6,0.378,0.38
2023-06-23T10:00,25.2,25.9,0.376,0.38
2023-06-23T11:00,26.2,27.0,0.374,0.379
2023-06-23T12:00,26.6,27.5,0.371,0.378
2023-06-23T13:00,26.6,28.0,0.368,0.377
2023-06-23T14:00,26.1,27.8,0.365,0.377
2023-06-23T15:00,25.2,27.4,0.364,0.376
2023-06-23T16:00,25.2,27.1,0.362,0.375
2023-06-23T17:00,24.9,26.7,0.361,0.375
2023-06-23T18:00,24.5,26.2,0.36,0.374
2023-06-23T19:00,23.9,25.6,0.359,0.374
2023-06-23T20:00,24.1,25.8,0.358,0.373
2023-06-23T21:00,24.2,25.3,0.358,0.373
2023-06-23T22:00,23.9,25.0,0.358,0.372
2023-06-23T23:00,23.5,24.6,0.358,0.372
2023-06-24T00:00,23.2,24.3,0.358,0.372
2023-06-24T01:00,23.0,24.1,0.358,0.372
2023-06-24T02:00,23.1,24.0,0.358,0.372
2023-06-24T03:00,23.0,23.9,0.358,0.372
2023-06-24T04:00,23.0,23.8,0.358,0.371
2023-06-24T05:00,22.9,23.8,0.359,0.371
2023-06-24T06:00,23.0,23.7,0.36,0.371
2023-06-24T07:00,23.5,24.0,0.362,0.371
2023-06-24T08:00,24.5,24.9,0.358,0.37
2023-06-24T09:00,25.6,25.9,0.357,0.37
2023-06-24T10:00,26.5,26.9,0.355,0.369
2023-06-24T11:00,27.5,28.1,0.353,0.368
2023-06-24T12:00,27.8,28.8,0.35,0.367
2023-06-24T13:00,28.2,29.5,0.35,0.367
2023-06-24T14:00,28.5,29.6,0.348,0.366
2023-06-24T15:00,28.5,29.6,0.346,0.365
2023-06-24T16:00,28.0,29.1,0.345,0.365
2023-06-24T17:00,27.2,28.4,0.344,0.364
2023-06-24T18:00,26.5,27.6,0.344,0.364
2023-06-24T19:00,25.8,26.9,0.346,0.364
2023-06-24T20:00,24.5,26.0,0.35,0.364
2023-06-24T21:00,24.2,25.3,0.352,0.364
2023-06-24T22:00,24.0,24.9,0.352,0.364
2023-06-24T23:00,24.0,24.5,0.354,0.364
2023-06-25T00:00,23.8,24.2,0.357,0.364
2023-06-25T01:00,23.6,24.0,0.364,0.364
2023-06-25T02:00,23.6,24.0,0.369,0.364
2023-06-25T03:00,23.2,23.8,0.384,0.364
2023-06-25T04:00,23.4,23.6,0.389,0.364
2023-06-25T05:00,23.2,23.5,0.388,0.365
2023-06-25T06:00,23.2,23.5,0.388,0.365
2023-06-25T07:00,23.6,23.6,0.387,0.366
2023-06-25T08:00,24.0,23.9,0.391,0.368
2023-06-25T09:00,24.9,24.9,0.389,0.368
2023-06-25T10:00,25.0,25.5,0.388,0.368
2023-06-25T11:00,25.5,26.0,0.387,0.368
2023-06-25T12:00,26.4,27.0,0.384,0.368
2023-06-25T13:00,27.4,28.2,0.381,0.368
2023-06-25T14:00,28.0,29.1,0.377,0.367
2023-06-25T15:00,28.0,29.4,0.374,0.367
2023-06-25T16:00,27.7,29.0,0.372,0.366
2023-06-25T17:00,27.9,28.9,0.37,0.366
2023-06-25T18:00,27.8,28.3,0.369,0.366
2023-06-25T19:00,26.8,27.5,0.369,0.365
2023-06-25T20:00,24.4,26.5,0.369,0.364
2023-06-25T21:00,24.2,25.6,0.368,0.364
2023-06-25T22:00,23.7,25.0,0.368,0.364
2023-06-25T23:00,23.4,24.5,0.368,0.364
2023-06-26T00:00,23.4,24.2,0.367,0.364
2023-06-26T01:00,23.1,24.0,0.367,0.364
2023-06-26T02:00,23.4,23.8,0.367,0.364
2023-06-26T03:00,23.2,23.5,0.366,0.364
2023-06-26T04:00,23.0,23.4,0.366,0.364
2023-06-26T05:00,22.9,23.1,0.366,0.364
2023-06-26T06:00,23.0,23.0,0.366,0.364
2023-06-26T07:00,23.9,23.6,0.365,0.364
2023-06-26T08:00,25.2,25.8,0.365,0.364
2023-06-26T09:00,26.7,26.8,0.363,0.364
2023-06-26T10:00,28.0,28.0,0.362,0.364
2023-06-26T11:00,29.0,29.2,0.359,0.363
2023-06-26T12:00,29.9,30.4,0.355,0.362
2023-06-26T13:00,30.5,31.2,0.351,0.361
2023-06-26T14:00,30.9,31.8,0.347,0.36
2023-06-26T15:00,31.0,31.9,0.344,0.359
2023-06-26T16:00,31.0,31.8,0.341,0.358
2023-06-26T17:00,31.1,31.3,0.339,0.357
2023-06-26T18:00,30.5,30.5,0.338,0.357
2023-06-26T19:00,28.5,29.4,0.337,0.356
2023-06-26T20:00,27.5,29.1,0.335,0.355
2023-06-26T21:00,26.5,28.0,0.335,0.355
2023-06-26T22:00,25.8,27.0,0.335,0.355
2023-06-26T23:00,25.4,26.2,0.335,0.355
2023-06-27T00:00,25.8,25.9,0.336,0.355
2023-06-27T01:00,25.5,25.6,0.336,0.355
2023-06-27T02:00,25.4,25.5,0.336,0.354
2023-06-27T03:00,24.6,25.2,0.336,0.354
2023-06-27T04:00,24.6,25.0,0.336,0.354
2023-06-27T05:00,24.7,24.9,0.337,0.354
2023-06-27T06:00,25.1,24.9,0.337,0.354
2023-06-27T07:00,26.3,25.4,0.337,0.354
2023-06-27T08:00,27.9,27.6,0.337,0.353
2023-06-27T09:00,29.1,28.5,0.335,0.353
2023-06-27T10:00,30.1,29.4,0.332,0.352
2023-06-27T11:00,31.0,30.4,0.329,0.351
2023-06-27T12:00,31.8,31.2,0.325,0.35
2023-06-27T13:00,32.3,31.8,0.322,0.349
2023-06-27T14:00,32.4,32.1,0.319,0.347
2023-06-27T15:00,32.7,32.2,0.316,0.346
2023-06-27T16:00,32.6,32.1,0.313,0.345
2023-06-27T17:00,32.1,31.7,0.311,0.344
2023-06-27T18:00,31.5,31.0,0.31,0.344
2023-06-27T19:00,30.3,30.2,0.31,0.344
2023-06-27T20:00,29.2,30.1,0.338,0.37
2023-06-27T21:00,29.3,29.3,0.339,0.37
2023-06-27T22:00,28.6,28.7,0.339,0.37
2023-06-27T23:00,28.0,28.2,0.34,0.369
2023-06-28T00:00,27.8,27.9,0.34,0.369
2023-06-28T01:00,27.5,27.5,0.34,0.369
2023-06-28T02:00,27.4,27.3,0.341,0.369
2023-06-28T03:00,27.5,27.0,0.341,0.368
2023-06-28T04:00,27.4,26.9,0.342,0.368
2023-06-28T05:00,27.3,26.8,0.342,0.368
2023-06-28T06:00,27.3,26.7,0.342,0.368
2023-06-28T07:00,28.1,27.0,0.342,0.367
2023-06-28T08:00,29.6,29.5,0.338,0.366
2023-06-28T09:00,30.9,29.9,0.337,0.365
2023-06-28T10:00,31.5,30.4,0.335,0.364
2023-06-28T11:00,32.2,31.0,0.332,0.363
2023-06-28T12:00,32.7,31.6,0.328,0.362
2023-06-28T13:00,33.0,32.0,0.325,0.36
2023-06-28T14:00,32.8,31.9,0.322,0.359
2023-06-28T15:00,33.2,32.2,0.319,0.358
2023-06-28T16:00,32.5,31.9,0.317,0.357
2023-06-28T17:00,32.2,31.5,0.316,0.356
2023-06-28T18:00,31.6,31.0,0.316,0.355
2023-06-28T19:00,30.5,30.4,0.316,0.355
2023-06-28T20:00,29.5,30.5,0.313,0.353
2023-06-28T21:00,29.1,29.6,0.314,0.353
2023-06-28T22:00,29.1,29.0,0.314,0.353
2023-06-28T23:00,29.2,28.7,0.314,0.352
2023-06-29T00:00,29.0,28.4,0.315,0.352
2023-06-29T01:00,28.6,28.1,0.315,0.352
2023-06-29T02:00,28.5,28.0,0.316,0.351
2023-06-29T03:00,28.4,27.8,0.316,0.351
2023-06-29T04:00,28.1,27.6,0.316,0.351
2023-06-29T05:00,28.1,27.5,0.317,0.351
2023-06-29T06:00,28.1,27.4,0.317,0.35
2023-06-29T07:00,28.6,27.5,0.317,0.35
2023-06-29T08:00,29.9,29.5,0.313,0.349
2023-06-29T09:00,30.9,30.0,0.312,0.348
2023-06-29T10:00,31.6,30.6,0.31,0.347
2023-06-29T11:00,32.3,31.4,0.307,0.346
2023-06-29T12:00,33.0,32.1,0.304,0.345
2023-06-29T13:00,32.7,32.2,0.302,0.344
2023-06-29T14:00,31.6,31.8,0.301,0.343
2023-06-29T15:00,29.6,31.4,0.301,0.342
2023-06-29T16:00,29.4,31.0,0.302,0.342
2023-06-29T17:00,29.2,30.6,0.302,0.341
2023-06-29T18:00,28.9,30.0,0.303,0.341
2023-06-29T19:00,28.4,29.4,0.304,0.341
2023-06-29T20:00,27.4,28.2,0.325,0.342
2023-06-29T21:00,27.2,27.9,0.327,0.342
2023-06-29T22:00,27.0,27.5,0.328,0.342
2023-06-29T23:00,27.0,27.3,0.329,0.342
2023-06-30T00:00,27.0,27.1,0.33,0.342
2023-06-30T01:00,26.6,27.0,0.337,0.342
2023-06-30T02:00,26.0,26.8,0.361,0.342
2023-06-30T03:00,25.8,26.5,0.398,0.343
2023-06-30T04:00,25.8,26.4,0.408,0.344
2023-06-30T05:00,25.6,26.2,0.423,0.354
2023-06-30T06:00,25.4,26.0,0.439,0.371
2023-06-30T07:00,25.5,26.0,0.428,0.384
2023-06-30T08:00,25.0,25.7,0.442,0.436
2023-06-30T09:00,25.0,25.9,0.439,0.439
2023-06-30T10:00,25.8,26.6,0.431,0.435
2023-06-30T11:00,26.6,27.2,0.435,0.433
2023-06-30T12:00,26.9,27.8,0.435,0.436
2023-06-30T13:00,27.7,28.2,0.429,0.435
2023-06-30T14:00,29.1,29.3,0.423,0.432
2023-06-30T15:00,30.0,30.0,0.419,0.43
2023-06-30T16:00,30.5,30.5,0.415,0.427
2023-06-30T17:00,30.8,30.5,0.411,0.425
2023-06-30T18:00,30.5,30.1,0.409,0.424
2023-06-30T19:00,29.2,29.4,0.408,0.422
2023-06-30T20:00,28.2,28.5,0.406,0.421
2023-06-30T21:00,27.2,27.9,0.405,0.42
2023-06-30T22:00,28.4,27.4,0.404,0.419
2023-06-30T23:00,26.8,27.0,0.404,0.418
2023-07-01T00:00,26.6,26.7,0.403,0.417
2023-07-01T01:00,27.0,26.6,0.402,0.416
2023-07-01T02:00,26.6,26.4,0.402,0.415
2023-07-01T03:00,26.4,26.1,0.401,0.415
2023-07-01T04:00,25.7,26.0,0.401,0.414
2023-07-01T05:00,25.8,25.9,0.4,0.413
2023-07-01T06:00,26.4,25.9,0.4,0.413
2023-07-01T07:00,27.3,26.4,0.399,0.412
2023-07-01T08:00,28.0,27.3,0.4,0.412
2023-07-01T09:00,29.1,28.2,0.398,0.411
2023-07-01T10:00,30.0,29.0,0.397,0.41
2023-07-01T11:00,30.7,30.1,0.394,0.409
2023-07-01T12:00,30.8,30.8,0.392,0.408
2023-07-01T13:00,30.9,31.2,0.392,0.407
2023-07-01T14:00,31.9,32.0,0.391,0.405
2023-07-01T15:00,32.2,32.4,0.393,0.405
2023-07-01T16:00,32.0,32.0,0.393,0.404
2023-07-01T17:00,28.5,31.1,0.431,0.42
2023-07-01T18:00,28.5,29.8,0.426,0.421
2023-07-01T19:00,28.2,28.9,0.423,0.421
2023-07-01T20:00,28.2,28.9,0.419,0.412
2023-07-01T21:00,27.9,28.1,0.429,0.413
2023-07-01T22:00,27.4,27.5,0.425,0.415
2023-07-01T23:00,27.1,27.2,0.421,0.415
2023-07-02T00:00,27.0,27.0,0.418,0.415
2023-07-02T01:00,26.8,26.9,0.416,0.415
2023-07-02T02:00,26.6,26.7,0.414,0.415
2023-07-02T03:00,26.9,26.6,0.413,0.415
2023-07-02T04:00,27.4,26.6,0.411,0.414
2023-07-02T05:00,27.3,26.7,0.41,0.414
2023-07-02T06:00,27.5,26.8,0.408,0.413
2023-07-02T07:00,28.2,27.1,0.412,0.413
2023-07-02T08:00,29.9,28.7,0.404,0.409
2023-07-02T09:00,31.5,29.6,0.402,0.408
2023-07-02T10:00,32.8,30.5,0.399,0.407
2023-07-02T11:00,33.5,31.3,0.396,0.406
2023-07-02T12:00,33.5,31.9,0.394,0.405
2023-07-02T13:00,33.3,32.2,0.395,0.404
2023-07-02T14:00,32.3,32.0,0.392,0.403
2023-07-02T15:00,33.2,32.0,0.39,0.403
2023-07-02T16:00,33.8,32.0,0.388,0.402
2023-07-02T17:00,34.0,32.0,0.385,0.401
2023-07-02T18:00,33.1,31.6,0.384,0.4
2023-07-02T19:00,31.7,31.0,0.383,0.4
2023-07-02T20:00,30.4,31.0,0.394,0.413
2023-07-02T21:00,30.2,29.9,0.396,0.412
2023-07-02T22:00,29.9,29.1,0.395,0.411
2023-07-02T23:00,29.5,28.6,0.395,0.411
2023-07-03T00:00,29.3,28.4,0.395,0.41
2023-07-03T01:00,29.3,28.1,0.395,0.41
2023-07-03T02:00,29.6,28.0,0.394,0.409
2023-07-03T03:00,29.4,27.9,0.394,0.409
2023-07-03T04:00,29.1,27.8,0.394,0.408
2023-07-03T05:00,28.9,27.6,0.393,0.408
2023-07-03T06:00,28.8,27.5,0.393,0.407
2023-07-03T07:00,29.4,27.8,0.393,0.407
2023-07-03T08:00,31.0,29.8,0.382,0.402
2023-07-03T09:00,31.9,30.4,0.38,0.401
2023-07-03T10:00,32.5,31.0,0.378,0.4
2023-07-03T11:00,33.3,32.0,0.375,0.399
2023-07-03T12:00,33.7,32.5,0.371,0.397
2023-07-03T13:00,34.1,33.2,0.367,0.396
2023-07-03T14:00,34.2,33.5,0.364,0.394
2023-07-03T15:00,34.3,33.7,0.361,0.393
2023-07-03T16:00,34.3,33.6,0.358,0.392
2023-07-03T17:00,34.2,33.2,0.357,0.391
2023-07-03T18:00,33.3,32.7,0.356,0.39
2023-07-03T19:00,32.3,31.9,0.356,0.389
2023-07-03T20:00,31.8,32.2,0.347,0.384
2023-07-03T21:00,31.2,31.2,0.348,0.384
2023-07-03T22:00,30.7,30.6,0.349,0.383
2023-07-03T23:00,30.1,30.1,0.349,0.383
2023-07-04T00:00,30.0,29.8,0.35,0.382
2023-07-04T01:00,29.5,29.5,0.351,0.382
2023-07-04T02:00,29.2,29.2,0.351,0.382
2023-07-04T03:00,28.5,29.0,0.352,0.381
2023-07-04T04:00,27.8,28.6,0.352,0.381
2023-07-04T05:00,26.8,28.4,0.353,0.38
2023-07-04T06:00,26.4,28.0,0.353,0.38
2023-07-04T07:00,26.8,28.1,0.353,0.38
2023-07-04T08:00,26.9,27.4,0.358,0.38
2023-07-04T09:00,27.1,28.0,0.358,0.38
2023-07-04T10:00,27.3,29.0,0.357,0.379
2023-07-04T11:00,28.8,30.0,0.354,0.378
2023-07-04T12:00,28.7,30.6,0.352,0.377
2023-07-04T13:00,27.9,30.8,0.349,0.376
2023-07-04T14:00,27.9,30.6,0.347,0.375
2023-07-04T15:00,28.0,30.8,0.344,0.374
2023-07-04T16:00,27.6,30.4,0.343,0.373
2023-07-04T17:00,27.1,29.6,0.342,0.373
2023-07-04T18:00,26.8,28.9,0.342,0.372
2023-07-04T19:00,26.1,28.2,0.342,0.372
2023-07-04T20:00,26.3,28.6,0.34,0.371
2023-07-04T21:00,25.9,28.0,0.341,0.371
2023-07-04T22:00,25.5,27.5,0.341,0.371
2023-07-04T23:00,25.4,27.1,0.341,0.37
2023-07-05T00:00,25.0,26.8,0.342,0.37
2023-07-05T01:00,24.4,26.4,0.342,0.37
2023-07-05T02:00,23.9,26.0,0.343,0.369
2023-07-05T03:00,23.4,25.6,0.343,0.369
2023-07-05T04:00,23.3,25.4,0.344,0.369
2023-07-05T05:00,23.0,25.1,0.344,0.369
2023-07-05T06:00,23.5,25.0,0.344,0.368
2023-07-05T07:00,24.5,25.4,0.345,0.368
2023-07-05T08:00,25.2,26.5,0.343,0.367
2023-07-05T09:00,26.7,27.6,0.342,0.367
2023-07-05T10:00,28.0,28.8,0.34,0.366
2023-07-05T11:00,29.2,30.0,0.337,0.365
2023-07-05T12:00,30.2,31.1,0.334,0.363
2023-07-05T13:00,30.8,31.8,0.331,0.362
2023-07-05T14:00,31.4,32.4,0.327,0.361
2023-07-05T15:00,31.1,32.3,0.325,0.36
2023-07-05T16:00,32.0,32.1,0.323,0.359
2023-07-05T17:00,30.5,31.5,0.322,0.358
2023-07-05T18:00,30.4,31.0,0.321,0.357
2023-07-05T19:00,29.9,30.2,0.322,0.357
2023-07-05T20:00,28.9,30.5,0.309,0.348
2023-07-05T21:00,28.8,29.6,0.309,0.348
2023-07-05T22:00,28.7,29.0,0.31,0.347
2023-07-05T23:00,28.3,28.6,0.31,0.347
2023-07-06T00:00,28.3,28.3,0.311,0.347
2023-07-06T01:00,28.2,28.1,0.311,0.347
2023-07-06T02:00,28.0,27.9,0.311,0.347
2023-07-06T03:00,28.0,27.8,0.312,0.346
2023-07-06T04:00,28.2,27.6,0.312,0.346
2023-07-06T05:00,28.4,27.6,0.313,0.346
2023-07-06T06:00,28.6,27.6,0.313,0.346
2023-07-06T07:00,29.1,27.8,0.313,0.345
2023-07-06T08:00,30.1,29.2,0.309,0.343
2023-07-06T09:00,31.1,29.9,0.308,0.343
2023-07-06T10:00,31.9,30.7,0.305,0.342
2023-07-06T11:00,32.7,31.6,0.302,0.341
2023-07-06T12:00,33.0,32.2,0.299,0.339
2023-07-06T13:00,33.3,32.7,0.296,0.338
2023-07-06T14:00,33.6,33.2,0.293,0.337
2023-07-06T15:00,33.9,33.2,0.29,0.335
2023-07-06T16:00,33.5,33.1,0.287,0.334
2023-07-06T17:00,33.1,32.8,0.286,0.333
2023-07-06T18:00,32.5,32.2,0.285,0.333
2023-07-06T19:00,31.5,31.5,0.285,0.332
2023-07-06T20:00,31.6,31.5,0.279,0.329
2023-07-06T21:00,31.6,30.9,0.28,0.328
2023-07-06T22:00,30.9,30.4,0.28,0.328
2023-07-06T23:00,30.4,30.0,0.28,0.328
2023-07-07T00:00,30.2,29.6,0.281,0.328
2023-07-07T01:00,29.5,29.4,0.281,0.328
2023-07-07T02:00,28.1,29.0,0.281,0.328
2023-07-07T03:00,28.0,28.7,0.282,0.327
2023-07-07T04:00,29.9,28.5,0.282,0.327
2023-07-07T05:00,29.8,28.5,0.282,0.327
2023-07-07T06:00,29.5,28.5,0.283,0.327
2023-07-07T07:00,29.6,28.6,0.282,0.327
2023-07-07T08:00,30.5,29.1,0.277,0.323
2023-07-07T09:00,31.5,30.0,0.276,0.322
2023-07-07T10:00,31.8,30.7,0.274,0.321
2023-07-07T11:00,32.5,31.5,0.273,0.32
2023-07-07T12:00,32.7,32.0,0.271,0.319
2023-07-07T13:00,32.4,32.2,0.271,0.319
2023-07-07T14:00,32.1,31.8,0.287,0.318
2023-07-07T15:00,32.5,31.9,0.287,0.318
2023-07-07T16:00,31.5,31.6,0.323,0.317
2023-07-07T17:00,28.2,30.2,0.439,0.333
2023-07-07T18:00,28.0,29.3,0.424,0.358
2023-07-07T19:00,28.2,29.0,0.416,0.361
2023-07-07T20:00,29.6,29.5,0.413,0.383
2023-07-07T21:00,30.0,28.9,0.41,0.384
2023-07-07T22:00,28.5,28.5,0.439,0.391
2023-07-07T23:00,27.2,28.0,0.435,0.427
2023-07-08T00:00,27.5,27.8,0.435,0.43
2023-07-08T01:00,27.6,27.5,0.434,0.431
2023-07-08T02:00,27.5,27.4,0.431,0.43
2023-07-08T03:00,27.6,27.2,0.427,0.429
2023-07-08T04:00,27.9,27.1,0.424,0.428
2023-07-08T05:00,27.3,26.9,0.439,0.434
2023-07-08T06:00,27.1,26.8,0.439,0.439
2023-07-08T07:00,27.1,26.8,0.429,0.436
2023-07-08T08:00,27.7,28.1,0.426,0.433
2023-07-08T09:00,29.9,29.0,0.424,0.432
2023-07-08T10:00,29.1,29.5,0.439,0.439
2023-07-08T11:00,29.5,29.5,0.433,0.435
2023-07-08T12:00,29.2,29.4,0.43,0.434
2023-07-08T13:00,30.1,29.6,0.427,0.432
2023-07-08T14:00,30.1,29.7,0.431,0.431
2023-07-08T15:00,29.8,29.4,0.429,0.43
2023-07-08T16:00,31.1,29.5,0.439,0.429
2023-07-08T17:00,31.3,29.8,0.428,0.433
2023-07-08T18:00,30.9,29.6,0.424,0.431
2023-07-08T19:00,30.5,29.3,0.421,0.43
2023-07-08T20:00,28.8,28.8,0.415,0.426
2023-07-08T21:00,28.3,28.4,0.415,0.425
2023-07-08T22:00,27.9,28.0,0.415,0.424
2023-07-08T23:00,28.0,27.7,0.414,0.423
2023-07-09T00:00,27.8,27.5,0.412,0.422
2023-07-09T01:00,27.6,27.2,0.411,0.422
2023-07-09T02:00,27.6,27.1,0.41,0.421
2023-07-09T03:00,27.6,27.0,0.409,0.42
2023-07-09T04:00,27.5,26.9,0.408,0.42
2023-07-09T05:00,27.5,26.8,0.407,0.419
2023-07-09T06:00,27.6,26.8,0.407,0.418
2023-07-09T07:00,27.9,27.0,0.408,0.418
2023-07-09T08:00,28.4,27.4,0.434,0.435
2023-07-09T09:00,29.4,28.2,0.43,0.434
2023-07-09T10:00,30.5,29.0,0.425,0.432
2023-07-09T11:00,31.9,30.0,0.42,0.43
2023-07-09T12:00,32.7,31.0,0.414,0.428
2023-07-09T13:00,32.0,31.6,0.409,0.426
2023-07-09T14:00,31.7,32.0,0.407,0.424
2023-07-09T15:00,30.6,31.5,0.413,0.423
2023-07-09T16:00,30.2,30.6,0.432,0.424
2023-07-09T17:00,31.4,30.4,0.426,0.424
2023-07-09T18:00,31.3,30.2,0.422,0.424
2023-07-09T19:00,30.7,29.9,0.419,0.423
2023-07-09T20:00,27.1,29.5,0.41,0.423
2023-07-09T21:00,26.8,28.2,0.415,0.422
2023-07-09T22:00,26.7,27.5,0.414,0.422
2023-07-09T23:00,27.0,27.0,0.413,0.421
2023-07-10T00:00,27.2,26.9,0.411,0.421
2023-07-10T01:00,27.2,26.8,0.41,0.42
2023-07-10T02:00,27.4,26.7,0.409,0.42
2023-07-10T03:00,27.6,26.6,0.408,0.419
2023-07-10T04:00,27.8,26.6,0.407,0.419
2023-07-10T05:00,27.8,26.5,0.406,0.418
2023-07-10T06:00,27.9,26.5,0.405,0.418
2023-07-10T07:00,28.8,26.9,0.404,0.417
2023-07-10T08:00,29.9,28.6,0.396,0.416
2023-07-10T09:00,31.0,29.4,0.394,0.415
2023-07-10T10:00,32.0,30.2,0.391,0.413
2023-07-10T11:00,33.0,31.1,0.388,0.412
2023-07-10T12:00,33.7,31.9,0.384,0.41
2023-07-10T13:00,34.2,32.5,0.38,0.408
2023-07-10T14:00,34.2,32.8,0.376,0.406
2023-07-10T15:00,34.5,33.0,0.373,0.404
2023-07-10T16:00,34.5,32.8,0.37,0.403
2023-07-10T17:00,34.2,32.7,0.369,0.401
2023-07-10T18:00,33.3,32.2,0.368,0.4
2023-07-10T19:00,31.9,31.4,0.368,0.399
2023-07-10T20:00,31.2,31.5,0.362,0.398
2023-07-10T21:00,30.8,30.7,0.363,0.397
2023-07-10T22:00,30.6,30.0,0.363,0.396
2023-07-10T23:00,31.1,29.6,0.364,0.396
2023-07-11T00:00,30.9,29.4,0.364,0.395
2023-07-11T01:00,30.4,29.1,0.365,0.394
2023-07-11T02:00,29.7,28.9,0.365,0.394
2023-07-11T03:00,29.6,28.7,0.366,0.393
2023-07-11T04:00,29.1,28.5,0.366,0.393
2023-07-11T05:00,28.8,28.2,0.366,0.392
2023-07-11T06:00,28.8,28.1,0.367,0.391
2023-07-11T07:00,29.3,28.1,0.367,0.391
2023-07-11T08:00,31.0,30.8,0.36,0.388
2023-07-11T09:00,32.1,31.1,0.359,0.387
2023-07-11T10:00,32.8,31.7,0.356,0.386
2023-07-11T11:00,33.3,32.2,0.353,0.385
2023-07-11T12:00,33.7,32.6,0.35,0.383
2023-07-11T13:00,34.5,33.2,0.346,0.382
2023-07-11T14:00,34.6,33.7,0.342,0.38
2023-07-11T15:00,34.8,33.9,0.339,0.378
2023-07-11T16:00,34.5,33.8,0.336,0.377
2023-07-11T17:00,34.2,33.3,0.335,0.376
2023-07-11T18:00,33.5,32.8,0.334,0.375
2023-07-11T19:00,32.2,32.0,0.335,0.374
2023-07-11T20:00,30.6,32.3,0.322,0.369
2023-07-11T21:00,30.8,31.4,0.323,0.369
2023-07-11T22:00,30.5,30.6,0.324,0.368
2023-07-11T23:00,30.2,30.1,0.324,0.368
2023-07-12T00:00,30.0,29.8,0.325,0.367
2023-07-12T01:00,30.0,29.5,0.326,0.367
2023-07-12T02:00,29.8,29.3,0.327,0.367
2023-07-12T03:00,29.7,29.1,0.327,0.366
2023-07-12T04:00,29.7,28.9,0.328,0.366
2023-07-12T05:00,29.6,28.7,0.328,0.365
2023-07-12T06:00,29.6,28.6,0.328,0.365
2023-07-12T07:00,30.0,28.8,0.328,0.364
2023-07-12T08:00,31.2,30.8,0.322,0.365
2023-07-12T09:00,32.2,31.2,0.32,0.364
2023-07-12T10:00,32.8,31.7,0.318,0.363
2023-07-12T11:00,33.2,32.2,0.316,0.362
2023-07-12T12:00,33.6,32.7,0.314,0.36
2023-07-12T13:00,34.0,33.0,0.311,0.359
2023-07-12T14:00,34.1,33.2,0.309,0.358
2023-07-12T15:00,34.3,33.3,0.307,0.357
2023-07-12T16:00,34.3,33.3,0.305,0.355
2023-07-12T17:00,33.9,33.1,0.304,0.354
2023-07-12T18:00,33.0,32.5,0.304,0.354
2023-07-12T19:00,32.2,31.9,0.304,0.353
2023-07-12T20:00,32.0,32.2,0.294,0.347
2023-07-12T21:00,31.5,31.5,0.294,0.347
2023-07-12T22:00,31.0,31.0,0.295,0.346
2023-07-12T23:00,31.1,30.5,0.295,0.346
2023-07-13T00:00,31.2,30.2,0.296,0.346
2023-07-13T01:00,30.9,30.0,0.296,0.345
2023-07-13T02:00,30.4,29.8,0.297,0.345
2023-07-13T03:00,30.0,29.5,0.297,0.345
2023-07-13T04:00,30.0,29.4,0.298,0.345
2023-07-13T05:00,30.0,29.2,0.298,0.344
2023-07-13T06:00,29.9,29.0,0.299,0.344
2023-07-13T07:00,30.1,29.1,0.299,0.344
2023-07-13T08:00,31.2,30.5,0.298,0.343
2023-07-13T09:00,32.2,31.1,0.297,0.342
2023-07-13T10:00,33.0,31.9,0.294,0.341
2023-07-13T11:00,33.8,32.8,0.291,0.339
2023-07-13T12:00,34.3,33.5,0.288,0.338
2023-07-13T13:00,34.8,34.1,0.285,0.336
2023-07-13T14:00,35.0,34.5,0.281,0.335
2023-07-13T15:00,35.0,34.6,0.279,0.334
2023-07-13T16:00,34.8,34.4,0.277,0.333
2023-07-13T17:00,34.5,34.0,0.275,0.332
2023-07-13T18:00,33.5,33.3,0.275,0.331
2023-07-13T19:00,32.2,32.6,0.275,0.331
2023-07-13T20:00,29.5,32.4,0.267,0.328
2023-07-13T21:00,29.3,31.2,0.268,0.328
2023-07-13T22:00,27.8,30.2,0.305,0.328
2023-07-13T23:00,27.1,29.2,0.306,0.328
2023-07-14T00:00,27.1,28.6,0.306,0.328
2023-07-14T01:00,26.9,28.3,0.306,0.328
2023-07-14T02:00,27.0,28.1,0.308,0.328
2023-07-14T03:00,27.1,28.0,0.312,0.328
2023-07-14T04:00,27.0,27.8,0.313,0.328
2023-07-14T05:00,27.0,27.6,0.315,0.328
2023-07-14T06:00,26.8,27.5,0.322,0.328
2023-07-14T07:00,26.6,27.5,0.327,0.328
2023-07-14T08:00,27.2,27.7,0.296,0.331
2023-07-14T09:00,27.2,27.9,0.297,0.331
2023-07-14T10:00,27.2,28.0,0.298,0.331
2023-07-14T11:00,25.2,27.6,0.304,0.331
2023-07-14T12:00,25.0,27.4,0.311,0.33
2023-07-14T13:00,26.4,28.1,0.336,0.331
2023-07-14T14:00,27.1,28.8,0.335,0.33
2023-07-14T15:00,28.3,29.8,0.333,0.33
2023-07-14T16:00,28.6,29.9,0.331,0.33
2023-07-14T17:00,28.8,29.9,0.329,0.329
2023-07-14T18:00,28.6,29.6,0.328,0.329
2023-07-14T19:00,27.9,29.1,0.327,0.329
2023-07-14T20:00,27.5,29.5,0.288,0.326
2023-07-14T21:00,26.8,29.0,0.288,0.326
2023-07-14T22:00,26.2,28.5,0.289,0.325
2023-07-14T23:00,25.9,28.0,0.289,0.325
2023-07-15T00:00,25.6,27.6,0.289,0.325
2023-07-15T01:00,25.2,27.3,0.29,0.325
2023-07-15T02:00,25.0,27.0,0.29,0.325
2023-07-15T03:00,24.8,26.8,0.291,0.325
2023-07-15T04:00,24.8,26.5,0.291,0.325
2023-07-15T05:00,24.8,26.4,0.291,0.325
2023-07-15T06:00,24.8,26.2,0.292,0.325
2023-07-15T07:00,25.7,26.5,0.292,0.325
2023-07-15T08:00,27.0,27.5,0.291,0.324
2023-07-15T09:00,28.5,28.8,0.29,0.324
2023-07-15T10:00,29.4,29.6,0.288,0.323
2023-07-15T11:00,29.1,29.5,0.287,0.323
2023-07-15T12:00,29.4,29.6,0.287,0.322
2023-07-15T13:00,29.6,29.8,0.286,0.322
2023-07-15T14:00,29.9,30.0,0.285,0.321
2023-07-15T15:00,29.9,30.0,0.284,0.321
2023-07-15T16:00,30.8,30.8,0.282,0.32
2023-07-15T17:00,30.8,31.0,0.281,0.32
2023-07-15T18:00,30.7,30.6,0.281,0.32
2023-07-15T19:00,29.2,30.0,0.281,0.32
2023-07-15T20:00,28.0,29.4,0.283,0.321
2023-07-15T21:00,27.8,28.5,0.283,0.321
2023-07-15T22:00,28.1,28.0,0.283,0.321
2023-07-15T23:00,27.8,27.5,0.284,0.321
2023-07-16T00:00,27.6,27.4,0.284,0.321
2023-07-16T01:00,27.6,27.2,0.285,0.321
2023-07-16T02:00,26.6,27.1,0.285,0.321
2023-07-16T03:00,26.9,27.0,0.285,0.321
2023-07-16T04:00,26.6,27.0,0.286,0.321
2023-07-16T05:00,26.4,26.8,0.286,0.321
2023-07-16T06:00,26.3,26.6,0.287,0.321
2023-07-16T07:00,26.4,26.5,0.289,0.321
2023-07-16T08:00,27.0,27.0,0.286,0.32
2023-07-16T09:00,27.4,27.2,0.286,0.32
2023-07-16T10:00,28.0,27.7,0.285,0.32
2023-07-16T11:00,27.9,27.8,0.285,0.32
2023-07-16T12:00,28.4,28.1,0.285,0.32
2023-07-16T13:00,29.4,28.9,0.283,0.319
2023-07-16T14:00,29.5,29.0,0.283,0.319
2023-07-16T15:00,30.0,29.2,0.282,0.318
2023-07-16T16:00,30.1,29.4,0.281,0.318
2023-07-16T17:00,30.0,29.2,0.28,0.318
2023-07-16T18:00,29.4,29.0,0.28,0.317
2023-07-16T19:00,28.2,28.5,0.28,0.317
2023-07-16T20:00,27.8,29.4,0.273,0.316
2023-07-16T21:00,26.7,28.5,0.273,0.316
2023-07-16T22:00,26.2,27.8,0.274,0.316
2023-07-16T23:00,25.6,27.1,0.274,0.315
2023-07-17T00:00,24.9,26.7,0.274,0.315
2023-07-17T01:00,24.5,26.2,0.275,0.315
2023-07-17T02:00,24.5,26.0,0.275,0.315
2023-07-17T03:00,24.6,25.9,0.276,0.315
2023-07-17T04:00,24.7,25.8,0.276,0.315
2023-07-17T05:00,24.7,25.7,0.276,0.315
2023-07-17T06:00,24.8,25.6,0.277,0.315
2023-07-17T07:00,24.9,25.7,0.28,0.315
2023-07-17T08:00,25.2,26.9,0.277,0.314
2023-07-17T09:00,26.1,27.3,0.278,0.314
2023-07-17T10:00,26.5,27.6,0.277,0.313
2023-07-17T11:00,27.1,28.1,0.277,0.313
2023-07-17T12:00,27.6,28.7,0.276,0.313
2023-07-17T13:00,28.9,29.8,0.274,0.312
2023-07-17T14:00,30.4,31.4,0.271,0.311
2023-07-17T15:00,31.0,32.0,0.269,0.31
2023-07-17T16:00,31.2,32.2,0.267,0.309
2023-07-17T17:00,31.0,31.9,0.266,0.309
2023-07-17T18:00,30.4,31.1,0.265,0.308
2023-07-17T19:00,29.1,30.2,0.266,0.308
2023-07-17T20:00,27.5,29.0,0.279,0.311
2023-07-17T21:00,27.1,28.3,0.279,0.311
2023-07-17T22:00,26.6,27.8,0.279,0.311
2023-07-17T23:00,26.4,27.4,0.279,0.311
2023-07-18T00:00,26.0,27.0,0.279,0.311
2023-07-18T01:00,25.8,26.8,0.28,0.311
2023-07-18T02:00,25.5,26.5,0.28,0.311
2023-07-18T03:00,25.2,26.4,0.28,0.311
2023-07-18T04:00,25.1,26.1,0.28,0.311
2023-07-18T05:00,25.0,26.0,0.281,0.311
2023-07-18T06:00,25.0,25.9,0.281,0.311
2023-07-18T07:00,25.8,26.3,0.281,0.311
2023-07-18T08:00,27.1,27.7,0.28,0.31
2023-07-18T09:00,28.3,28.8,0.279,0.309
2023-07-18T10:00,29.3,29.9,0.277,0.309
2023-07-18T11:00,30.5,31.1,0.275,0.308
2023-07-18T12:00,31.2,32.0,0.273,0.307
2023-07-18T13:00,31.5,32.3,0.271,0.307
2023-07-18T14:00,31.2,31.9,0.27,0.306
2023-07-18T15:00,30.8,31.4,0.27,0.306
2023-07-18T16:00,31.2,31.4,0.269,0.306
2023-07-18T17:00,31.0,31.2,0.268,0.305
2023-07-18T18:00,30.9,31.0,0.268,0.305
2023-07-18T19:00,29.9,30.4,0.267,0.305
2023-07-18T20:00,28.6,30.4,0.267,0.303
2023-07-18T21:00,28.5,29.6,0.268,0.303
2023-07-18T22:00,28.0,29.0,0.268,0.303
2023-07-18T23:00,28.0,28.6,0.268,0.303
2023-07-19T00:00,27.8,28.2,0.268,0.303
2023-07-19T01:00,27.0,28.0,0.269,0.303
2023-07-19T02:00,27.0,27.7,0.269,0.303
2023-07-19T03:00,26.9,27.5,0.269,0.303
2023-07-19T04:00,26.6,27.4,0.27,0.303
2023-07-19T05:00,26.8,27.2,0.27,0.303
2023-07-19T06:00,26.6,27.1,0.27,0.303
2023-07-19T07:00,26.9,27.3,0.27,0.303
2023-07-19T08:00,27.5,28.2,0.327,0.303
2023-07-19T09:00,28.0,28.4,0.329,0.303
2023-07-19T10:00,28.4,28.5,0.333,0.303
2023-07-19T11:00,29.0,28.9,0.34,0.303
2023-07-19T12:00,29.1,29.4,0.347,0.304
2023-07-19T13:00,29.5,30.2,0.35,0.304
2023-07-19T14:00,29.6,30.6,0.351,0.305
2023-07-19T15:00,29.7,30.8,0.369,0.305
2023-07-19T16:00,29.7,30.9,0.37,0.306
2023-07-19T17:00,29.6,31.0,0.369,0.306
2023-07-19T18:00,29.4,30.6,0.387,0.307
2023-07-19T19:00,28.6,29.7,0.411,0.31
2023-07-19T20:00,27.9,28.8,0.371,0.312
2023-07-19T21:00,27.5,28.3,0.369,0.312
2023-07-19T22:00,27.1,28.0,0.367,0.313
2023-07-19T23:00,27.0,27.6,0.366,0.314
2023-07-20T00:00,26.8,27.4,0.364,0.314
2023-07-20T01:00,27.5,27.1,0.363,0.315
2023-07-20T02:00,27.4,26.9,0.361,0.316
2023-07-20T03:00,26.2,26.8,0.36,0.316
2023-07-20T04:00,26.4,26.6,0.36,0.316
2023-07-20T05:00,26.2,26.5,0.359,0.317
2023-07-20T06:00,26.4,26.5,0.358,0.317
2023-07-20T07:00,27.5,27.0,0.357,0.318
2023-07-20T08:00,27.2,27.2,0.357,0.319
2023-07-20T09:00,27.8,27.6,0.356,0.319
2023-07-20T10:00,28.8,28.9,0.354,0.319
2023-07-20T11:00,29.4,29.6,0.352,0.319
2023-07-20T12:00,30.2,31.1,0.349,0.319
2023-07-20T13:00,30.7,32.1,0.347,0.318
2023-07-20T14:00,30.8,32.7,0.347,0.318
2023-07-20T15:00,31.1,33.2,0.345,0.318
2023-07-20T16:00,31.4,33.0,0.344,0.318
2023-07-20T17:00,27.4,31.5,0.413,0.318
2023-07-20T18:00,27.0,29.7,0.409,0.321
2023-07-20T19:00,27.4,28.9,0.402,0.324
2023-07-20T20:00,28.2,30.0,0.348,0.318
2023-07-20T21:00,27.5,29.0,0.355,0.318
2023-07-20T22:00,27.4,28.4,0.373,0.319
2023-07-20T23:00,26.4,27.8,0.415,0.33
2023-07-21T00:00,26.6,27.4,0.407,0.332
2023-07-21T01:00,26.5,27.2,0.402,0.334
2023-07-21T02:00,26.5,27.0,0.397,0.336
2023-07-21T03:00,26.6,27.0,0.393,0.337
2023-07-21T04:00,26.6,27.0,0.39,0.338
2023-07-21T05:00,26.2,26.9,0.388,0.339
2023-07-21T06:00,26.9,26.8,0.385,0.34
2023-07-21T07:00,27.8,27.3,0.383,0.341
2023-07-21T08:00,29.6,27.4,0.417,0.383
2023-07-21T09:00,30.6,29.0,0.413,0.384
2023-07-21T10:00,31.5,30.3,0.411,0.385
2023-07-21T11:00,31.9,31.2,0.409,0.385
2023-07-21T12:00,32.5,31.9,0.405,0.385
2023-07-21T13:00,32.8,32.5,0.4,0.385
2023-07-21T14:00,31.2,32.8,0.426,0.385
2023-07-21T15:00,29.0,32.1,0.434,0.416
2023-07-21T16:00,27.9,30.3,0.435,0.419
2023-07-21T17:00,28.0,29.6,0.428,0.421
2023-07-21T18:00,28.3,29.4,0.424,0.421
2023-07-21T19:00,28.0,29.0,0.421,0.42
2023-07-21T20:00,26.5,27.8,0.415,0.403
2023-07-21T21:00,26.0,27.5,0.439,0.423
2023-07-21T22:00,26.1,27.1,0.439,0.438
2023-07-21T23:00,26.0,26.9,0.434,0.436
2023-07-22T00:00,26.0,26.7,0.431,0.434
2023-07-22T01:00,26.1,26.6,0.426,0.432
2023-07-22T02:00,26.4,26.5,0.423,0.43
2023-07-22T03:00,26.3,26.5,0.42,0.429
2023-07-22T04:00,26.1,26.4,0.418,0.427
2023-07-22T05:00,26.0,26.3,0.416,0.426
2023-07-22T06:00,26.0,26.2,0.414,0.425
2023-07-22T07:00,26.9,26.5,0.413,0.424
2023-07-22T08:00,27.4,26.8,0.413,0.426
2023-07-22T09:00,28.1,27.7,0.411,0.424
2023-07-22T10:00,29.2,28.9,0.409,0.423
2023-07-22T11:00,30.8,30.3,0.405,0.421
2023-07-22T12:00,31.5,31.2,0.402,0.419
2023-07-22T13:00,32.0,32.2,0.398,0.417
2023-07-22T14:00,31.9,32.5,0.395,0.415
2023-07-22T15:00,32.3,32.7,0.391,0.414
2023-07-22T16:00,32.8,32.8,0.389,0.412
2023-07-22T17:00,32.7,32.3,0.387,0.411
2023-07-22T18:00,30.2,31.5,0.386,0.41
2023-07-22T19:00,28.6,30.6,0.386,0.409
2023-07-22T20:00,28.5,29.8,0.389,0.41
2023-07-22T21:00,28.0,29.1,0.389,0.409
2023-07-22T22:00,27.9,28.7,0.389,0.408
2023-07-22T23:00,27.4,28.3,0.389,0.408
2023-07-23T00:00,27.1,28.0,0.389,0.407
2023-07-23T01:00,26.8,27.8,0.389,0.407
2023-07-23T02:00,26.5,27.5,0.389,0.406
2023-07-23T03:00,26.2,27.3,0.389,0.406
2023-07-23T04:00,26.2,27.1,0.389,0.405
2023-07-23T05:00,26.0,27.0,0.389,0.405
2023-07-23T06:00,26.2,26.9,0.389,0.404
2023-07-23T07:00,27.4,27.2,0.389,0.404
2023-07-23T08:00,28.0,28.0,0.388,0.404
2023-07-23T09:00,29.5,29.2,0.387,0.403
2023-07-23T10:00,30.4,30.0,0.385,0.402
2023-07-23T11:00,31.1,30.9,0.384,0.401
2023-07-23T12:00,31.9,31.6,0.381,0.4
2023-07-23T13:00,32.5,32.5,0.378,0.398
2023-07-23T14:00,33.1,33.1,0.374,0.397
2023-07-23T15:00,33.2,33.3,0.371,0.395
2023-07-23T16:00,33.0,33.3,0.368,0.394
2023-07-23T17:00,32.8,33.1,0.366,0.393
2023-07-23T18:00,32.5,32.5,0.366,0.392
2023-07-23T19:00,31.0,31.6,0.366,0.392
2023-07-23T20:00,29.8,31.3,0.366,0.391
2023-07-23T21:00,29.4,30.4,0.366,0.39
2023-07-23T22:00,29.5,29.8,0.367,0.39
2023-07-23T23:00,29.1,29.3,0.367,0.39
2023-07-24T00:00,28.6,29.0,0.367,0.389
2023-07-24T01:00,28.3,28.7,0.367,0.389
2023-07-24T02:00,27.8,28.4,0.368,0.389
2023-07-24T03:00,27.4,28.2,0.368,0.388
2023-07-24T04:00,27.2,28.0,0.368,0.388
2023-07-24T05:00,27.1,27.8,0.369,0.388
2023-07-24T06:00,27.2,27.6,0.369,0.388
2023-07-24T07:00,28.1,28.0,0.369,0.387
2023-07-24T08:00,29.4,29.7,0.365,0.384
2023-07-24T09:00,30.5,30.5,0.363,0.384
2023-07-24T10:00,31.4,31.4,0.361,0.383
2023-07-24T11:00,32.2,32.2,0.359,0.382
2023-07-24T12:00,33.0,33.0,0.355,0.381
2023-07-24T13:00,33.5,33.8,0.352,0.379
2023-07-24T14:00,34.0,34.5,0.348,0.378
2023-07-24T15:00,33.6,34.2,0.346,0.377
2023-07-24T16:00,33.8,34.2,0.344,0.376
2023-07-24T17:00,33.8,34.0,0.342,0.375
2023-07-24T18:00,33.1,33.2,0.342,0.374
2023-07-24T19:00,31.8,32.2,0.342,0.374
2023-07-24T20:00,30.9,31.8,0.339,0.371
2023-07-24T21:00,30.3,31.0,0.339,0.371
2023-07-24T22:00,30.0,30.4,0.34,0.371
2023-07-24T23:00,29.7,30.0,0.34,0.37
2023-07-25T00:00,29.0,29.5,0.341,0.37
2023-07-25T01:00,28.8,29.2,0.341,0.37
2023-07-25T02:00,28.4,28.9,0.342,0.369
2023-07-25T03:00,28.4,28.7,0.342,0.369
2023-07-25T04:00,28.2,28.6,0.343,0.369
2023-07-25T05:00,28.1,28.5,0.343,0.369
2023-07-25T06:00,28.1,28.4,0.343,0.368
2023-07-25T07:00,28.7,28.6,0.344,0.368
2023-07-25T08:00,29.7,29.1,0.344,0.368
2023-07-25T09:00,30.0,29.7,0.343,0.368
2023-07-25T10:00,30.9,30.5,0.342,0.367
2023-07-25T11:00,30.6,30.8,0.343,0.367
2023-07-25T12:00,31.0,31.0,0.343,0.366
2023-07-25T13:00,30.6,31.2,0.349,0.366
2023-07-25T14:00,31.2,31.9,0.347,0.365
2023-07-25T15:00,31.0,32.7,0.374,0.364
2023-07-25T16:00,27.5,31.1,0.391,0.365
2023-07-25T17:00,27.2,29.9,0.395,0.365
2023-07-25T18:00,27.8,29.5,0.395,0.366
2023-07-25T19:00,27.4,28.9,0.392,0.367
2023-07-25T20:00,27.0,29.0,0.4,0.373
2023-07-25T21:00,26.9,28.6,0.398,0.374
2023-07-25T22:00,26.6,28.2,0.396,0.374
2023-07-25T23:00,26.4,27.9,0.394,0.375
2023-07-26T00:00,26.7,27.8,0.392,0.375
2023-07-26T01:00,26.6,27.7,0.391,0.376
2023-07-26T02:00,26.8,27.6,0.39,0.376
2023-07-26T03:00,26.9,27.6,0.388,0.376
2023-07-26T04:00,26.6,27.5,0.387,0.376
2023-07-26T05:00,26.2,27.2,0.386,0.376
2023-07-26T06:00,26.2,27.1,0.385,0.377
2023-07-26T07:00,27.0,27.4,0.384,0.377
2023-07-26T08:00,28.0,28.1,0.382,0.376
2023-07-26T09:00,29.2,29.1,0.38,0.376
2023-07-26T10:00,30.2,30.2,0.377,0.375
2023-07-26T11:00,31.2,31.3,0.374,0.374
2023-07-26T12:00,32.0,32.4,0.37,0.373
2023-07-26T13:00,32.7,33.3,0.366,0.372
2023-07-26T14:00,33.0,33.9,0.362,0.371
2023-07-26T15:00,33.2,34.2,0.358,0.37
2023-07-26T16:00,33.0,34.0,0.356,0.369
2023-07-26T17:00,31.5,33.2,0.354,0.368
2023-07-26T18:00,30.5,32.2,0.353,0.368
2023-07-26T19:00,29.8,31.3,0.353,0.368
2023-07-26T20:00,29.3,30.7,0.35,0.366
2023-07-26T21:00,29.8,30.0,0.35,0.366
2023-07-26T22:00,28.2,29.5,0.35,0.365
2023-07-26T23:00,27.7,29.0,0.351,0.365
2023-07-27T00:00,27.3,28.6,0.351,0.365
2023-07-27T01:00,26.9,28.3,0.351,0.365
2023-07-27T02:00,26.5,28.0,0.351,0.365
2023-07-27T03:00,26.5,27.8,0.351,0.365
2023-07-27T04:00,26.2,27.6,0.351,0.365
2023-07-27T05:00,26.1,27.4,0.351,0.364
2023-07-27T06:00,26.1,27.2,0.351,0.364
2023-07-27T07:00,27.0,27.5,0.351,0.364
2023-07-27T08:00,28.8,29.2,0.349,0.363
2023-07-27T09:00,30.2,30.1,0.347,0.362
2023-07-27T10:00,31.8,31.2,0.344,0.361
2023-07-27T11:00,32.8,32.2,0.341,0.36
2023-07-27T12:00,33.5,33.2,0.336,0.359
2023-07-27T13:00,33.5,33.8,0.332,0.358
2023-07-27T14:00,33.2,34.2,0.329,0.357
2023-07-27T15:00,29.4,33.7,0.361,0.356
2023-07-27T16:00,29.7,32.6,0.368,0.356
2023-07-27T17:00,31.1,32.5,0.366,0.355
2023-07-27T18:00,31.1,32.0,0.364,0.355
2023-07-27T19:00,30.3,31.3,0.363,0.355
2023-07-27T20:00,29.5,31.3,0.336,0.35
2023-07-27T21:00,29.2,30.5,0.337,0.349
2023-07-27T22:00,28.5,29.8,0.337,0.349
2023-07-27T23:00,28.0,29.3,0.337,0.349
2023-07-28T00:00,27.6,28.9,0.337,0.349
2023-07-28T01:00,27.6,28.6,0.337,0.349
2023-07-28T02:00,27.5,28.4,0.337,0.349
2023-07-28T03:00,27.1,28.1,0.337,0.349
2023-07-28T04:00,26.7,27.9,0.337,0.349
2023-07-28T05:00,26.3,27.6,0.337,0.349
2023-07-28T06:00,26.1,27.5,0.337,0.349
2023-07-28T07:00,26.9,27.7,0.337,0.349
2023-07-28T08:00,28.5,29.9,0.333,0.347
2023-07-28T09:00,29.6,30.5,0.332,0.346
2023-07-28T10:00,30.5,31.4,0.33,0.345
2023-07-28T11:00,31.0,32.3,0.327,0.345
2023-07-28T12:00,31.6,33.2,0.325,0.343
2023-07-28T13:00,32.0,33.8,0.322,0.342
2023-07-28T14:00,32.1,33.8,0.32,0.342
2023-07-28T15:00,32.3,34.1,0.318,0.341
2023-07-28T16:00,29.2,33.3,0.439,0.356
2023-07-28T17:00,27.7,31.2,0.426,0.38
2023-07-28T18:00,28.5,30.5,0.419,0.383
2023-07-28T19:00,28.5,29.9,0.414,0.384
2023-07-28T20:00,27.0,29.1,0.413,0.389
2023-07-28T21:00,27.1,28.4,0.412,0.39
2023-07-28T22:00,26.7,27.9,0.41,0.391
2023-07-28T23:00,26.5,27.5,0.408,0.391
2023-07-29T00:00,26.4,27.2,0.406,0.392
2023-07-29T01:00,26.3,27.1,0.404,0.392
2023-07-29T02:00,26.2,27.0,0.402,0.392
2023-07-29T03:00,26.0,26.9,0.401,0.393
2023-07-29T04:00,25.8,26.7,0.4,0.393
2023-07-29T05:00,26.0,26.6,0.399,0.393
2023-07-29T06:00,25.8,26.6,0.405,0.393
2023-07-29T07:00,25.9,26.6,0.409,0.393
2023-07-29T08:00,27.4,27.9,0.395,0.392
2023-07-29T09:00,28.0,28.6,0.395,0.392
2023-07-29T10:00,28.1,29.6,0.428,0.392
2023-07-29T11:00,27.3,29.8,0.426,0.406
2023-07-29T12:00,27.2,29.6,0.424,0.407
2023-07-29T13:00,27.2,29.6,0.431,0.408
2023-07-29T14:00,27.2,29.2,0.436,0.415
2023-07-29T15:00,27.7,29.3,0.429,0.419
2023-07-29T16:00,28.6,30.0,0.424,0.42
2023-07-29T17:00,28.6,30.0,0.42,0.419
2023-07-29T18:00,28.6,29.8,0.417,0.419
2023-07-29T19:00,28.4,29.2,0.415,0.418
2023-07-29T20:00,27.5,28.2,0.41,0.395
2023-07-29T21:00,27.3,27.8,0.408,0.395
2023-07-29T22:00,27.3,27.5,0.41,0.396
2023-07-29T23:00,27.4,27.4,0.423,0.397
2023-07-30T00:00,27.1,27.2,0.432,0.398
2023-07-30T01:00,27.1,27.0,0.434,0.401
2023-07-30T02:00,26.4,26.8,0.43,0.411
2023-07-30T03:00,26.4,26.6,0.424,0.412
2023-07-30T04:00,26.0,26.5,0.42,0.413
2023-07-30T05:00,26.4,26.5,0.418,0.413
2023-07-30T06:00,26.6,26.5,0.416,0.413
2023-07-30T07:00,27.4,26.9,0.414,0.413
2023-07-30T08:00,28.0,27.9,0.406,0.403
2023-07-30T09:00,29.0,28.7,0.405,0.403
2023-07-30T10:00,29.8,29.7,0.404,0.402
2023-07-30T11:00,30.2,30.5,0.404,0.402
2023-07-30T12:00,30.9,31.4,0.405,0.401
2023-07-30T13:00,31.1,31.9,0.407,0.401
2023-07-30T14:00,30.5,31.9,0.41,0.401
2023-07-30T15:00,28.9,31.9,0.418,0.401
2023-07-30T16:00,28.3,30.2,0.427,0.404
2023-07-30T17:00,28.4,29.7,0.422,0.405
2023-07-30T18:00,28.7,29.5,0.418,0.406
2023-07-30T19:00,28.4,29.0,0.415,0.407
2023-07-30T20:00,28.9,29.5,0.415,0.419
2023-07-30T21:00,28.5,29.0,0.413,0.419
2023-07-30T22:00,28.3,28.6,0.412,0.418
2023-07-30T23:00,28.1,28.4,0.41,0.418
2023-07-31T00:00,27.9,28.1,0.409,0.417
2023-07-31T01:00,27.8,28.0,0.408,0.416
2023-07-31T02:00,27.6,27.9,0.407,0.416
2023-07-31T03:00,27.5,27.8,0.406,0.415
2023-07-31T04:00,27.3,27.6,0.405,0.414
2023-07-31T05:00,27.0,27.6,0.404,0.414
2023-07-31T06:00,26.8,27.5,0.403,0.413
2023-07-31T07:00,27.4,27.6,0.402,0.413
2023-07-31T08:00,28.7,27.9,0.402,0.413
2023-07-31T09:00,30.0,29.0,0.4,0.412
2023-07-31T10:00,30.8,30.1,0.402,0.411
2023-07-31T11:00,31.4,31.0,0.402,0.41
2023-07-31T12:00,32.0,31.7,0.402,0.409
2023-07-31T13:00,30.6,32.0,0.432,0.414
2023-07-31T14:00,30.0,31.4,0.426,0.415
2023-07-31T15:00,29.8,30.9,0.422,0.415
2023-07-31T16:00,30.5,31.4,0.418,0.415
2023-07-31T17:00,30.6,31.1,0.418,0.415
2023-07-31T18:00,30.1,30.6,0.415,0.414
2023-07-31T19:00,29.4,30.0,0.413,0.414
2023-07-31T20:00,29.6,30.4,0.406,0.408
2023-07-31T21:00,29.2,29.6,0.405,0.407
2023-07-31T22:00,28.6,29.1,0.404,0.407
2023-07-31T23:00,28.2,28.7,0.403,0.407
2023-08-01T00:00,27.8,28.4,0.402,0.407
2023-08-01T01:00,27.5,28.1,0.401,0.406
2023-08-01T02:00,27.4,27.9,0.4,0.406
2023-08-01T03:00,27.3,27.8,0.399,0.406
2023-08-01T04:00,27.1,27.6,0.398,0.405
2023-08-01T05:00,27.0,27.5,0.398,0.405
2023-08-01T06:00,27.0,27.4,0.397,0.405
2023-08-01T07:00,27.7,27.6,0.396,0.404
2023-08-01T08:00,29.0,29.4,0.392,0.403
2023-08-01T09:00,29.9,30.0,0.39,0.402
2023-08-01T10:00,30.9,31.0,0.387,0.401
2023-08-01T11:00,31.5,31.9,0.385,0.4
2023-08-01T12:00,31.6,32.5,0.382,0.398
2023-08-01T13:00,31.8,33.0,0.379,0.397
2023-08-01T14:00,30.3,32.8,0.412,0.396
2023-08-01T15:00,30.1,32.0,0.409,0.397
2023-08-01T16:00,31.0,32.5,0.407,0.397
2023-08-01T17:00,30.4,32.0,0.405,0.396
2023-08-01T18:00,30.1,31.5,0.402,0.396
2023-08-01T19:00,29.5,30.8,0.4,0.396
2023-08-01T20:00,27.9,30.1,0.392,0.393
2023-08-01T21:00,27.8,29.3,0.392,0.393
2023-08-01T22:00,27.8,28.8,0.391,0.393
2023-08-01T23:00,27.7,28.5,0.391,0.392
2023-08-02T00:00,27.5,28.2,0.39,0.392
2023-08-02T01:00,27.4,28.0,0.389,0.392
2023-08-02T02:00,26.8,27.8,0.389,0.392
2023-08-02T03:00,27.4,27.5,0.388,0.392
2023-08-02T04:00,26.1,27.3,0.388,0.392
2023-08-02T05:00,25.7,27.1,0.387,0.392
2023-08-02T06:00,26.0,27.0,0.387,0.392
2023-08-02T07:00,27.4,27.5,0.387,0.392
2023-08-02T08:00,29.0,29.0,0.385,0.391
2023-08-02T09:00,30.2,30.1,0.384,0.391
2023-08-02T10:00,31.0,31.1,0.382,0.39
2023-08-02T11:00,31.4,32.1,0.38,0.389
2023-08-02T12:00,32.0,33.0,0.377,0.388
2023-08-02T13:00,32.5,33.8,0.374,0.387
2023-08-02T14:00,33.0,34.4,0.37,0.386
2023-08-02T15:00,33.2,34.6,0.367,0.385
2023-08-02T16:00,33.5,34.5,0.365,0.384
2023-08-02T17:00,33.2,33.9,0.362,0.383
2023-08-02T18:00,32.5,33.0,0.361,0.382
2023-08-02T19:00,31.2,32.2,0.361,0.382
2023-08-02T20:00,30.9,31.8,0.359,0.38
2023-08-02T21:00,30.2,31.0,0.359,0.38
2023-08-02T22:00,29.7,30.3,0.36,0.38
2023-08-02T23:00,30.3,29.9,0.36,0.379
2023-08-03T00:00,29.9,29.5,0.36,0.379
2023-08-03T01:00,29.4,29.2,0.36,0.379
2023-08-03T02:00,28.5,29.0,0.361,0.379
2023-08-03T03:00,28.6,28.7,0.361,0.379
2023-08-03T04:00,28.4,28.5,0.361,0.378
2023-08-03T05:00,28.2,28.4,0.361,0.378
2023-08-03T06:00,28.2,28.2,0.361,0.378
2023-08-03T07:00,29.2,28.7,0.361,0.378
2023-08-03T08:00,30.3,30.5,0.361,0.377
2023-08-03T09:00,31.5,31.5,0.359,0.377
2023-08-03T10:00,32.1,32.5,0.358,0.376
2023-08-03T11:00,32.8,33.5,0.356,0.375
2023-08-03T12:00,33.5,34.4,0.352,0.374
2023-08-03T13:00,33.8,35.1,0.349,0.373
2023-08-03T14:00,34.2,35.7,0.345,0.371
2023-08-03T15:00,34.4,35.9,0.342,0.37
2023-08-03T16:00,34.5,35.8,0.339,0.369
2023-08-03T17:00,34.3,35.1,0.338,0.368
2023-08-03T18:00,33.9,34.2,0.337,0.368
2023-08-03T19:00,32.3,33.2,0.337,0.367
2023-08-03T20:00,32.2,33.2,0.341,0.37
2023-08-03T21:00,31.7,32.3,0.341,0.37
2023-08-03T22:00,30.9,31.6,0.341,0.369
2023-08-03T23:00,30.2,31.0,0.342,0.369
2023-08-04T00:00,29.5,30.6,0.342,0.369
2023-08-04T01:00,29.4,30.2,0.343,0.369
2023-08-04T02:00,29.7,30.0,0.343,0.368
2023-08-04T03:00,30.2,29.7,0.343,0.368
2023-08-04T04:00,28.7,29.5,0.344,0.368
2023-08-04T05:00,28.8,29.4,0.344,0.368
2023-08-04T06:00,29.0,29.2,0.345,0.367
2023-08-04T07:00,30.4,29.6,0.345,0.367
2023-08-04T08:00,31.4,31.4,0.343,0.366
2023-08-04T09:00,32.4,32.2,0.342,0.365
2023-08-04T10:00,33.4,33.2,0.339,0.364
2023-08-04T11:00,34.2,34.2,0.336,0.363
2023-08-04T12:00,34.8,35.0,0.333,0.362
2023-08-04T13:00,35.3,35.7,0.329,0.36
2023-08-04T14:00,35.5,36.2,0.325,0.359
2023-08-04T15:00,35.5,36.3,0.322,0.358
2023-08-04T16:00,35.5,36.2,0.319,0.357
2023-08-04T17:00,35.2,35.7,0.318,0.356
2023-08-04T18:00,34.8,34.8,0.317,0.355
2023-08-04T19:00,33.3,34.0,0.317,0.355
2023-08-04T20:00,32.2,33.9,0.314,0.351
2023-08-04T21:00,32.5,33.0,0.314,0.351
2023-08-04T22:00,31.5,32.3,0.315,0.35
2023-08-04T23:00,32.5,31.8,0.315,0.35
2023-08-05T00:00,32.4,31.3,0.316,0.35
2023-08-05T01:00,31.9,30.9,0.316,0.35
2023-08-05T02:00,30.4,30.6,0.317,0.349
2023-08-05T03:00,30.8,30.4,0.317,0.349
2023-08-05T04:00,31.2,30.1,0.318,0.349
2023-08-05T05:00,30.6,29.9,0.318,0.349
2023-08-05T06:00,29.9,29.7,0.319,0.349
2023-08-05T07:00,31.1,30.1,0.319,0.348
2023-08-05T08:00,32.0,32.0,0.319,0.348
2023-08-05T09:00,33.2,32.8,0.318,0.347
2023-08-05T10:00,34.2,33.8,0.315,0.346
2023-08-05T11:00,35.2,34.7,0.312,0.345
2023-08-05T12:00,35.7,35.5,0.308,0.344
2023-08-05T13:00,36.0,36.1,0.305,0.342
2023-08-05T14:00,36.3,36.5,0.301,0.341
2023-08-05T15:00,36.3,36.6,0.298,0.34
2023-08-05T16:00,36.0,36.3,0.295,0.339
2023-08-05T17:00,35.8,35.8,0.294,0.338
2023-08-05T18:00,35.0,35.0,0.293,0.337
2023-08-05T19:00,33.2,34.1,0.293,0.337
2023-08-05T20:00,32.5,34.0,0.296,0.338
2023-08-05T21:00,34.2,33.0,0.296,0.338
2023-08-05T22:00,33.8,32.3,0.297,0.337
2023-08-05T23:00,33.5,31.7,0.297,0.337
2023-08-06T00:00,32.8,31.2,0.298,0.337
2023-08-06T01:00,32.2,30.9,0.298,0.337
2023-08-06T02:00,31.0,30.5,0.299,0.337
2023-08-06T03:00,31.2,30.3,0.299,0.337
2023-08-06T04:00,31.6,30.1,0.3,0.336
2023-08-06T05:00,31.3,29.9,0.3,0.336
2023-08-06T06:00,29.4,29.8,0.301,0.336
2023-08-06T07:00,31.1,30.2,0.301,0.336
2023-08-06T08:00,30.8,30.9,0.299,0.334
2023-08-06T09:00,31.3,31.6,0.298,0.333
2023-08-06T10:00,32.8,32.7,0.296,0.333
2023-08-06T11:00,33.9,34.0,0.294,0.332
2023-08-06T12:00,33.8,35.0,0.293,0.33
2023-08-06T13:00,33.5,35.5,0.292,0.33
2023-08-06T14:00,31.7,35.5,0.312,0.329
2023-08-06T15:00,31.6,35.0,0.312,0.329
2023-08-06T16:00,32.3,35.0,0.31,0.328
2023-08-06T17:00,32.8,34.9,0.309,0.328
2023-08-06T18:00,32.5,34.2,0.308,0.327
2023-08-06T19:00,31.6,33.3,0.308,0.327
2023-08-06T20:00,30.4,32.8,0.291,0.325
2023-08-06T21:00,27.8,31.4,0.375,0.325
2023-08-06T22:00,28.5,30.3,0.375,0.326
2023-08-06T23:00,28.4,29.9,0.373,0.326
2023-08-07T00:00,28.5,29.6,0.372,0.327
2023-08-07T01:00,28.8,29.4,0.37,0.327
2023-08-07T02:00,28.5,29.2,0.369,0.328
2023-08-07T03:00,28.2,29.0,0.367,0.328
2023-08-07T04:00,28.0,28.8,0.366,0.329
2023-08-07T05:00,27.8,28.6,0.365,0.329
2023-08-07T06:00,27.7,28.5,0.364,0.33
2023-08-07T07:00,28.3,28.7,0.363,0.33
2023-08-07T08:00,29.8,31.1,0.293,0.322
2023-08-07T09:00,30.9,31.9,0.291,0.322
2023-08-07T10:00,32.0,32.8,0.289,0.321
2023-08-07T11:00,32.8,34.0,0.286,0.32
2023-08-07T12:00,33.3,34.8,0.283,0.319
2023-08-07T13:00,33.9,35.5,0.28,0.318
2023-08-07T14:00,34.0,35.8,0.277,0.316
2023-08-07T15:00,34.0,36.0,0.274,0.315
2023-08-07T16:00,33.8,35.8,0.272,0.315
2023-08-07T17:00,33.2,35.2,0.271,0.314
2023-08-07T18:00,31.3,33.8,0.309,0.314
2023-08-07T19:00,29.9,32.2,0.317,0.314
2023-08-07T20:00,30.6,32.1,0.281,0.311
2023-08-07T21:00,30.2,31.2,0.281,0.311
2023-08-07T22:00,29.9,30.6,0.282,0.311
2023-08-07T23:00,29.2,30.1,0.282,0.311
2023-08-08T00:00,28.8,29.8,0.282,0.311
2023-08-08T01:00,28.4,29.5,0.282,0.311
2023-08-08T02:00,28.0,29.2,0.282,0.311
2023-08-08T03:00,27.6,29.0,0.283,0.311
2023-08-08T04:00,27.4,28.8,0.283,0.311
2023-08-08T05:00,27.2,28.6,0.283,0.311
2023-08-08T06:00,27.1,28.5,0.283,0.311
2023-08-08T07:00,27.8,28.7,0.283,0.311
2023-08-08T08:00,29.1,30.0,0.282,0.31
2023-08-08T09:00,30.0,30.9,0.282,0.31
2023-08-08T10:00,30.5,31.8,0.281,0.31
2023-08-08T11:00,31.4,32.8,0.28,0.309
2023-08-08T12:00,32.0,33.9,0.278,0.308
2023-08-08T13:00,32.2,34.6,0.276,0.307
2023-08-08T14:00,32.9,35.0,0.276,0.307
2023-08-08T15:00,33.0,34.8,0.277,0.306
2023-08-08T16:00,31.4,34.2,0.298,0.306
2023-08-08T17:00,30.4,32.9,0.302,0.306
2023-08-08T18:00,31.0,32.4,0.302,0.306
2023-08-08T19:00,30.1,31.7,0.302,0.306
2023-08-08T20:00,30.8,32.3,0.263,0.296
2023-08-08T21:00,30.7,31.5,0.263,0.296
2023-08-08T22:00,29.9,30.9,0.263,0.296
2023-08-08T23:00,29.1,30.3,0.263,0.296
2023-08-09T00:00,28.5,29.9,0.263,0.296
2023-08-09T01:00,28.0,29.5,0.263,0.296
2023-08-09T02:00,27.6,29.1,0.263,0.296
2023-08-09T03:00,27.3,28.9,0.263,0.296
2023-08-09T04:00,27.0,28.6,0.263,0.296
2023-08-09T05:00,26.8,28.4,0.264,0.296
2023-08-09T06:00,26.6,28.2,0.264,0.296
2023-08-09T07:00,27.2,28.4,0.264,0.296
2023-08-09T08:00,28.4,29.7,0.268,0.296
2023-08-09T09:00,29.2,30.4,0.268,0.296
2023-08-09T10:00,30.1,31.2,0.267,0.295
2023-08-09T11:00,31.2,32.5,0.265,0.294
2023-08-09T12:00,32.0,33.7,0.263,0.294
2023-08-09T13:00,32.8,34.5,0.261,0.293
2023-08-09T14:00,33.3,35.0,0.258,0.292
2023-08-09T15:00,33.3,35.0,0.255,0.291
2023-08-09T16:00,33.3,34.8,0.252,0.29
2023-08-09T17:00,32.8,34.2,0.25,0.29
2023-08-09T18:00,32.1,33.4,0.25,0.289
2023-08-09T19:00,30.5,32.3,0.249,0.289
2023-08-09T20:00,29.8,31.8,0.249,0.289
2023-08-09T21:00,29.1,30.9,0.249,0.289
2023-08-09T22:00,28.4,30.1,0.249,0.289
2023-08-09T23:00,27.8,29.6,0.249,0.289
2023-08-10T00:00,27.2,29.1,0.249,0.289
2023-08-10T01:00,27.0,28.8,0.249,0.289
2023-08-10T02:00,26.8,28.5,0.249,0.289
2023-08-10T03:00,26.3,28.1,0.249,0.289
2023-08-10T04:00,26.0,27.9,0.249,0.289
2023-08-10T05:00,25.9,27.6,0.249,0.289
2023-08-10T06:00,25.6,27.4,0.25,0.289
2023-08-10T07:00,26.3,27.6,0.25,0.289
2023-08-10T08:00,27.8,28.8,0.249,0.288
2023-08-10T09:00,29.0,29.9,0.248,0.288
2023-08-10T10:00,30.1,31.0,0.246,0.287
2023-08-10T11:00,31.3,32.3,0.244,0.287
2023-08-10T12:00,32.2,33.2,0.241,0.286
2023-08-10T13:00,32.8,34.1,0.239,0.285
2023-08-10T14:00,33.0,34.3,0.237,0.284
2023-08-10T15:00,33.5,34.5,0.234,0.283
2023-08-10T16:00,33.4,34.5,0.232,0.282
2023-08-10T17:00,33.0,34.1,0.231,0.282
2023-08-10T18:00,32.2,33.3,0.23,0.282
2023-08-10T19:00,31.5,32.3,0.23,0.281
2023-08-10T20:00,30.0,32.0,0.23,0.282
2023-08-10T21:00,30.9,31.0,0.231,0.282
2023-08-10T22:00,29.5,30.2,0.231,0.282
2023-08-10T23:00,27.8,29.6,0.231,0.282
2023-08-11T00:00,27.4,29.1,0.232,0.282
2023-08-11T01:00,27.9,28.7,0.232,0.282
2023-08-11T02:00,27.0,28.4,0.232,0.282
2023-08-11T03:00,26.2,28.0,0.233,0.282
2023-08-11T04:00,26.0,27.7,0.233,0.282
2023-08-11T05:00,25.5,27.4,0.233,0.282
2023-08-11T06:00,25.5,27.1,0.233,0.282
2023-08-11T07:00,27.4,27.6,0.234,0.282
2023-08-11T08:00,29.1,29.3,0.233,0.282
2023-08-11T09:00,30.5,30.5,0.232,0.281
2023-08-11T10:00,31.8,31.9,0.231,0.281
2023-08-11T11:00,32.6,33.2,0.228,0.28
2023-08-11T12:00,33.2,34.3,0.226,0.279
2023-08-11T13:00,33.6,35.2,0.223,0.278
2023-08-11T14:00,33.9,35.9,0.221,0.277
2023-08-11T15:00,34.0,36.0,0.218,0.276
2023-08-11T16:00,33.8,35.8,0.217,0.275
2023-08-11T17:00,33.5,35.2,0.215,0.275
2023-08-11T18:00,32.7,34.2,0.215,0.274
2023-08-11T19:00,31.2,33.0,0.215,0.274
2023-08-11T20:00,31.2,33.2,0.215,0.275
2023-08-11T21:00,30.9,32.1,0.216,0.275
2023-08-11T22:00,29.6,31.2,0.216,0.275
2023-08-11T23:00,29.1,30.6,0.216,0.275
2023-08-12T00:00,29.0,30.1,0.216,0.275
2023-08-12T01:00,28.8,29.7,0.217,0.275
2023-08-12T02:00,28.5,29.4,0.217,0.275
2023-08-12T03:00,28.1,29.0,0.217,0.275
2023-08-12T04:00,27.6,28.8,0.218,0.275
2023-08-12T05:00,27.5,28.5,0.218,0.275
2023-08-12T06:00,27.4,28.3,0.218,0.275
2023-08-12T07:00,28.2,28.5,0.218,0.275
2023-08-12T08:00,29.5,30.0,0.218,0.275
2023-08-12T09:00,31.0,31.0,0.217,0.274
2023-08-12T10:00,32.3,32.3,0.216,0.274
2023-08-12T11:00,33.3,33.7,0.214,0.273
2023-08-12T12:00,34.0,34.9,0.212,0.272
2023-08-12T13:00,34.2,35.6,0.21,0.271
2023-08-12T14:00,34.5,36.3,0.208,0.27
2023-08-12T15:00,34.5,36.7,0.207,0.269
2023-08-12T16:00,31.7,36.2,0.211,0.269
2023-08-12T17:00,32.0,35.1,0.21,0.268
2023-08-12T18:00,32.2,34.4,0.21,0.268
2023-08-12T19:00,31.4,33.3,0.21,0.268
2023-08-12T20:00,31.5,32.8,0.209,0.266
2023-08-12T21:00,31.1,31.8,0.21,0.266
2023-08-12T22:00,27.0,30.6,0.286,0.266
2023-08-12T23:00,27.6,29.4,0.293,0.266
2023-08-13T00:00,27.5,29.0,0.293,0.266
2023-08-13T01:00,27.0,28.6,0.293,0.267
2023-08-13T02:00,26.8,28.5,0.293,0.267
2023-08-13T03:00,26.9,28.2,0.298,0.267
2023-08-13T04:00,26.7,28.0,0.31,0.267
2023-08-13T05:00,26.5,27.8,0.31,0.267
2023-08-13T06:00,26.2,27.5,0.31,0.268
2023-08-13T07:00,26.7,27.6,0.309,0.268
2023-08-13T08:00,27.5,28.5,0.257,0.266
2023-08-13T09:00,28.0,29.0,0.26,0.266
2023-08-13T10:00,27.1,29.7,0.315,0.266
2023-08-13T11:00,27.0,29.5,0.363,0.267
2023-08-13T12:00,28.2,30.0,0.409,0.268
2023-08-13T13:00,28.1,29.9,0.416,0.276
2023-08-13T14:00,29.4,30.2,0.406,0.28
2023-08-13T15:00,29.8,30.9,0.398,0.283
2023-08-13T16:00,30.5,31.5,0.39,0.284
2023-08-13T17:00,30.5,31.2,0.383,0.286
2023-08-13T18:00,30.4,30.9,0.378,0.287
2023-08-13T19:00,29.1,30.2,0.375,0.288
2023-08-13T20:00,28.5,30.3,0.256,0.264
2023-08-13T21:00,27.9,29.6,0.256,0.264
2023-08-13T22:00,27.2,29.1,0.256,0.264
2023-08-13T23:00,27.0,28.6,0.255,0.264
2023-08-14T00:00,26.6,28.2,0.255,0.264
2023-08-14T01:00,26.4,28.0,0.255,0.264
2023-08-14T02:00,26.3,27.7,0.255,0.264
2023-08-14T03:00,26.1,27.5,0.255,0.264
2023-08-14T04:00,26.0,27.3,0.255,0.264
2023-08-14T05:00,25.6,27.1,0.255,0.265
2023-08-14T06:00,25.5,27.0,0.255,0.265
2023-08-14T07:00,26.1,27.1,0.255,0.265
2023-08-14T08:00,27.0,28.4,0.254,0.264
2023-08-14T09:00,28.2,29.2,0.253,0.264
2023-08-14T10:00,29.2,30.5,0.251,0.264
2023-08-14T11:00,30.2,32.0,0.249,0.263
2023-08-14T12:00,31.0,33.3,0.246,0.263
2023-08-14T13:00,31.2,34.3,0.244,0.262
2023-08-14T14:00,31.5,34.9,0.241,0.261
2023-08-14T15:00,31.9,35.2,0.239,0.261
2023-08-14T16:00,32.2,35.1,0.237,0.26
2023-08-14T17:00,28.5,34.0,0.242,0.26
2023-08-14T18:00,28.5,32.0,0.244,0.26
2023-08-14T19:00,28.3,30.9,0.244,0.26
2023-08-14T20:00,27.6,31.8,0.234,0.258
2023-08-14T21:00,28.6,30.5,0.234,0.258
2023-08-14T22:00,28.7,29.6,0.234,0.258
2023-08-14T23:00,28.5,29.0,0.234,0.258
2023-08-15T00:00,27.1,28.5,0.234,0.258
2023-08-15T01:00,26.7,28.0,0.234,0.259
2023-08-15T02:00,26.5,27.7,0.234,0.259
2023-08-15T03:00,26.5,27.4,0.235,0.259
2023-08-15T04:00,25.8,27.1,0.235,0.259
2023-08-15T05:00,25.4,26.9,0.235,0.259
2023-08-15T06:00,25.1,26.6,0.235,0.259
2023-08-15T07:00,26.0,26.9,0.235,0.259
2023-08-15T08:00,27.4,28.4,0.234,0.258
2023-08-15T09:00,28.9,29.6,0.233,0.258
2023-08-15T10:00,30.2,31.2,0.231,0.258
2023-08-15T11:00,31.5,32.6,0.229,0.257
2023-08-15T12:00,32.3,33.8,0.226,0.256
2023-08-15T13:00,33.0,34.9,0.223,0.255
2023-08-15T14:00,33.5,35.5,0.22,0.254
2023-08-15T15:00,33.6,35.7,0.217,0.253
2023-08-15T16:00,33.7,35.4,0.215,0.253
2023-08-15T17:00,33.4,34.8,0.214,0.252
2023-08-15T18:00,32.2,33.7,0.213,0.252
2023-08-15T19:00,30.4,32.5,0.213,0.252
2023-08-15T20:00,28.9,31.9,0.212,0.251
2023-08-15T21:00,30.5,30.8,0.212,0.251
2023-08-15T22:00,30.1,30.0,0.213,0.251
2023-08-15T23:00,29.9,29.2,0.213,0.251
2023-08-16T00:00,28.0,28.6,0.213,0.251
2023-08-16T01:00,26.5,28.1,0.213,0.251
2023-08-16T02:00,27.1,27.8,0.213,0.252
2023-08-16T03:00,26.0,27.4,0.213,0.252
2023-08-16T04:00,25.4,27.1,0.213,0.252
2023-08-16T05:00,24.9,26.9,0.213,0.252
2023-08-16T06:00,25.0,26.6,0.214,0.252
2023-08-16T07:00,26.7,27.0,0.214,0.252
2023-08-16T08:00,28.0,28.2,0.213,0.252
2023-08-16T09:00,29.4,29.9,0.212,0.252
2023-08-16T10:00,30.8,31.6,0.211,0.251
2023-08-16T11:00,32.2,33.3,0.209,0.25
2023-08-16T12:00,33.2,34.5,0.207,0.25
2023-08-16T13:00,33.8,35.5,0.204,0.249
2023-08-16T14:00,34.2,36.2,0.202,0.248
2023-08-16T15:00,34.2,36.3,0.199,0.247
2023-08-16T16:00,34.2,36.0,0.198,0.246
2023-08-16T17:00,34.2,35.3,0.196,0.246
2023-08-16T18:00,34.0,34.4,0.196,0.246
2023-08-16T19:00,32.2,33.2,0.196,0.246
2023-08-16T20:00,29.0,32.5,0.194,0.244
2023-08-16T21:00,29.3,31.2,0.194,0.244
2023-08-16T22:00,28.4,30.3,0.194,0.244
2023-08-16T23:00,28.2,29.6,0.194,0.244
2023-08-17T00:00,28.0,29.1,0.194,0.244
2023-08-17T01:00,26.9,28.6,0.194,0.244
2023-08-17T02:00,26.5,28.2,0.194,0.244
2023-08-17T03:00,26.1,27.9,0.194,0.244
2023-08-17T04:00,26.0,27.5,0.194,0.244
2023-08-17T05:00,26.2,27.2,0.195,0.244
2023-08-17T06:00,25.6,27.0,0.195,0.244
2023-08-17T07:00,27.0,27.4,0.195,0.244
2023-08-17T08:00,28.8,29.0,0.194,0.243
2023-08-17T09:00,30.6,30.5,0.194,0.243
2023-08-17T10:00,32.2,32.2,0.192,0.243
2023-08-17T11:00,33.5,33.8,0.191,0.242
2023-08-17T12:00,34.2,35.0,0.189,0.241
2023-08-17T13:00,34.7,35.9,0.186,0.24
2023-08-17T14:00,35.0,36.5,0.184,0.239
2023-08-17T15:00,35.2,36.7,0.183,0.238
2023-08-17T16:00,35.2,36.5,0.181,0.238
2023-08-17T17:00,34.7,35.8,0.18,0.237
2023-08-17T18:00,34.1,34.9,0.18,0.237
2023-08-17T19:00,31.9,33.7,0.18,0.237
2023-08-17T20:00,30.6,33.3,0.179,0.236
2023-08-17T21:00,30.9,32.2,0.179,0.236
2023-08-17T22:00,30.1,31.5,0.179,0.236
2023-08-17T23:00,29.2,30.8,0.179,0.236
2023-08-18T00:00,29.0,30.3,0.179,0.236
2023-08-18T01:00,28.9,29.8,0.179,0.236
2023-08-18T02:00,28.4,29.5,0.179,0.236
2023-08-18T03:00,27.9,29.1,0.179,0.236
2023-08-18T04:00,27.4,28.8,0.179,0.236
2023-08-18T05:00,27.2,28.5,0.179,0.236
2023-08-18T06:00,26.9,28.2,0.18,0.236
2023-08-18T07:00,27.7,28.4,0.18,0.236
2023-08-18T08:00,28.8,30.1,0.179,0.235
2023-08-18T09:00,30.4,31.4,0.178,0.235
2023-08-18T10:00,31.9,32.9,0.177,0.234
2023-08-18T11:00,33.2,34.3,0.176,0.233
2023-08-18T12:00,33.8,35.5,0.174,0.233
2023-08-18T13:00,34.3,36.5,0.173,0.232
2023-08-18T14:00,34.5,37.0,0.172,0.231
2023-08-18T15:00,34.7,37.2,0.17,0.23
2023-08-18T16:00,34.5,37.0,0.169,0.23
2023-08-18T17:00,34.3,36.4,0.169,0.229
2023-08-18T18:00,33.6,35.3,0.168,0.229
2023-08-18T19:00,32.0,34.1,0.168,0.229
2023-08-18T20:00,31.1,33.7,0.167,0.228
2023-08-18T21:00,30.6,32.6,0.167,0.228
2023-08-18T22:00,30.0,31.8,0.167,0.228
2023-08-18T23:00,29.8,31.1,0.167,0.228
2023-08-19T00:00,29.2,30.5,0.167,0.229
2023-08-19T01:00,29.0,30.1,0.167,0.229
2023-08-19T02:00,28.3,29.8,0.167,0.229
2023-08-19T03:00,27.8,29.5,0.168,0.229
2023-08-19T04:00,27.5,29.1,0.168,0.229
2023-08-19T05:00,27.1,28.9,0.168,0.229
2023-08-19T06:00,27.0,28.5,0.168,0.229
2023-08-19T07:00,28.2,28.8,0.168,0.229
2023-08-19T08:00,29.5,30.5,0.167,0.228
2023-08-19T09:00,30.6,31.7,0.167,0.227
2023-08-19T10:00,31.7,33.2,0.166,0.227
2023-08-19T11:00,32.7,34.8,0.165,0.226
2023-08-19T12:00,33.5,36.0,0.164,0.225
2023-08-19T13:00,34.3,36.9,0.163,0.225
2023-08-19T14:00,34.5,37.3,0.162,0.224
2023-08-19T15:00,34.7,37.5,0.161,0.223
2023-08-19T16:00,34.7,37.3,0.16,0.222
2023-08-19T17:00,34.3,36.7,0.159,0.222
2023-08-19T18:00,33.6,35.6,0.159,0.222
2023-08-19T19:00,32.0,34.2,0.159,0.222
2023-08-19T20:00,31.0,33.2,0.161,0.223
2023-08-19T21:00,30.4,32.3,0.161,0.223
2023-08-19T22:00,30.1,31.6,0.161,0.223
2023-08-19T23:00,29.5,31.1,0.161,0.223
2023-08-20T00:00,28.9,30.6,0.161,0.223
2023-08-20T01:00,28.2,30.2,0.161,0.223
2023-08-20T02:00,27.6,29.8,0.161,0.223
2023-08-20T03:00,27.3,29.5,0.161,0.223
2023-08-20T04:00,27.0,29.1,0.161,0.223
2023-08-20T05:00,26.9,28.9,0.161,0.223
2023-08-20T06:00,26.7,28.6,0.161,0.223
2023-08-20T07:00,27.3,28.7,0.161,0.223
2023-08-20T08:00,28.5,30.0,0.161,0.223
2023-08-20T09:00,29.6,31.2,0.161,0.222
2023-08-20T10:00,30.7,32.7,0.161,0.222
2023-08-20T11:00,31.5,34.0,0.161,0.221
2023-08-20T12:00,32.2,35.2,0.161,0.221
2023-08-20T13:00,32.6,36.3,0.16,0.22
2023-08-20T14:00,32.7,37.2,0.16,0.219
2023-08-20T15:00,32.9,37.6,0.159,0.219
2023-08-20T16:00,32.5,37.3,0.159,0.218
2023-08-20T17:00,32.3,36.6,0.158,0.218
2023-08-20T18:00,32.0,35.5,0.158,0.218
2023-08-20T19:00,31.0,34.1,0.158,0.218
2023-08-20T20:00,29.1,31.9,0.164,0.22
2023-08-20T21:00,28.0,30.8,0.164,0.22
2023-08-20T22:00,27.7,30.1,0.164,0.22
2023-08-20T23:00,27.0,29.6,0.164,0.22
2023-08-21T00:00,27.0,29.2,0.165,0.22
2023-08-21T01:00,27.1,29.0,0.165,0.22
2023-08-21T02:00,27.3,28.9,0.166,0.221
2023-08-21T03:00,27.1,28.6,0.17,0.221
2023-08-21T04:00,27.0,28.3,0.17,0.221
2023-08-21T05:00,27.0,28.0,0.17,0.221
2023-08-21T06:00,27.0,27.9,0.17,0.221
2023-08-21T07:00,27.8,28.0,0.17,0.221
2023-08-21T08:00,27.8,28.5,0.171,0.221
2023-08-21T09:00,28.9,29.4,0.176,0.221
2023-08-21T10:00,29.9,30.1,0.18,0.221
2023-08-21T11:00,30.0,30.8,0.201,0.221
2023-08-21T12:00,28.2,30.8,0.332,0.221
2023-08-21T13:00,27.5,29.5,0.362,0.222
2023-08-21T14:00,28.4,29.6,0.365,0.223
2023-08-21T15:00,28.0,29.8,0.368,0.225
2023-08-21T16:00,27.4,29.4,0.369,0.226
2023-08-21T17:00,28.0,29.4,0.365,0.228
2023-08-21T18:00,28.0,29.1,0.363,0.229
2023-08-21T19:00,27.3,28.5,0.381,0.23
2023-08-21T20:00,26.5,27.1,0.372,0.229
2023-08-21T21:00,26.4,27.0,0.369,0.23
2023-08-21T22:00,26.2,26.9,0.365,0.232
2023-08-21T23:00,26.0,26.9,0.362,0.233
2023-08-22T00:00,25.6,26.7,0.36,0.234
2023-08-22T01:00,24.9,26.5,0.361,0.235
2023-08-22T02:00,24.5,26.1,0.376,0.236
2023-08-22T03:00,24.5,26.0,0.372,0.238
2023-08-22T04:00,24.5,25.9,0.368,0.239
2023-08-22T05:00,24.5,25.7,0.365,0.241
2023-08-22T06:00,24.4,25.6,0.361,0.242
2023-08-22T07:00,25.0,25.8,0.358,0.243
2023-08-22T08:00,26.2,26.6,0.376,0.269
2023-08-22T09:00,27.4,27.5,0.372,0.27
2023-08-22T10:00,28.6,28.7,0.367,0.271
2023-08-22T11:00,30.1,30.0,0.361,0.271
2023-08-22T12:00,31.2,31.1,0.355,0.271
2023-08-22T13:00,31.9,31.9,0.349,0.271
2023-08-22T14:00,32.4,32.5,0.343,0.271
2023-08-22T15:00,32.7,32.9,0.337,0.271
2023-08-22T16:00,32.5,32.9,0.332,0.27
2023-08-22T17:00,32.3,32.5,0.329,0.27
2023-08-22T18:00,31.4,31.8,0.327,0.27
2023-08-22T19:00,28.9,30.7,0.326,0.271
2023-08-22T20:00,27.9,30.2,0.325,0.271
2023-08-22T21:00,27.3,29.3,0.324,0.271
2023-08-22T22:00,27.1,28.6,0.323,0.271
2023-08-22T23:00,27.0,28.1,0.322,0.271
2023-08-23T00:00,26.2,27.7,0.322,0.272
2023-08-23T01:00,25.6,27.2,0.321,0.272
2023-08-23T02:00,25.0,26.9,0.32,0.272
2023-08-23T03:00,24.5,26.5,0.32,0.272
2023-08-23T04:00,24.0,26.1,0.319,0.273
2023-08-23T05:00,23.9,25.9,0.319,0.273
2023-08-23T06:00,24.1,25.6,0.318,0.273
2023-08-23T07:00,25.7,26.0,0.317,0.273
2023-08-23T08:00,26.6,27.6,0.316,0.273
2023-08-23T09:00,28.2,28.9,0.314,0.273
2023-08-23T10:00,29.7,30.3,0.311,0.273
2023-08-23T11:00,30.8,31.5,0.307,0.272
2023-08-23T12:00,31.7,32.7,0.303,0.271
2023-08-23T13:00,32.5,33.5,0.299,0.271
2023-08-23T14:00,32.9,34.0,0.294,0.27
2023-08-23T15:00,32.7,34.0,0.29,0.269
2023-08-23T16:00,32.3,33.6,0.287,0.269
2023-08-23T17:00,31.9,33.0,0.285,0.268
2023-08-23T18:00,30.8,32.0,0.284,0.268
2023-08-23T19:00,29.0,30.9,0.283,0.268
2023-08-23T20:00,30.6,30.6,0.283,0.269
2023-08-23T21:00,30.1,29.6,0.283,0.269
2023-08-23T22:00,26.9,28.8,0.282,0.269
2023-08-23T23:00,26.7,28.2,0.282,0.269
2023-08-24T00:00,27.0,27.8,0.282,0.269
2023-08-24T01:00,26.4,27.4,0.282,0.269
2023-08-24T02:00,26.3,27.1,0.282,0.269
2023-08-24T03:00,26.2,26.8,0.282,0.269
2023-08-24T04:00,25.5,26.5,0.282,0.269
2023-08-24T05:00,24.9,26.3,0.282,0.269
2023-08-24T06:00,24.9,26.1,0.282,0.27
2023-08-24T07:00,26.5,26.4,0.281,0.27
2023-08-24T08:00,27.6,27.6,0.281,0.27
2023-08-24T09:00,28.9,29.0,0.279,0.269
2023-08-24T10:00,30.0,30.4,0.277,0.269
2023-08-24T11:00,31.0,31.9,0.274,0.268
2023-08-24T12:00,31.8,33.2,0.27,0.267
2023-08-24T13:00,32.3,33.8,0.267,0.267
2023-08-24T14:00,32.7,34.4,0.263,0.266
2023-08-24T15:00,32.7,34.5,0.26,0.265
2023-08-24T16:00,32.5,34.2,0.257,0.264
2023-08-24T17:00,32.2,33.5,0.255,0.264
2023-08-24T18:00,31.2,32.5,0.254,0.264
2023-08-24T19:00,29.2,31.4,0.254,0.264
2023-08-24T20:00,29.5,30.6,0.254,0.264
2023-08-24T21:00,28.6,29.8,0.253,0.264
2023-08-24T22:00,28.2,29.2,0.253,0.264
2023-08-24T23:00,28.3,28.9,0.253,0.264
2023-08-25T00:00,27.5,28.5,0.253,0.264
2023-08-25T01:00,26.9,28.1,0.253,0.264
2023-08-25T02:00,26.6,27.9,0.253,0.264
2023-08-25T03:00,26.2,27.6,0.253,0.264
2023-08-25T04:00,25.6,27.3,0.253,0.264
2023-08-25T05:00,25.5,27.0,0.253,0.264
2023-08-25T06:00,25.5,26.9,0.253,0.264
2023-08-25T07:00,26.0,26.9,0.253,0.264
2023-08-25T08:00,26.7,27.4,0.252,0.263
2023-08-25T09:00,27.2,27.8,0.252,0.263
2023-08-25T10:00,28.1,28.4,0.251,0.263
2023-08-25T11:00,29.5,29.5,0.25,0.263
2023-08-25T12:00,30.2,30.2,0.248,0.262
2023-08-25T13:00,30.5,30.5,0.247,0.262
2023-08-25T14:00,29.9,30.2,0.246,0.262
2023-08-25T15:00,30.2,30.5,0.245,0.261
2023-08-25T16:00,30.9,31.2,0.243,0.261
2023-08-25T17:00,30.6,31.2,0.242,0.261
2023-08-25T18:00,29.4,30.5,0.241,0.26
2023-08-25T19:00,28.5,29.7,0.241,0.26
2023-08-25T20:00,28.0,29.4,0.245,0.263
2023-08-25T21:00,27.5,28.6,0.248,0.263
2023-08-25T22:00,27.5,28.1,0.248,0.263
2023-08-25T23:00,26.6,27.7,0.248,0.263
2023-08-26T00:00,26.4,27.4,0.248,0.263
2023-08-26T01:00,26.5,27.2,0.248,0.263
2023-08-26T02:00,25.9,26.9,0.251,0.263
2023-08-26T03:00,25.9,26.6,0.252,0.263
2023-08-26T04:00,25.4,26.2,0.252,0.263
2023-08-26T05:00,25.5,26.1,0.252,0.263
2023-08-26T06:00,25.8,26.0,0.252,0.263
2023-08-26T07:00,26.1,26.0,0.252,0.263
2023-08-26T08:00,28.1,28.0,0.245,0.263
2023-08-26T09:00,29.5,29.0,0.244,0.262
2023-08-26T10:00,30.3,29.9,0.242,0.262
2023-08-26T11:00,30.9,30.8,0.24,0.261
2023-08-26T12:00,31.3,31.4,0.241,0.261
2023-08-26T13:00,31.5,31.5,0.239,0.261
2023-08-26T14:00,32.6,32.6,0.237,0.26
2023-08-26T15:00,33.0,33.3,0.235,0.259
2023-08-26T16:00,33.0,33.5,0.233,0.259
2023-08-26T17:00,31.6,32.8,0.233,0.258
2023-08-26T18:00,30.6,31.9,0.232,0.258
2023-08-26T19:00,30.0,31.0,0.232,0.258
2023-08-26T20:00,28.9,31.2,0.231,0.258
2023-08-26T21:00,28.5,30.0,0.234,0.258
2023-08-26T22:00,27.5,28.9,0.253,0.258
2023-08-26T23:00,27.2,28.3,0.263,0.258
2023-08-27T00:00,26.5,27.7,0.297,0.258
2023-08-27T01:00,26.8,27.4,0.32,0.258
2023-08-27T02:00,26.8,27.2,0.322,0.259
2023-08-27T03:00,27.0,27.2,0.326,0.259
2023-08-27T04:00,27.0,27.1,0.338,0.259
2023-08-27T05:00,26.9,27.1,0.362,0.26
2023-08-27T06:00,26.7,27.0,0.401,0.261
2023-08-27T07:00,26.7,27.0,0.417,0.266
2023-08-27T08:00,27.0,27.1,0.413,0.274
2023-08-27T09:00,27.5,27.6,0.408,0.278
2023-08-27T10:00,28.0,28.0,0.407,0.281
2023-08-27T11:00,28.2,28.2,0.426,0.307
2023-08-27T12:00,27.3,28.1,0.423,0.333
2023-08-27T13:00,26.8,27.8,0.434,0.342
2023-08-27T14:00,25.4,27.5,0.42,0.348
2023-08-27T15:00,24.8,27.3,0.412,0.351
2023-08-27T16:00,25.1,27.4,0.406,0.353
2023-08-27T17:00,25.8,27.4,0.401,0.354
2023-08-27T18:00,24.9,27.1,0.397,0.354
2023-08-27T19:00,23.8,26.6,0.394,0.355
2023-08-27T20:00,23.0,25.2,0.411,0.338
2023-08-27T21:00,22.1,24.8,0.405,0.34
2023-08-27T22:00,21.6,24.5,0.4,0.341
2023-08-27T23:00,21.2,24.1,0.4,0.343
2023-08-28T00:00,20.9,23.4,0.4,0.344
2023-08-28T01:00,20.8,23.0,0.397,0.345
2023-08-28T02:00,20.9,22.9,0.393,0.346
2023-08-28T03:00,21.0,22.8,0.391,0.347
2023-08-28T04:00,21.1,22.8,0.389,0.348
2023-08-28T05:00,20.8,22.5,0.414,0.349
2023-08-28T06:00,21.1,22.1,0.425,0.352
2023-08-28T07:00,21.2,22.1,0.415,0.356
2023-08-28T08:00,21.0,22.3,0.401,0.354
2023-08-28T09:00,21.7,22.7,0.398,0.355
2023-08-28T10:00,22.1,23.2,0.394,0.355
2023-08-28T11:00,22.5,23.7,0.391,0.356
2023-08-28T12:00,23.0,24.1,0.387,0.356
2023-08-28T13:00,23.6,24.8,0.384,0.356
2023-08-28T14:00,24.6,25.2,0.38,0.356
2023-08-28T15:00,25.0,25.4,0.377,0.356
2023-08-28T16:00,25.1,25.5,0.375,0.355
2023-08-28T17:00,25.2,25.5,0.373,0.355
2023-08-28T18:00,24.8,25.3,0.371,0.355
2023-08-28T19:00,23.9,24.8,0.37,0.355
2023-08-28T20:00,23.2,24.7,0.37,0.355
2023-08-28T21:00,22.8,24.1,0.369,0.355
2023-08-28T22:00,22.4,23.8,0.369,0.355
2023-08-28T23:00,22.0,23.5,0.368,0.355
2023-08-29T00:00,22.1,23.2,0.367,0.355
2023-08-29T01:00,21.6,23.0,0.367,0.355
2023-08-29T02:00,21.4,22.8,0.366,0.355
2023-08-29T03:00,21.2,22.6,0.365,0.356
2023-08-29T04:00,21.0,22.5,0.365,0.356
2023-08-29T05:00,20.9,22.4,0.364,0.355
2023-08-29T06:00,20.7,22.2,0.364,0.355
2023-08-29T07:00,21.4,22.4,0.363,0.355
2023-08-29T08:00,22.9,23.6,0.363,0.356
2023-08-29T09:00,24.3,24.6,0.361,0.355
2023-08-29T10:00,25.1,25.5,0.359,0.355
2023-08-29T11:00,26.1,26.5,0.356,0.354
2023-08-29T12:00,26.6,27.4,0.353,0.353
2023-08-29T13:00,27.4,28.2,0.349,0.352
2023-08-29T14:00,28.2,28.9,0.345,0.351
2023-08-29T15:00,28.5,29.1,0.342,0.35
2023-08-29T16:00,28.5,29.0,0.339,0.349
2023-08-29T17:00,28.0,28.5,0.337,0.349
2023-08-29T18:00,26.6,27.8,0.336,0.348
2023-08-29T19:00,25.4,26.8,0.336,0.348
2023-08-29T20:00,24.8,26.7,0.336,0.348
2023-08-29T21:00,24.8,26.0,0.336,0.348
2023-08-29T22:00,24.4,25.5,0.336,0.348
2023-08-29T23:00,23.7,25.0,0.336,0.348
2023-08-30T00:00,23.2,24.6,0.336,0.347
2023-08-30T01:00,22.7,24.2,0.336,0.347
2023-08-30T02:00,22.2,23.9,0.336,0.347
2023-08-30T03:00,22.0,23.6,0.336,0.347
2023-08-30T04:00,21.8,23.5,0.336,0.347
2023-08-30T05:00,21.9,23.3,0.336,0.347
2023-08-30T06:00,21.8,23.1,0.336,0.347
2023-08-30T07:00,22.5,23.3,0.336,0.346
2023-08-30T08:00,23.5,24.2,0.336,0.346
2023-08-30T09:00,25.1,25.2,0.335,0.346
2023-08-30T10:00,25.9,26.0,0.333,0.345
2023-08-30T11:00,27.3,27.0,0.331,0.345
2023-08-30T12:00,28.2,28.0,0.328,0.344
2023-08-30T13:00,29.0,28.9,0.324,0.343
2023-08-30T14:00,29.0,29.0,0.322,0.342
2023-08-30T15:00,29.0,28.8,0.32,0.341
2023-08-30T16:00,29.2,28.8,0.318,0.34
2023-08-30T17:00,28.5,28.4,0.317,0.34
2023-08-30T18:00,27.6,27.9,0.316,0.339
2023-08-30T19:00,25.6,27.1,0.317,0.339
2023-08-30T20:00,24.2,26.5,0.319,0.339
2023-08-30T21:00,24.2,25.8,0.319,0.339
2023-08-30T22:00,23.5,25.2,0.319,0.339
2023-08-30T23:00,22.4,24.6,0.319,0.339
2023-08-31T00:00,22.2,24.1,0.32,0.339
2023-08-31T01:00,21.3,23.6,0.32,0.339
2023-08-31T02:00,21.3,23.2,0.32,0.338
2023-08-31T03:00,22.6,22.9,0.32,0.338
2023-08-31T04:00,21.4,22.6,0.321,0.338
2023-08-31T05:00,20.1,22.5,0.321,0.338
2023-08-31T06:00,20.2,22.5,0.321,0.338
2023-08-31T07:00,21.1,22.8,0.321,0.338
2023-08-31T08:00,22.0,24.0,0.321,0.338
2023-08-31T09:00,24.1,25.4,0.32,0.337
2023-08-31T10:00,25.9,26.9,0.318,0.337
2023-08-31T11:00,27.3,28.3,0.315,0.336
2023-08-31T12:00,28.2,29.5,0.312,0.334
2023-08-31T13:00,28.9,30.5,0.309,0.333
2023-08-31T14:00,29.4,31.1,0.305,0.332
2023-08-31T15:00,29.6,31.2,0.302,0.331
2023-08-31T16:00,29.4,30.9,0.3,0.33
2023-08-31T17:00,28.9,30.2,0.299,0.33
2023-08-31T18:00,27.9,29.2,0.298,0.329
2023-08-31T19:00,26.6,28.0,0.298,0.329
2023-08-31T20:00,28.2,27.6,0.296,0.327
2023-08-31T21:00,25.2,26.7,0.297,0.327
2023-08-31T22:00,24.9,26.0,0.297,0.327
2023-08-31T23:00,24.4,25.5,0.297,0.327
2023-09-01T00:00,23.4,25.1,0.297,0.327
2023-09-01T01:00,22.5,24.6,0.298,0.327
2023-09-01T02:00,22.0,24.2,0.298,0.326
2023-09-01T03:00,21.6,23.8,0.298,0.326
2023-09-01T04:00,21.5,23.5,0.299,0.326
2023-09-01T05:00,21.1,23.1,0.299,0.326
2023-09-01T06:00,20.6,22.9,0.299,0.326
2023-09-01T07:00,22.6,23.1,0.299,0.326
2023-09-01T08:00,24.2,25.1,0.299,0.325
2023-09-01T09:00,25.4,26.4,0.299,0.325
2023-09-01T10:00,26.5,27.9,0.297,0.324
2023-09-01T11:00,27.7,29.3,0.294,0.323
2023-09-01T12:00,28.6,30.5,0.291,0.322
2023-09-01T13:00,29.5,31.5,0.288,0.321
2023-09-01T14:00,30.1,32.0,0.285,0.32
2023-09-01T15:00,30.4,32.1,0.282,0.319
2023-09-01T16:00,30.5,31.8,0.28,0.318
2023-09-01T17:00,30.0,31.0,0.279,0.317
2023-09-01T18:00,28.3,29.9,0.278,0.317
2023-09-01T19:00,25.6,28.5,0.278,0.317
2023-09-01T20:00,26.5,28.6,0.276,0.315
2023-09-01T21:00,26.0,27.5,0.276,0.315
2023-09-01T22:00,25.2,26.8,0.277,0.315
2023-09-01T23:00,24.8,26.1,0.277,0.315
2023-09-02T00:00,24.0,25.6,0.277,0.314
2023-09-02T01:00,24.0,25.5,0.277,0.314
2023-09-02T02:00,23.0,25.0,0.277,0.314
2023-09-02T03:00,22.5,24.6,0.277,0.314
2023-09-02T04:00,22.7,24.5,0.278,0.314
2023-09-02T05:00,22.6,24.3,0.278,0.314
2023-09-02T06:00,22.5,24.2,0.278,0.314
2023-09-02T07:00,22.6,24.1,0.278,0.313
2023-09-02T08:00,23.5,24.5,0.278,0.313
2023-09-02T09:00,24.4,25.2,0.278,0.312
2023-09-02T10:00,25.3,26.0,0.277,0.312
2023-09-02T11:00,26.4,27.0,0.276,0.312
2023-09-02T12:00,26.2,27.1,0.275,0.311
2023-09-02T13:00,26.2,27.2,0.275,0.311
2023-09-02T14:00,26.5,27.1,0.274,0.31
2023-09-02T15:00,27.5,27.5,0.273,0.31
2023-09-02T16:00,27.9,27.8,0.272,0.309
2023-09-02T17:00,27.3,27.4,0.272,0.309
2023-09-02T18:00,26.6,27.0,0.272,0.309
2023-09-02T19:00,26.0,26.4,0.272,0.309
2023-09-02T20:00,25.7,27.1,0.265,0.305
2023-09-02T21:00,25.4,26.5,0.265,0.305
2023-09-02T22:00,24.8,26.0,0.265,0.305
2023-09-02T23:00,24.5,25.6,0.265,0.305
2023-09-03T00:00,24.1,25.2,0.266,0.305
2023-09-03T01:00,24.0,25.0,0.266,0.304
2023-09-03T02:00,23.8,24.8,0.266,0.304
2023-09-03T03:00,23.5,24.6,0.266,0.304
2023-09-03T04:00,23.2,24.5,0.266,0.304
2023-09-03T05:00,23.3,24.4,0.267,0.304
2023-09-03T06:00,23.1,24.2,0.267,0.304
2023-09-03T07:00,23.4,24.2,0.267,0.304
2023-09-03T08:00,23.6,24.0,0.268,0.304
2023-09-03T09:00,24.2,24.6,0.268,0.303
2023-09-03T10:00,25.1,25.4,0.267,0.303
2023-09-03T11:00,26.4,26.5,0.267,0.303
2023-09-03T12:00,27.3,27.2,0.266,0.302
2023-09-03T13:00,28.1,28.1,0.265,0.302
2023-09-03T14:00,28.2,28.3,0.264,0.301
2023-09-03T15:00,28.0,28.1,0.263,0.301
2023-09-03T16:00,28.0,28.0,0.263,0.301
2023-09-03T17:00,27.9,27.6,0.263,0.3
2023-09-03T18:00,26.9,27.2,0.263,0.3
2023-09-03T19:00,25.9,26.6,0.263,0.3
2023-09-03T20:00,23.4,25.8,0.263,0.299
2023-09-03T21:00,23.2,25.3,0.263,0.299
2023-09-03T22:00,23.1,25.0,0.263,0.299
2023-09-03T23:00,23.0,24.6,0.263,0.299
2023-09-04T00:00,22.9,24.5,0.263,0.299
2023-09-04T01:00,23.2,24.3,0.264,0.299
2023-09-04T02:00,23.1,24.1,0.264,0.299
2023-09-04T03:00,22.5,24.0,0.264,0.299
2023-09-04T04:00,22.6,23.9,0.265,0.299
2023-09-04T05:00,22.7,23.9,0.265,0.299
2023-09-04T06:00,22.2,23.7,0.265,0.298
2023-09-04T07:00,23.0,23.9,0.265,0.298
2023-09-04T08:00,23.9,24.5,0.265,0.298
2023-09-04T09:00,25.6,25.7,0.265,0.298
2023-09-04T10:00,26.0,26.3,0.264,0.297
2023-09-04T11:00,27.0,27.5,0.262,0.297
2023-09-04T12:00,26.7,27.7,0.261,0.296
2023-09-04T13:00,27.0,28.0,0.26,0.296
2023-09-04T14:00,26.8,27.9,0.26,0.296
2023-09-04T15:00,26.6,27.5,0.26,0.295
2023-09-04T16:00,27.0,27.4,0.26,0.295
2023-09-04T17:00,27.0,27.2,0.259,0.295
2023-09-04T18:00,26.7,27.0,0.259,0.295
2023-09-04T19:00,25.5,26.3,0.259,0.294
2023-09-04T20:00,25.8,27.4,0.255,0.292
2023-09-04T21:00,25.5,26.6,0.255,0.292
2023-09-04T22:00,24.8,26.0,0.255,0.292
2023-09-04T23:00,24.0,25.5,0.255,0.292
2023-09-05T00:00,23.8,25.1,0.255,0.292
2023-09-05T01:00,23.8,24.9,0.256,0.292
2023-09-05T02:00,23.6,24.6,0.256,0.292
2023-09-05T03:00,23.2,24.4,0.256,0.292
2023-09-05T04:00,23.0,24.1,0.256,0.292
2023-09-05T05:00,22.9,24.0,0.256,0.292
2023-09-05T06:00,22.9,23.9,0.257,0.292
2023-09-05T07:00,23.4,24.0,0.257,0.291
2023-09-05T08:00,24.4,24.6,0.256,0.291
2023-09-05T09:00,26.2,25.9,0.255,0.29
2023-09-05T10:00,28.0,27.4,0.254,0.29
2023-09-05T11:00,29.6,29.0,0.251,0.289
2023-09-05T12:00,30.7,30.4,0.249,0.288
2023-09-05T13:00,31.4,31.5,0.246,0.287
2023-09-05T14:00,31.8,32.0,0.244,0.286
2023-09-05T15:00,31.9,32.2,0.241,0.285
2023-09-05T16:00,31.8,32.0,0.24,0.284
2023-09-05T17:00,31.7,31.4,0.239,0.284
2023-09-05T18:00,30.3,30.5,0.238,0.284
2023-09-05T19:00,28.9,29.5,0.238,0.284
2023-09-05T20:00,27.6,28.4,0.241,0.284
2023-09-05T21:00,27.0,27.8,0.242,0.284
2023-09-05T22:00,26.4,27.3,0.242,0.284
2023-09-05T23:00,25.8,26.9,0.242,0.284
2023-09-06T00:00,25.5,26.5,0.242,0.284
2023-09-06T01:00,25.4,26.3,0.242,0.284
2023-09-06T02:00,25.1,26.0,0.243,0.284
2023-09-06T03:00,24.8,25.9,0.243,0.284
2023-09-06T04:00,24.5,25.6,0.243,0.284
2023-09-06T05:00,24.2,25.4,0.243,0.283
2023-09-06T06:00,24.0,25.2,0.243,0.283
2023-09-06T07:00,24.7,25.3,0.244,0.283
2023-09-06T08:00,26.2,26.9,0.243,0.283
2023-09-06T09:00,27.9,28.0,0.243,0.283
2023-09-06T10:00,29.4,29.2,0.241,0.282
2023-09-06T11:00,30.6,30.7,0.239,0.281
2023-09-06T12:00,31.7,32.0,0.237,0.28
2023-09-06T13:00,32.0,32.8,0.235,0.279
2023-09-06T14:00,32.2,33.2,0.233,0.278
2023-09-06T15:00,32.1,33.2,0.234,0.278
2023-09-06T16:00,32.1,33.0,0.232,0.277
2023-09-06T17:00,30.1,32.3,0.237,0.277
2023-09-06T18:00,28.6,30.8,0.239,0.277
2023-09-06T19:00,28.1,29.5,0.239,0.277
2023-09-06T20:00,25.7,29.5,0.232,0.276
2023-09-06T21:00,26.2,28.1,0.232,0.276
2023-09-06T22:00,26.1,27.4,0.232,0.276
2023-09-06T23:00,26.0,26.9,0.233,0.276
2023-09-07T00:00,25.8,26.5,0.233,0.276
2023-09-07T01:00,25.5,26.4,0.233,0.276
2023-09-07T02:00,25.4,26.1,0.233,0.276
2023-09-07T03:00,25.1,26.0,0.233,0.276
2023-09-07T04:00,24.9,25.8,0.234,0.276
2023-09-07T05:00,24.6,25.6,0.234,0.276
2023-09-07T06:00,24.4,25.4,0.234,0.276
2023-09-07T07:00,25.0,25.5,0.234,0.275
2023-09-07T08:00,26.2,26.9,0.234,0.275
2023-09-07T09:00,28.0,28.0,0.233,0.275
2023-09-07T10:00,29.5,29.5,0.232,0.274
2023-09-07T11:00,30.6,30.9,0.23,0.274
2023-09-07T12:00,31.4,32.0,0.228,0.273
2023-09-07T13:00,32.0,33.0,0.226,0.272
2023-09-07T14:00,32.2,33.6,0.224,0.271
2023-09-07T15:00,32.4,33.8,0.222,0.27
2023-09-07T16:00,32.3,33.5,0.22,0.269
2023-09-07T17:00,32.0,32.9,0.219,0.269
2023-09-07T18:00,30.9,31.9,0.219,0.269
2023-09-07T19:00,29.0,30.7,0.219,0.268
2023-09-07T20:00,29.1,30.5,0.218,0.268
2023-09-07T21:00,28.7,29.6,0.218,0.268
2023-09-07T22:00,27.9,29.0,0.218,0.268
2023-09-07T23:00,27.4,28.5,0.218,0.268
2023-09-08T00:00,27.2,28.1,0.219,0.267
2023-09-08T01:00,27.0,27.8,0.219,0.267
2023-09-08T02:00,26.4,27.5,0.219,0.267
2023-09-08T03:00,26.1,27.1,0.219,0.267
2023-09-08T04:00,26.0,26.9,0.219,0.267
2023-09-08T05:00,25.7,26.6,0.22,0.267
2023-09-08T06:00,25.4,26.4,0.22,0.267
2023-09-08T07:00,26.3,26.5,0.22,0.267
2023-09-08T08:00,27.6,27.8,0.22,0.267
2023-09-08T09:00,29.0,29.0,0.219,0.266
2023-09-08T10:00,30.1,30.3,0.218,0.266
2023-09-08T11:00,31.0,31.8,0.216,0.265
2023-09-08T12:00,31.7,33.0,0.214,0.264
2023-09-08T13:00,32.2,33.8,0.212,0.263
2023-09-08T14:00,32.5,34.3,0.21,0.262
2023-09-08T15:00,32.5,34.5,0.208,0.262
2023-09-08T16:00,32.4,34.2,0.207,0.261
2023-09-08T17:00,31.9,33.4,0.206,0.261
2023-09-08T18:00,30.8,32.3,0.206,0.26
2023-09-08T19:00,29.2,31.1,0.206,0.26
2023-09-08T20:00,28.6,31.0,0.203,0.259
2023-09-08T21:00,28.5,30.0,0.204,0.258
2023-09-08T22:00,29.4,29.2,0.204,0.258
2023-09-08T23:00,29.2,28.6,0.204,0.258
2023-09-09T00:00,27.0,28.2,0.204,0.258
2023-09-09T01:00,27.0,27.9,0.204,0.258
2023-09-09T02:00,27.0,27.6,0.205,0.258
2023-09-09T03:00,26.8,27.4,0.205,0.258
2023-09-09T04:00,26.3,27.1,0.205,0.258
2023-09-09T05:00,26.0,26.9,0.205,0.258
2023-09-09T06:00,25.7,26.7,0.205,0.258
2023-09-09T07:00,26.5,26.8,0.205,0.258
2023-09-09T08:00,27.9,28.1,0.205,0.257
2023-09-09T09:00,29.5,29.2,0.204,0.257
2023-09-09T10:00,30.9,30.6,0.203,0.257
2023-09-09T11:00,31.9,32.2,0.201,0.256
2023-09-09T12:00,32.8,33.7,0.199,0.255
2023-09-09T13:00,33.2,34.8,0.197,0.254
2023-09-09T14:00,33.7,35.5,0.195,0.253
2023-09-09T15:00,33.6,35.8,0.194,0.252
2023-09-09T16:00,33.7,35.4,0.193,0.252
2023-09-09T17:00,33.2,34.5,0.192,0.251
2023-09-09T18:00,31.9,33.3,0.192,0.251
2023-09-09T19:00,30.2,32.0,0.192,0.251
2023-09-09T20:00,30.6,32.0,0.188,0.248
2023-09-09T21:00,30.1,31.1,0.188,0.248
2023-09-09T22:00,29.5,30.5,0.188,0.248
2023-09-09T23:00,28.6,29.8,0.188,0.248
2023-09-10T00:00,27.5,29.2,0.188,0.248
2023-09-10T01:00,27.2,28.7,0.188,0.248
2023-09-10T02:00,27.1,28.3,0.189,0.248
2023-09-10T03:00,27.0,28.0,0.189,0.248
2023-09-10T04:00,26.4,27.6,0.189,0.248
2023-09-10T05:00,26.3,27.4,0.189,0.248
2023-09-10T06:00,26.0,27.1,0.189,0.247
2023-09-10T07:00,26.8,27.2,0.189,0.247
2023-09-10T08:00,28.4,28.7,0.189,0.247
2023-09-10T09:00,30.1,30.0,0.188,0.246
2023-09-10T10:00,31.5,31.5,0.187,0.246
2023-09-10T11:00,32.6,33.1,0.186,0.245
2023-09-10T12:00,33.3,34.5,0.184,0.244
2023-09-10T13:00,33.5,35.3,0.183,0.243
2023-09-10T14:00,33.5,35.7,0.182,0.243
2023-09-10T15:00,33.8,35.8,0.181,0.242
2023-09-10T16:00,33.2,35.3,0.181,0.241
2023-09-10T17:00,32.3,34.2,0.182,0.241
2023-09-10T18:00,31.5,33.0,0.182,0.241
2023-09-10T19:00,30.4,32.0,0.182,0.241
2023-09-10T20:00,29.1,30.8,0.184,0.242
2023-09-10T21:00,29.0,30.1,0.185,0.242
2023-09-10T22:00,28.7,29.7,0.185,0.242
2023-09-10T23:00,28.5,29.4,0.185,0.242
2023-09-11T00:00,28.0,29.0,0.185,0.242
2023-09-11T01:00,27.8,28.8,0.185,0.242
2023-09-11T02:00,27.2,28.5,0.185,0.242
2023-09-11T03:00,27.0,28.2,0.185,0.242
2023-09-11T04:00,26.9,28.0,0.185,0.241
2023-09-11T05:00,26.6,27.8,0.186,0.241
2023-09-11T06:00,26.3,27.6,0.186,0.241
2023-09-11T07:00,26.5,27.6,0.186,0.241
2023-09-11T08:00,27.9,27.9,0.186,0.242
2023-09-11T09:00,28.8,28.8,0.186,0.241
2023-09-11T10:00,29.8,30.0,0.185,0.241
2023-09-11T11:00,30.5,31.2,0.185,0.241
2023-09-11T12:00,30.5,31.6,0.185,0.24
2023-09-11T13:00,30.7,31.8,0.184,0.24
2023-09-11T14:00,30.8,32.5,0.183,0.24
2023-09-11T15:00,31.2,32.8,0.183,0.239
2023-09-11T16:00,30.5,32.6,0.182,0.239
2023-09-11T17:00,26.1,30.9,0.272,0.239
2023-09-11T18:00,26.0,29.3,0.288,0.239
2023-09-11T19:00,25.8,28.2,0.299,0.239
2023-09-11T20:00,25.1,27.2,0.435,0.273
2023-09-11T21:00,26.1,26.9,0.411,0.281
2023-09-11T22:00,26.4,26.8,0.402,0.284
2023-09-11T23:00,26.2,26.6,0.395,0.286
2023-09-12T00:00,25.9,26.5,0.389,0.288
2023-09-12T01:00,25.6,26.4,0.385,0.289
2023-09-12T02:00,25.5,26.2,0.383,0.291
2023-09-12T03:00,25.1,26.0,0.38,0.292
2023-09-12T04:00,24.9,25.8,0.377,0.293
2023-09-12T05:00,24.2,25.6,0.374,0.294
2023-09-12T06:00,23.9,25.4,0.372,0.295
2023-09-12T07:00,24.1,25.3,0.369,0.296
2023-09-12T08:00,25.1,25.3,0.384,0.338
2023-09-12T09:00,25.9,26.2,0.382,0.339
2023-09-12T10:00,25.8,26.8,0.406,0.34
2023-09-12T11:00,26.0,27.2,0.411,0.342
2023-09-12T12:00,25.5,27.0,0.407,0.344
2023-09-12T13:00,25.5,27.0,0.402,0.345
2023-09-12T14:00,25.4,27.0,0.398,0.346
2023-09-12T15:00,24.8,26.8,0.395,0.347
2023-09-12T16:00,24.4,26.3,0.396,0.348
2023-09-12T17:00,23.5,25.5,0.406,0.349
2023-09-12T18:00,23.3,25.0,0.405,0.351
2023-09-12T19:00,23.0,24.5,0.401,0.352
2023-09-12T20:00,22.1,23.1,0.394,0.345
2023-09-12T21:00,22.0,23.1,0.395,0.346
2023-09-12T22:00,21.9,23.0,0.409,0.347
2023-09-12T23:00,22.0,23.0,0.416,0.349
2023-09-13T00:00,21.9,22.9,0.425,0.352
2023-09-13T01:00,21.8,22.8,0.426,0.357
2023-09-13T02:00,21.7,22.7,0.428,0.362
2023-09-13T03:00,21.7,22.6,0.43,0.368
2023-09-13T04:00,21.6,22.5,0.427,0.373
2023-09-13T05:00,21.4,22.4,0.422,0.376
2023-09-13T06:00,21.5,22.2,0.416,0.378
2023-09-13T07:00,21.6,22.2,0.411,0.379
2023-09-13T08:00,21.8,21.7,0.413,0.387
2023-09-13T09:00,22.8,22.5,0.409,0.388
2023-09-13T10:00,24.1,23.5,0.406,0.388
2023-09-13T11:00,24.9,24.2,0.402,0.387
2023-09-13T12:00,24.5,24.5,0.4,0.387
2023-09-13T13:00,24.6,24.9,0.397,0.387
2023-09-13T14:00,24.9,25.2,0.395,0.386
2023-09-13T15:00,25.1,25.4,0.392,0.386
2023-09-13T16:00,25.3,25.6,0.39,0.385
2023-09-13T17:00,25.1,25.5,0.389,0.385
2023-09-13T18:00,24.7,25.1,0.388,0.385
2023-09-13T19:00,24.0,24.7,0.387,0.384
2023-09-13T20:00,23.1,24.1,0.396,0.387
2023-09-13T21:00,23.0,23.8,0.394,0.387
2023-09-13T22:00,22.7,23.6,0.393,0.387
2023-09-13T23:00,22.5,23.4,0.392,0.386
2023-09-14T00:00,22.1,23.2,0.391,0.386
2023-09-14T01:00,21.7,23.0,0.39,0.386
2023-09-14T02:00,21.6,22.9,0.39,0.386
2023-09-14T03:00,21.3,22.7,0.389,0.385
2023-09-14T04:00,21.1,22.5,0.388,0.385
2023-09-14T05:00,21.0,22.4,0.387,0.385
2023-09-14T06:00,20.8,22.2,0.387,0.384
2023-09-14T07:00,21.2,22.3,0.386,0.384
2023-09-14T08:00,22.2,22.6,0.386,0.384
2023-09-14T09:00,23.5,23.6,0.384,0.383
2023-09-14T10:00,25.1,25.0,0.382,0.383
2023-09-14T11:00,26.5,26.5,0.379,0.382
2023-09-14T12:00,27.1,27.8,0.376,0.38
2023-09-14T13:00,27.4,28.1,0.375,0.38
2023-09-14T14:00,27.6,28.6,0.374,0.379
2023-09-14T15:00,28.1,29.0,0.371,0.378
2023-09-14T16:00,28.2,29.0,0.368,0.377
2023-09-14T17:00,27.9,28.4,0.367,0.376
2023-09-14T18:00,26.6,27.6,0.366,0.375
2023-09-14T19:00,25.0,26.6,0.366,0.375
2023-09-14T20:00,26.0,26.2,0.366,0.375
2023-09-14T21:00,24.8,25.5,0.365,0.374
2023-09-14T22:00,24.2,25.0,0.365,0.374
2023-09-14T23:00,23.1,24.5,0.365,0.374
2023-09-15T00:00,23.0,24.1,0.365,0.374
2023-09-15T01:00,22.5,23.9,0.365,0.373
2023-09-15T02:00,23.5,23.6,0.365,0.373
2023-09-15T03:00,23.5,23.4,0.365,0.373
2023-09-15T04:00,23.1,23.2,0.365,0.372
2023-09-15T05:00,22.1,23.0,0.365,0.372
2023-09-15T06:00,22.0,23.0,0.365,0.372
2023-09-15T07:00,22.8,23.2,0.365,0.371
2023-09-15T08:00,23.8,24.0,0.364,0.371
2023-09-15T09:00,24.9,25.4,0.363,0.37
2023-09-15T10:00,26.0,26.9,0.362,0.37
2023-09-15T11:00,27.0,28.2,0.359,0.369
2023-09-15T12:00,27.7,29.4,0.357,0.368
2023-09-15T13:00,28.3,30.3,0.354,0.367
2023-09-15T14:00,28.6,30.9,0.351,0.366
2023-09-15T15:00,28.8,31.1,0.348,0.365
2023-09-15T16:00,28.8,31.0,0.346,0.364
2023-09-15T17:00,28.5,30.3,0.345,0.363
2023-09-15T18:00,27.4,29.2,0.346,0.363
2023-09-15T19:00,26.0,28.0,0.346,0.362
2023-09-15T20:00,25.3,28.1,0.343,0.361
2023-09-15T21:00,25.1,27.0,0.344,0.361
2023-09-15T22:00,24.6,26.1,0.344,0.36
2023-09-15T23:00,23.6,25.5,0.344,0.36
2023-09-16T00:00,23.5,25.0,0.344,0.36
2023-09-16T01:00,23.0,24.7,0.344,0.36
2023-09-16T02:00,23.0,24.4,0.344,0.359
2023-09-16T03:00,22.6,24.2,0.345,0.359
2023-09-16T04:00,22.7,24.0,0.345,0.359
2023-09-16T05:00,22.2,23.8,0.345,0.359
2023-09-16T06:00,22.0,23.6,0.345,0.358
2023-09-16T07:00,23.4,23.8,0.345,0.358
2023-09-16T08:00,24.8,25.2,0.345,0.358
2023-09-16T09:00,25.9,26.5,0.344,0.357
2023-09-16T10:00,27.2,28.0,0.342,0.357
2023-09-16T11:00,28.3,29.5,0.34,0.356
2023-09-16T12:00,29.0,30.6,0.337,0.355
2023-09-16T13:00,29.5,31.5,0.334,0.353
2023-09-16T14:00,29.9,32.0,0.331,0.352
2023-09-16T15:00,30.0,32.1,0.329,0.351
2023-09-16T16:00,30.0,31.9,0.327,0.351
2023-09-16T17:00,29.8,31.2,0.326,0.35
2023-09-16T18:00,29.4,30.1,0.326,0.35
2023-09-16T19:00,28.5,28.9,0.326,0.349
2023-09-16T20:00,28.9,29.0,0.323,0.347
2023-09-16T21:00,26.5,28.0,0.323,0.347
2023-09-16T22:00,25.7,27.2,0.323,0.347
2023-09-16T23:00,25.1,26.5,0.324,0.346
2023-09-17T00:00,24.9,26.0,0.324,0.346
2023-09-17T01:00,24.2,25.6,0.324,0.346
2023-09-17T02:00,24.2,25.4,0.324,0.346
2023-09-17T03:00,24.4,25.1,0.325,0.345
2023-09-17T04:00,24.2,25.0,0.325,0.345
2023-09-17T05:00,24.0,24.9,0.325,0.345
2023-09-17T06:00,23.8,24.7,0.325,0.345
2023-09-17T07:00,24.4,24.8,0.325,0.345
2023-09-17T08:00,25.6,26.0,0.324,0.344
2023-09-17T09:00,27.4,27.1,0.323,0.343
2023-09-17T10:00,29.1,28.5,0.322,0.343
2023-09-17T11:00,30.5,29.9,0.319,0.342
2023-09-17T12:00,31.0,30.8,0.316,0.341
2023-09-17T13:00,31.5,31.6,0.313,0.339
2023-09-17T14:00,31.6,32.0,0.31,0.338
2023-09-17T15:00,31.6,32.2,0.307,0.337
2023-09-17T16:00,31.6,32.0,0.305,0.336
2023-09-17T17:00,31.2,31.4,0.304,0.336
2023-09-17T18:00,29.5,30.4,0.304,0.335
2023-09-17T19:00,28.1,29.2,0.304,0.335
2023-09-17T20:00,28.4,29.9,0.302,0.334
2023-09-17T21:00,28.3,29.0,0.303,0.333
2023-09-17T22:00,28.1,28.3,0.303,0.333
2023-09-17T23:00,27.6,27.9,0.303,0.333
2023-09-18T00:00,27.1,27.5,0.303,0.333
2023-09-18T01:00,27.1,27.3,0.304,0.332
2023-09-18T02:00,26.8,27.1,0.304,0.332
2023-09-18T03:00,26.5,26.9,0.304,0.332
2023-09-18T04:00,26.3,26.7,0.304,0.332
2023-09-18T05:00,26.2,26.6,0.305,0.332
2023-09-18T06:00,26.1,26.5,0.305,0.331
2023-09-18T07:00,26.5,26.5,0.305,0.331
2023-09-18T08:00,27.5,27.0,0.305,0.331
2023-09-18T09:00,29.1,28.1,0.304,0.331
2023-09-18T10:00,30.8,29.3,0.303,0.33
2023-09-18T11:00,32.2,30.6,0.3,0.329
2023-09-18T12:00,33.1,31.8,0.297,0.328
2023-09-18T13:00,33.5,32.6,0.294,0.327
2023-09-18T14:00,33.3,32.9,0.292,0.326
2023-09-18T15:00,32.9,32.6,0.29,0.325
2023-09-18T16:00,32.5,32.0,0.289,0.324
2023-09-18T17:00,32.5,31.5,0.289,0.324
2023-09-18T18:00,30.8,30.9,0.289,0.324
2023-09-18T19:00,29.5,30.0,0.289,0.324
2023-09-18T20:00,29.4,31.0,0.288,0.324
2023-09-18T21:00,29.4,30.0,0.288,0.323
2023-09-18T22:00,28.9,29.3,0.288,0.323
2023-09-18T23:00,28.2,28.9,0.288,0.323
2023-09-19T00:00,28.0,28.5,0.289,0.323
2023-09-19T01:00,27.7,28.1,0.289,0.323
2023-09-19T02:00,27.4,27.9,0.289,0.322
2023-09-19T03:00,27.3,27.7,0.29,0.322
2023-09-19T04:00,27.2,27.5,0.29,0.322
2023-09-19T05:00,27.1,27.4,0.29,0.322
2023-09-19T06:00,27.2,27.4,0.29,0.322
2023-09-19T07:00,27.5,27.4,0.291,0.322
2023-09-19T08:00,28.5,27.7,0.29,0.322
2023-09-19T09:00,30.5,28.9,0.289,0.321
2023-09-19T10:00,31.9,30.1,0.288,0.321
2023-09-19T11:00,33.2,31.4,0.286,0.32
2023-09-19T12:00,33.2,32.4,0.283,0.319
2023-09-19T13:00,33.0,32.7,0.28,0.318
2023-09-19T14:00,33.8,33.0,0.278,0.317
2023-09-19T15:00,34.2,33.2,0.275,0.316
2023-09-19T16:00,33.8,33.0,0.274,0.315
2023-09-19T17:00,33.1,32.4,0.273,0.314
2023-09-19T18:00,31.4,31.6,0.272,0.314
2023-09-19T19:00,29.9,30.8,0.273,0.314
2023-09-19T20:00,29.4,31.1,0.273,0.314
2023-09-19T21:00,29.4,30.2,0.274,0.314
2023-09-19T22:00,28.9,29.6,0.274,0.314
2023-09-19T23:00,27.5,28.8,0.424,0.314
2023-09-20T00:00,26.8,28.0,0.419,0.322
2023-09-20T01:00,25.1,27.3,0.434,0.339
2023-09-20T02:00,25.2,26.9,0.427,0.355
2023-09-20T03:00,25.2,26.6,0.418,0.358
2023-09-20T04:00,24.9,26.4,0.422,0.361
2023-09-20T05:00,23.6,25.9,0.425,0.363
2023-09-20T06:00,22.6,25.1,0.425,0.373
2023-09-20T07:00,22.3,24.5,0.418,0.376
2023-09-20T08:00,22.5,23.6,0.372,0.317
2023-09-20T09:00,23.0,24.5,0.37,0.317
2023-09-20T10:00,23.1,25.4,0.367,0.317
2023-09-20T11:00,24.1,26.5,0.363,0.317
2023-09-20T12:00,24.4,27.1,0.36,0.317
2023-09-20T13:00,25.0,27.4,0.357,0.317
2023-09-20T14:00,25.1,27.5,0.354,0.317
2023-09-20T15:00,25.0,27.3,0.352,0.317
2023-09-20T16:00,25.0,27.0,0.35,0.317
2023-09-20T17:00,25.0,26.6,0.349,0.317
2023-09-20T18:00,24.8,26.2,0.347,0.317
2023-09-20T19:00,24.8,26.0,0.346,0.318
2023-09-20T20:00,23.5,23.9,0.352,0.321
2023-09-20T21:00,23.5,24.0,0.351,0.321
2023-09-20T22:00,23.4,24.1,0.351,0.321
2023-09-20T23:00,23.1,24.0,0.353,0.321
2023-09-21T00:00,22.5,23.7,0.36,0.321
2023-09-21T01:00,22.4,23.4,0.381,0.322
2023-09-21T02:00,22.4,23.3,0.411,0.323
2023-09-21T03:00,22.2,23.2,0.417,0.327
2023-09-21T04:00,22.2,23.1,0.418,0.33
2023-09-21T05:00,22.2,23.1,0.425,0.335
2023-09-21T06:00,22.1,23.0,0.43,0.341
2023-09-21T07:00,22.0,22.9,0.437,0.354
2023-09-21T08:00,21.3,22.2,0.435,0.363
2023-09-21T09:00,20.5,22.1,0.438,0.378
2023-09-21T10:00,20.5,22.2,0.434,0.391
2023-09-21T11:00,20.7,22.4,0.429,0.395
2023-09-21T12:00,21.1,22.6,0.429,0.398
2023-09-21T13:00,21.1,22.7,0.432,0.401
2023-09-21T14:00,22.4,23.8,0.424,0.403
2023-09-21T15:00,22.0,24.1,0.418,0.403
2023-09-21T16:00,22.0,24.0,0.414,0.403
2023-09-21T17:00,21.8,23.8,0.411,0.403
2023-09-21T18:00,21.5,23.4,0.41,0.403
2023-09-21T19:00,21.1,23.0,0.408,0.402
2023-09-21T20:00,19.9,21.1,0.425,0.419
2023-09-21T21:00,20.0,21.1,0.421,0.418
2023-09-21T22:00,20.0,21.2,0.419,0.417
2023-09-21T23:00,19.8,21.2,0.416,0.416
2023-09-22T00:00,19.5,21.2,0.414,0.415
2023-09-22T01:00,19.4,21.2,0.412,0.414
2023-09-22T02:00,19.2,21.1,0.411,0.413
2023-09-22T03:00,19.0,21.0,0.409,0.412
2023-09-22T04:00,18.9,21.0,0.408,0.411
2023-09-22T05:00,18.9,21.0,0.407,0.41
2023-09-22T06:00,18.9,20.9,0.405,0.409
2023-09-22T07:00,19.0,21.0,0.404,0.408
2023-09-22T08:00,19.1,20.5,0.421,0.415
2023-09-22T09:00,20.0,21.4,0.419,0.414
2023-09-22T10:00,20.5,22.1,0.416,0.413
2023-09-22T11:00,22.0,23.7,0.413,0.412
2023-09-22T12:00,23.0,25.0,0.41,0.411
2023-09-22T13:00,23.4,25.4,0.407,0.41
2023-09-22T14:00,23.9,25.9,0.404,0.409
2023-09-22T15:00,24.1,25.9,0.402,0.407
2023-09-22T16:00,24.1,25.6,0.4,0.406
2023-09-22T17:00,23.9,25.1,0.399,0.406
2023-09-22T18:00,23.5,24.5,0.398,0.405
2023-09-22T19:00,23.1,24.1,0.397,0.404
2023-09-22T20:00,21.6,22.6,0.41,0.408
2023-09-22T21:00,21.5,22.5,0.408,0.407
2023-09-22T22:00,21.5,22.4,0.407,0.407
2023-09-22T23:00,21.5,22.4,0.407,0.406
2023-09-23T00:00,21.4,22.2,0.413,0.405
2023-09-23T01:00,21.5,22.1,0.412,0.405
2023-09-23T02:00,21.1,22.0,0.413,0.405
2023-09-23T03:00,21.0,21.9,0.413,0.405
2023-09-23T04:00,20.9,21.8,0.412,0.405
2023-09-23T05:00,20.9,21.6,0.412,0.404
2023-09-23T06:00,20.9,21.6,0.41,0.404
2023-09-23T07:00,21.0,21.6,0.411,0.404
2023-09-23T08:00,21.6,21.0,0.412,0.407
2023-09-23T09:00,22.2,22.0,0.41,0.407
2023-09-23T10:00,22.9,23.0,0.408,0.406
2023-09-23T11:00,24.1,24.2,0.406,0.405
2023-09-23T12:00,24.6,24.8,0.404,0.404
2023-09-23T13:00,24.9,25.1,0.403,0.403
2023-09-23T14:00,24.8,25.1,0.401,0.403
2023-09-23T15:00,25.0,25.2,0.4,0.402
2023-09-23T16:00,25.0,25.1,0.398,0.401
2023-09-23T17:00,25.0,25.0,0.397,0.401
2023-09-23T18:00,24.4,24.6,0.396,0.4
2023-09-23T19:00,23.7,24.3,0.396,0.4
2023-09-23T20:00,22.0,22.4,0.413,0.407
2023-09-23T21:00,21.4,22.4,0.411,0.407
2023-09-23T22:00,21.3,22.4,0.409,0.407
2023-09-23T23:00,21.1,22.4,0.408,0.406
2023-09-24T00:00,21.0,22.4,0.406,0.406
2023-09-24T01:00,21.0,22.3,0.405,0.405
2023-09-24T02:00,21.1,22.3,0.404,0.405
2023-09-24T03:00,21.1,22.4,0.403,0.404
2023-09-24T04:00,21.1,22.4,0.402,0.403
2023-09-24T05:00,21.0,22.3,0.401,0.403
2023-09-24T06:00,20.9,22.3,0.4,0.402
2023-09-24T07:00,21.0,22.3,0.399,0.402
2023-09-24T08:00,21.5,21.8,0.405,0.404
2023-09-24T09:00,22.1,22.8,0.403,0.403
2023-09-24T10:00,23.4,24.0,0.401,0.402
2023-09-24T11:00,24.4,25.2,0.399,0.402
2023-09-24T12:00,25.5,26.4,0.396,0.401
2023-09-24T13:00,26.2,27.2,0.394,0.4
2023-09-24T14:00,26.1,27.4,0.392,0.399
2023-09-24T15:00,25.5,27.3,0.39,0.398
2023-09-24T16:00,25.2,27.0,0.388,0.397
2023-09-24T17:00,24.9,26.6,0.387,0.396
2023-09-24T18:00,24.0,25.9,0.386,0.396
2023-09-24T19:00,23.2,25.2,0.386,0.395
2023-09-24T20:00,22.0,23.5,0.391,0.398
2023-09-24T21:00,21.4,23.4,0.39,0.398
2023-09-24T22:00,21.0,23.1,0.39,0.397
2023-09-24T23:00,21.0,23.0,0.389,0.397
2023-09-25T00:00,20.9,22.9,0.389,0.396
2023-09-25T01:00,20.9,22.9,0.388,0.396
2023-09-25T02:00,20.9,22.8,0.388,0.395
2023-09-25T03:00,20.8,22.6,0.387,0.395
2023-09-25T04:00,20.7,22.6,0.387,0.394
2023-09-25T05:00,20.6,22.5,0.386,0.394
2023-09-25T06:00,20.5,22.5,0.386,0.394
2023-09-25T07:00,20.5,22.4,0.386,0.393
2023-09-25T08:00,20.8,21.9,0.387,0.394
2023-09-25T09:00,21.5,22.6,0.387,0.393
2023-09-25T10:00,22.4,23.6,0.385,0.393
2023-09-25T11:00,24.5,25.0,0.383,0.392
2023-09-25T12:00,25.6,26.1,0.381,0.391
2023-09-25T13:00,26.1,27.0,0.379,0.39
2023-09-25T14:00,26.3,27.5,0.378,0.389
2023-09-25T15:00,25.6,27.3,0.376,0.389
2023-09-25T16:00,25.6,27.0,0.375,0.388
2023-09-25T17:00,25.4,26.6,0.374,0.387
2023-09-25T18:00,24.5,26.0,0.374,0.387
2023-09-25T19:00,23.9,25.4,0.374,0.386
2023-09-25T20:00,22.2,23.5,0.378,0.387
2023-09-25T21:00,21.2,23.2,0.378,0.387
2023-09-25T22:00,20.6,23.0,0.377,0.387
2023-09-25T23:00,20.1,22.6,0.377,0.386
2023-09-26T00:00,19.9,22.4,0.377,0.386
2023-09-26T01:00,19.6,22.1,0.377,0.386
2023-09-26T02:00,19.4,22.0,0.377,0.385
2023-09-26T03:00,19.2,21.8,0.376,0.385
2023-09-26T04:00,19.1,21.6,0.376,0.385
2023-09-26T05:00,19.1,21.5,0.376,0.384
2023-09-26T06:00,19.5,21.6,0.376,0.384
2023-09-26T07:00,19.9,21.8,0.375,0.384
2023-09-26T08:00,20.3,21.8,0.376,0.383
2023-09-26T09:00,21.8,23.0,0.375,0.383
2023-09-26T10:00,23.5,24.5,0.373,0.382
2023-09-26T11:00,25.0,26.1,0.371,0.381
2023-09-26T12:00,25.9,27.1,0.369,0.381
2023-09-26T13:00,26.6,27.8,0.366,0.38
2023-09-26T14:00,26.9,27.9,0.365,0.379
2023-09-26T15:00,27.0,27.9,0.363,0.378
2023-09-26T16:00,27.0,27.5,0.362,0.378
2023-09-26T17:00,26.4,27.0,0.361,0.377
2023-09-26T18:00,25.1,26.4,0.36,0.377
2023-09-26T19:00,23.5,25.5,0.361,0.376
2023-09-26T20:00,22.3,24.0,0.366,0.378
2023-09-26T21:00,21.8,23.7,0.366,0.378
2023-09-26T22:00,21.3,23.4,0.366,0.378
2023-09-26T23:00,21.0,23.1,0.366,0.378
2023-09-27T00:00,20.6,22.9,0.366,0.377
2023-09-27T01:00,20.4,22.6,0.366,0.377
2023-09-27T02:00,20.0,22.4,0.366,0.377
2023-09-27T03:00,19.8,22.1,0.366,0.377
2023-09-27T04:00,19.6,22.0,0.366,0.376
2023-09-27T05:00,19.5,21.8,0.366,0.376
2023-09-27T06:00,19.6,21.8,0.366,0.376
2023-09-27T07:00,20.1,21.9,0.365,0.376
2023-09-27T08:00,21.4,22.4,0.366,0.376
2023-09-27T09:00,23.4,23.9,0.365,0.376
2023-09-27T10:00,25.0,25.5,0.364,0.375
2023-09-27T11:00,26.5,27.2,0.361,0.374
2023-09-27T12:00,27.1,28.2,0.359,0.373
2023-09-27T13:00,27.2,28.1,0.357,0.372
2023-09-27T14:00,27.5,28.2,0.356,0.372
2023-09-27T15:00,27.7,28.1,0.355,0.371
2023-09-27T16:00,27.5,27.8,0.354,0.371
2023-09-27T17:00,27.4,27.4,0.353,0.37
2023-09-27T18:00,26.3,26.8,0.353,0.37
2023-09-27T19:00,25.2,26.1,0.353,0.37
2023-09-27T20:00,25.1,25.4,0.358,0.373
2023-09-27T21:00,24.8,25.1,0.358,0.372
2023-09-27T22:00,24.6,25.0,0.358,0.372
2023-09-27T23:00,24.1,24.8,0.358,0.372
2023-09-28T00:00,23.7,24.5,0.358,0.372
2023-09-28T01:00,22.8,24.1,0.358,0.371
2023-09-28T02:00,22.5,23.9,0.358,0.371
2023-09-28T03:00,22.1,23.6,0.358,0.371
2023-09-28T04:00,21.8,23.4,0.358,0.371
2023-09-28T05:00,21.5,23.2,0.358,0.37
2023-09-28T06:00,21.2,23.0,0.358,0.37
2023-09-28T07:00,21.5,23.0,0.358,0.37
2023-09-28T08:00,22.4,23.2,0.359,0.37
2023-09-28T09:00,23.8,24.4,0.358,0.37
2023-09-28T10:00,25.2,25.7,0.356,0.369
2023-09-28T11:00,26.5,27.1,0.354,0.368
2023-09-28T12:00,27.5,28.4,0.351,0.367
2023-09-28T13:00,28.1,29.4,0.348,0.366
2023-09-28T14:00,28.3,29.6,0.346,0.366
2023-09-28T15:00,28.5,29.5,0.344,0.365
2023-09-28T16:00,28.7,29.3,0.343,0.364
2023-09-28T17:00,28.2,28.6,0.342,0.364
2023-09-28T18:00,27.0,27.8,0.342,0.363
2023-09-28T19:00,26.0,27.0,0.342,0.363
2023-09-28T20:00,24.4,26.0,0.346,0.365
2023-09-28T21:00,23.9,25.4,0.346,0.364
2023-09-28T22:00,23.9,25.1,0.346,0.364
2023-09-28T23:00,23.5,24.9,0.346,0.364
2023-09-29T00:00,22.9,24.5,0.347,0.364
2023-09-29T01:00,22.3,24.1,0.347,0.364
2023-09-29T02:00,22.0,23.9,0.347,0.363
2023-09-29T03:00,21.9,23.6,0.347,0.363
2023-09-29T04:00,21.9,23.5,0.347,0.363
2023-09-29T05:00,21.9,23.5,0.347,0.363
2023-09-29T06:00,21.6,23.3,0.347,0.363
2023-09-29T07:00,22.0,23.4,0.347,0.362
2023-09-29T08:00,22.6,23.2,0.349,0.363
2023-09-29T09:00,24.0,24.4,0.348,0.363
2023-09-29T10:00,25.2,25.8,0.347,0.362
2023-09-29T11:00,26.1,27.0,0.345,0.361
2023-09-29T12:00,27.1,28.2,0.342,0.361
2023-09-29T13:00,27.9,29.1,0.34,0.36
2023-09-29T14:00,28.5,29.7,0.337,0.359
2023-09-29T15:00,28.4,29.5,0.336,0.358
2023-09-29T16:00,27.9,28.9,0.334,0.358
2023-09-29T17:00,27.2,28.2,0.334,0.357
2023-09-29T18:00,26.1,27.5,0.334,0.357
2023-09-29T19:00,25.0,26.6,0.334,0.357
2023-09-29T20:00,23.9,25.1,0.343,0.362
2023-09-29T21:00,23.5,24.9,0.343,0.362
2023-09-29T22:00,23.1,24.6,0.343,0.362
2023-09-29T23:00,23.0,24.5,0.343,0.361
2023-09-30T00:00,22.5,24.2,0.343,0.361
2023-09-30T01:00,21.8,24.0,0.343,0.361
2023-09-30T02:00,21.1,23.6,0.344,0.361
2023-09-30T03:00,21.0,23.5,0.344,0.361
2023-09-30T04:00,20.8,23.3,0.344,0.36
2023-09-30T05:00,20.9,23.2,0.344,0.36
2023-09-30T06:00,20.8,23.0,0.344,0.36
2023-09-30T07:00,20.8,23.0,0.346,0.36
2023-09-30T08:00,20.8,22.5,0.347,0.359
2023-09-30T09:00,21.6,23.2,0.346,0.359
2023-09-30T10:00,23.0,24.5,0.345,0.359
2023-09-30T11:00,24.0,25.5,0.344,0.358
2023-09-30T12:00,25.0,26.5,0.342,0.357
2023-09-30T13:00,25.5,26.6,0.34,0.357
2023-09-30T14:00,27.6,27.4,0.338,0.356
2023-09-30T15:00,27.3,27.0,0.338,0.356
2023-09-30T16:00,27.0,26.7,0.337,0.355
2023-09-30T17:00,26.4,26.5,0.337,0.355
2023-09-30T18:00,24.9,25.8,0.336,0.355
2023-09-30T19:00,24.1,25.1,0.336,0.354
2023-09-30T20:00,22.8,23.9,0.347,0.353
2023-09-30T21:00,22.0,23.2,0.355,0.353
2023-09-30T22:00,21.8,22.8,0.358,0.353
2023-09-30T23:00,21.6,22.5,0.362,0.353
2023-10-01T00:00,21.5,22.4,0.379,0.353
2023-10-01T01:00,21.4,22.3,0.393,0.354
2023-10-01T02:00,21.2,22.1,0.4,0.355
2023-10-01T03:00,21.1,22.0,0.398,0.356
2023-10-01T04:00,21.2,21.8,0.411,0.357
2023-10-01T05:00,21.2,21.7,0.406,0.359
2023-10-01T06:00,21.2,21.6,0.402,0.36
2023-10-01T07:00,21.2,21.6,0.399,0.361
2023-10-01T08:00,21.5,21.7,0.36,0.354
2023-10-01T09:00,22.9,22.8,0.359,0.354
2023-10-01T10:00,24.0,23.9,0.357,0.354
2023-10-01T11:00,24.9,25.0,0.355,0.354
2023-10-01T12:00,25.4,25.8,0.353,0.353
2023-10-01T13:00,25.8,26.2,0.351,0.353
2023-10-01T14:00,25.8,26.1,0.349,0.352
2023-10-01T15:00,26.3,26.1,0.347,0.352
2023-10-01T16:00,26.6,26.4,0.346,0.351
2023-10-01T17:00,25.5,26.0,0.345,0.351
2023-10-01T18:00,24.2,25.4,0.345,0.351
2023-10-01T19:00,23.1,24.7,0.345,0.351
2023-10-01T20:00,22.6,23.5,0.347,0.352
2023-10-01T21:00,22.5,23.5,0.349,0.352
2023-10-01T22:00,22.1,23.2,0.35,0.352
2023-10-01T23:00,21.3,22.9,0.35,0.352
2023-10-02T00:00,21.1,22.6,0.35,0.352
2023-10-02T01:00,21.1,22.5,0.35,0.352
2023-10-02T02:00,21.4,22.5,0.35,0.352
2023-10-02T03:00,21.8,22.5,0.349,0.352
2023-10-02T04:00,21.8,22.5,0.349,0.352
2023-10-02T05:00,21.6,22.5,0.349,0.352
2023-10-02T06:00,21.5,22.5,0.349,0.352
2023-10-02T07:00,21.5,22.5,0.349,0.352
2023-10-02T08:00,21.0,21.5,0.352,0.355
2023-10-02T09:00,21.8,22.2,0.352,0.355
2023-10-02T10:00,23.4,23.6,0.351,0.354
2023-10-02T11:00,24.8,25.1,0.349,0.354
2023-10-02T12:00,25.5,25.8,0.347,0.353
2023-10-02T13:00,25.8,26.0,0.345,0.353
2023-10-02T14:00,26.1,26.5,0.344,0.352
2023-10-02T15:00,25.6,26.1,0.343,0.352
2023-10-02T16:00,25.6,25.9,0.342,0.352
2023-10-02T17:00,25.2,25.5,0.342,0.352
2023-10-02T18:00,23.6,25.0,0.342,0.352
2023-10-02T19:00,21.8,24.5,0.342,0.351
2023-10-02T20:00,20.1,21.6,0.356,0.355
2023-10-02T21:00,19.8,21.5,0.374,0.355
2023-10-02T22:00,19.6,21.4,0.388,0.355
2023-10-02T23:00,19.5,21.2,0.394,0.356
2023-10-03T00:00,19.3,21.0,0.397,0.357
2023-10-03T01:00,19.2,21.0,0.399,0.358
2023-10-03T02:00,19.4,20.9,0.401,0.359
2023-10-03T03:00,19.2,20.8,0.406,0.36
2023-10-03T04:00,19.1,20.6,0.422,0.362
2023-10-03T05:00,19.0,20.5,0.417,0.365
2023-10-03T06:00,18.9,20.5,0.411,0.367
2023-10-03T07:00,18.5,20.2,0.409,0.368
2023-10-03T08:00,18.0,19.1,0.389,0.36
2023-10-03T09:00,18.5,19.8,0.388,0.36
2023-10-03T10:00,19.7,20.8,0.386,0.361
2023-10-03T11:00,20.8,22.0,0.383,0.361
2023-10-03T12:00,21.5,23.0,0.381,0.361
2023-10-03T13:00,22.6,24.1,0.378,0.361
2023-10-03T14:00,23.0,24.5,0.375,0.36
2023-10-03T15:00,23.4,24.5,0.373,0.36
2023-10-03T16:00,23.5,24.5,0.372,0.36
2023-10-03T17:00,23.3,24.1,0.37,0.36
2023-10-03T18:00,22.8,23.6,0.37,0.36
2023-10-03T19:00,22.2,23.2,0.369,0.36
2023-10-03T20:00,21.5,21.4,0.379,0.366
2023-10-03T21:00,21.0,21.6,0.378,0.366
2023-10-03T22:00,20.9,21.6,0.377,0.366
2023-10-03T23:00,20.6,21.6,0.376,0.366
2023-10-04T00:00,20.5,21.6,0.375,0.366
2023-10-04T01:00,20.3,21.6,0.374,0.367
2023-10-04T02:00,20.2,21.5,0.374,0.367
2023-10-04T03:00,20.2,21.5,0.373,0.367
2023-10-04T04:00,20.1,21.5,0.373,0.367
2023-10-04T05:00,20.1,21.5,0.372,0.367
2023-10-04T06:00,20.1,21.5,0.371,0.367
2023-10-04T07:00,20.2,21.5,0.371,0.367
2023-10-04T08:00,20.3,20.8,0.377,0.367
2023-10-04T09:00,21.0,21.6,0.376,0.367
2023-10-04T10:00,21.3,22.1,0.376,0.367
2023-10-04T11:00,21.4,22.4,0.376,0.367
2023-10-04T12:00,21.3,22.4,0.376,0.367
2023-10-04T13:00,21.5,22.3,0.376,0.368
2023-10-04T14:00,21.6,22.2,0.377,0.368
2023-10-04T15:00,21.7,22.2,0.377,0.368
2023-10-04T16:00,21.9,22.2,0.379,0.368
2023-10-04T17:00,21.8,22.0,0.379,0.368
2023-10-04T18:00,21.1,21.6,0.382,0.368
2023-10-04T19:00,20.7,21.2,0.385,0.368
2023-10-04T20:00,20.6,20.0,0.389,0.37
2023-10-04T21:00,20.5,20.3,0.389,0.37
2023-10-04T22:00,20.2,20.4,0.39,0.371
2023-10-04T23:00,20.1,20.4,0.393,0.371
2023-10-05T00:00,20.0,20.2,0.392,0.371
2023-10-05T01:00,20.0,20.2,0.39,0.372
2023-10-05T02:00,20.0,20.2,0.389,0.372
2023-10-05T03:00,19.9,20.2,0.388,0.372
2023-10-05T04:00,19.9,20.2,0.386,0.372
2023-10-05T05:00,20.0,20.2,0.385,0.373
2023-10-05T06:00,19.8,20.3,0.384,0.373
2023-10-05T07:00,20.0,20.4,0.383,0.373
2023-10-05T08:00,20.3,20.1,0.387,0.375
2023-10-05T09:00,21.0,20.8,0.386,0.375
2023-10-05T10:00,22.4,21.9,0.384,0.375
2023-10-05T11:00,23.8,23.2,0.381,0.375
2023-10-05T12:00,24.7,24.2,0.378,0.374
2023-10-05T13:00,25.2,25.0,0.376,0.374
2023-10-05T14:00,25.2,25.4,0.373,0.373
2023-10-05T15:00,25.6,25.6,0.371,0.373
2023-10-05T16:00,25.5,25.4,0.369,0.372
2023-10-05T17:00,24.8,24.9,0.368,0.372
2023-10-05T18:00,23.2,24.1,0.367,0.372
2023-10-05T19:00,22.6,23.4,0.367,0.371
2023-10-05T20:00,22.2,23.2,0.368,0.372
2023-10-05T21:00,22.4,22.9,0.368,0.372
2023-10-05T22:00,22.1,22.6,0.367,0.372
2023-10-05T23:00,21.8,22.4,0.367,0.371
2023-10-06T00:00,21.2,22.1,0.366,0.371
2023-10-06T01:00,20.8,21.9,0.366,0.371
2023-10-06T02:00,20.5,21.6,0.366,0.371
2023-10-06T03:00,20.2,21.5,0.365,0.371
2023-10-06T04:00,19.9,21.2,0.365,0.371
2023-10-06T05:00,19.8,21.1,0.364,0.371
2023-10-06T06:00,19.2,20.9,0.364,0.371
2023-10-06T07:00,19.0,20.8,0.364,0.37
2023-10-06T08:00,19.5,20.8,0.366,0.371
2023-10-06T09:00,20.6,21.6,0.365,0.371
2023-10-06T10:00,21.4,22.7,0.363,0.371
2023-10-06T11:00,21.9,23.6,0.362,0.37
2023-10-06T12:00,22.5,24.9,0.359,0.369
2023-10-06T13:00,22.3,25.2,0.357,0.369
2023-10-06T14:00,21.4,25.0,0.355,0.368
2023-10-06T15:00,20.7,24.3,0.354,0.368
2023-10-06T16:00,19.6,23.4,0.353,0.367
2023-10-06T17:00,19.5,22.6,0.353,0.367
2023-10-06T18:00,19.0,22.0,0.352,0.367
2023-10-06T19:00,19.0,21.6,0.352,0.367
2023-10-06T20:00,17.1,20.0,0.36,0.368
2023-10-06T21:00,17.0,19.6,0.361,0.368
2023-10-06T22:00,16.9,19.4,0.362,0.368
2023-10-06T23:00,16.9,19.2,0.362,0.368
2023-10-07T00:00,16.8,19.0,0.363,0.368
2023-10-07T01:00,16.6,18.7,0.368,0.368
2023-10-07T02:00,16.5,18.4,0.377,0.368
2023-10-07T03:00,16.2,18.2,0.381,0.368
2023-10-07T04:00,16.1,18.0,0.381,0.368
2023-10-07T05:00,15.9,17.8,0.381,0.368
2023-10-07T06:00,15.9,17.6,0.382,0.368
2023-10-07T07:00,15.9,17.6,0.385,0.369
2023-10-07T08:00,16.1,17.1,0.405,0.371
2023-10-07T09:00,16.9,17.9,0.403,0.371
2023-10-07T10:00,17.2,18.5,0.4,0.372
2023-10-07T11:00,17.4,18.8,0.398,0.373
2023-10-07T12:00,17.6,19.0,0.396,0.373
2023-10-07T13:00,18.1,19.5,0.394,0.374
2023-10-07T14:00,18.8,19.9,0.391,0.374
2023-10-07T15:00,19.5,20.5,0.389,0.374
2023-10-07T16:00,20.0,20.8,0.387,0.374
2023-10-07T17:00,20.0,20.7,0.386,0.374
2023-10-07T18:00,19.1,20.3,0.385,0.374
2023-10-07T19:00,18.8,20.0,0.384,0.374
2023-10-07T20:00,18.5,19.5,0.385,0.375
2023-10-07T21:00,18.2,19.5,0.384,0.375
2023-10-07T22:00,17.9,19.2,0.383,0.375
2023-10-07T23:00,17.5,19.1,0.382,0.375
2023-10-08T00:00,16.6,18.8,0.381,0.375
2023-10-08T01:00,15.6,18.4,0.381,0.375
2023-10-08T02:00,15.1,18.0,0.38,0.375
2023-10-08T03:00,14.5,17.6,0.379,0.375
2023-10-08T04:00,14.1,17.3,0.379,0.375
2023-10-08T05:00,13.8,17.0,0.378,0.375
2023-10-08T06:00,13.4,16.7,0.378,0.375
2023-10-08T07:00,13.7,16.6,0.377,0.375
2023-10-08T08:00,14.9,17.2,0.378,0.375
2023-10-08T09:00,16.5,18.5,0.377,0.375
2023-10-08T10:00,18.5,20.0,0.375,0.375
2023-10-08T11:00,19.7,21.4,0.373,0.374
2023-10-08T12:00,20.5,22.5,0.371,0.374
2023-10-08T13:00,21.1,23.1,0.369,0.373
2023-10-08T14:00,21.5,23.3,0.367,0.373
2023-10-08T15:00,21.4,23.1,0.365,0.372
2023-10-08T16:00,21.5,22.8,0.364,0.372
2023-10-08T17:00,21.3,22.3,0.363,0.372
2023-10-08T18:00,19.5,21.5,0.363,0.371
2023-10-08T19:00,20.0,20.5,0.363,0.371
2023-10-08T20:00,19.1,20.5,0.365,0.372
2023-10-08T21:00,17.1,19.8,0.365,0.371
2023-10-08T22:00,17.5,19.2,0.364,0.371
2023-10-08T23:00,18.0,19.1,0.364,0.371
2023-10-09T00:00,17.8,19.0,0.364,0.371
2023-10-09T01:00,17.5,18.9,0.364,0.371
2023-10-09T02:00,17.0,18.6,0.364,0.371
2023-10-09T03:00,16.3,18.4,0.364,0.371
2023-10-09T04:00,16.7,18.3,0.363,0.371
2023-10-09T05:00,15.8,18.0,0.363,0.37
2023-10-09T06:00,16.0,17.9,0.363,0.37
2023-10-09T07:00,16.7,18.0,0.363,0.37
2023-10-09T08:00,17.6,18.6,0.362,0.37
2023-10-09T09:00,18.9,19.5,0.361,0.369
2023-10-09T10:00,20.8,21.1,0.36,0.369
2023-10-09T11:00,22.0,22.5,0.358,0.368
2023-10-09T12:00,23.0,23.5,0.356,0.368
2023-10-09T13:00,23.2,23.9,0.355,0.367
2023-10-09T14:00,23.5,24.1,0.353,0.367
2023-10-09T15:00,22.8,23.5,0.353,0.367
2023-10-09T16:00,22.3,22.9,0.352,0.366
2023-10-09T17:00,22.1,22.5,0.352,0.366
2023-10-09T18:00,20.9,21.9,0.352,0.366
2023-10-09T19:00,20.3,21.5,0.352,0.366
2023-10-09T20:00,20.7,21.8,0.355,0.367
2023-10-09T21:00,19.5,21.0,0.355,0.366
2023-10-09T22:00,19.8,20.5,0.355,0.366
2023-10-09T23:00,19.4,20.0,0.355,0.366
2023-10-10T00:00,19.2,19.8,0.355,0.366
2023-10-10T01:00,18.8,19.5,0.355,0.366
2023-10-10T02:00,18.6,19.4,0.355,0.366
2023-10-10T03:00,18.5,19.2,0.355,0.366
2023-10-10T04:00,18.2,19.1,0.355,0.365
2023-10-10T05:00,18.0,19.0,0.355,0.365
2023-10-10T06:00,18.1,19.0,0.355,0.365
2023-10-10T07:00,18.3,19.0,0.355,0.365
2023-10-10T08:00,18.9,19.9,0.356,0.365
2023-10-10T09:00,20.1,20.5,0.355,0.365
2023-10-10T10:00,20.5,20.9,0.355,0.364
2023-10-10T11:00,21.5,21.6,0.354,0.364
2023-10-10T12:00,21.1,21.7,0.353,0.364
2023-10-10T13:00,20.5,21.6,0.353,0.363
2023-10-10T14:00,20.1,21.4,0.355,0.363
2023-10-10T15:00,20.0,21.1,0.356,0.363
2023-10-10T16:00,20.4,21.0,0.356,0.363
2023-10-10T17:00,20.5,21.0,0.355,0.363
2023-10-10T18:00,18.8,20.5,0.355,0.363
2023-10-10T19:00,18.1,19.9,0.355,0.363
2023-10-10T20:00,17.2,19.6,0.358,0.365
2023-10-10T21:00,16.5,19.0,0.357,0.364
2023-10-10T22:00,16.1,18.4,0.357,0.364
2023-10-10T23:00,16.0,17.9,0.357,0.364
2023-10-11T00:00,16.8,17.5,0.357,0.364
2023-10-11T01:00,16.4,17.1,0.357,0.364
2023-10-11T02:00,15.9,16.9,0.357,0.364
2023-10-11T03:00,15.6,16.6,0.357,0.364
2023-10-11T04:00,14.6,16.4,0.357,0.364
2023-10-11T05:00,13.9,16.1,0.357,0.364
2023-10-11T06:00,14.1,16.0,0.357,0.364
2023-10-11T07:00,14.7,16.1,0.357,0.364
2023-10-11T08:00,16.6,16.9,0.355,0.362
2023-10-11T09:00,18.2,18.5,0.355,0.361
2023-10-11T10:00,20.0,20.2,0.354,0.361
2023-10-11T11:00,21.5,21.9,0.352,0.36
2023-10-11T12:00,22.6,23.1,0.349,0.36
2023-10-11T13:00,23.2,24.0,0.347,0.359
2023-10-11T14:00,23.5,24.5,0.344,0.358
2023-10-11T15:00,23.8,24.6,0.342,0.358
2023-10-11T16:00,23.5,24.1,0.341,0.357
2023-10-11T17:00,22.5,23.3,0.34,0.357
2023-10-11T18:00,19.8,22.1,0.34,0.357
2023-10-11T19:00,19.5,21.0,0.341,0.357
2023-10-11T20:00,18.1,21.2,0.339,0.356
2023-10-11T21:00,18.6,20.4,0.339,0.355
2023-10-11T22:00,18.2,19.9,0.339,0.355
2023-10-11T23:00,17.7,19.4,0.339,0.355
2023-10-12T00:00,17.2,19.0,0.339,0.355
2023-10-12T01:00,16.7,18.6,0.339,0.355
2023-10-12T02:00,17.0,18.5,0.34,0.355
2023-10-12T03:00,16.8,18.3,0.34,0.355
2023-10-12T04:00,16.3,18.0,0.34,0.355
2023-10-12T05:00,17.1,18.1,0.34,0.354
2023-10-12T06:00,17.2,18.2,0.34,0.354
2023-10-12T07:00,17.0,18.1,0.34,0.354
2023-10-12T08:00,18.0,18.9,0.339,0.354
2023-10-12T09:00,19.5,19.9,0.339,0.354
2023-10-12T10:00,20.4,20.9,0.338,0.353
2023-10-12T11:00,20.6,21.2,0.338,0.353
2023-10-12T12:00,20.6,21.4,0.337,0.353
2023-10-12T13:00,21.1,21.8,0.336,0.352
2023-10-12T14:00,21.2,21.8,0.336,0.352
2023-10-12T15:00,21.8,22.2,0.335,0.352
2023-10-12T16:00,22.0,22.4,0.334,0.351
2023-10-12T17:00,21.1,21.9,0.334,0.351
2023-10-12T18:00,19.9,21.2,0.334,0.351
2023-10-12T19:00,18.6,20.5,0.334,0.351
2023-10-12T20:00,19.0,21.0,0.334,0.351
2023-10-12T21:00,18.9,20.5,0.335,0.351
2023-10-12T22:00,18.3,20.0,0.336,0.351
2023-10-12T23:00,17.9,19.6,0.336,0.351
2023-10-13T00:00,17.4,19.1,0.336,0.35
2023-10-13T01:00,16.5,18.7,0.336,0.35
2023-10-13T02:00,15.8,18.3,0.336,0.35
2023-10-13T03:00,15.5,18.0,0.336,0.35
2023-10-13T04:00,15.4,17.6,0.337,0.35
2023-10-13T05:00,15.4,17.4,0.337,0.35
2023-10-13T06:00,15.2,17.2,0.337,0.35
2023-10-13T07:00,15.4,17.1,0.337,0.35
2023-10-13T08:00,16.9,18.4,0.336,0.349
2023-10-13T09:00,18.7,19.6,0.335,0.349
2023-10-13T10:00,20.3,21.1,0.334,0.348
2023-10-13T11:00,21.5,22.6,0.334,0.348
2023-10-13T12:00,21.6,23.0,0.334,0.348
2023-10-13T13:00,21.0,22.5,0.333,0.347
2023-10-13T14:00,21.9,23.2,0.332,0.347
2023-10-13T15:00,21.8,23.1,0.33,0.346
2023-10-13T16:00,22.2,23.2,0.329,0.346
2023-10-13T17:00,21.6,22.7,0.329,0.346
2023-10-13T18:00,19.3,21.7,0.329,0.346
2023-10-13T19:00,20.2,20.8,0.329,0.346
2023-10-13T20:00,18.0,21.2,0.325,0.344
2023-10-13T21:00,17.5,20.4,0.325,0.344
2023-10-13T22:00,17.1,19.8,0.325,0.344
2023-10-13T23:00,16.6,19.2,0.326,0.344
2023-10-14T00:00,16.4,18.8,0.326,0.344
2023-10-14T01:00,16.0,18.4,0.326,0.344
2023-10-14T02:00,15.9,18.1,0.326,0.344
2023-10-14T03:00,15.9,18.0,0.326,0.344
2023-10-14T04:00,15.4,17.8,0.326,0.343
2023-10-14T05:00,15.8,17.7,0.327,0.343
2023-10-14T06:00,15.4,17.5,0.327,0.343
2023-10-14T07:00,16.1,17.5,0.327,0.343
2023-10-14T08:00,17.6,18.4,0.326,0.343
2023-10-14T09:00,19.4,19.6,0.325,0.342
2023-10-14T10:00,21.1,21.1,0.324,0.342
2023-10-14T11:00,22.5,22.6,0.322,0.341
2023-10-14T12:00,23.5,23.9,0.32,0.341
2023-10-14T13:00,24.2,24.8,0.318,0.34
2023-10-14T14:00,24.5,25.1,0.317,0.339
2023-10-14T15:00,24.5,25.1,0.316,0.339
2023-10-14T16:00,24.5,24.8,0.314,0.338
2023-10-14T17:00,23.5,24.1,0.314,0.338
2023-10-14T18:00,22.0,22.9,0.314,0.338
2023-10-14T19:00,21.0,21.8,0.315,0.338
2023-10-14T20:00,19.2,22.0,0.309,0.335
2023-10-14T21:00,18.6,21.0,0.31,0.334
2023-10-14T22:00,18.2,20.2,0.31,0.334
2023-10-14T23:00,17.8,19.7,0.31,0.334
2023-10-15T00:00,17.4,19.2,0.31,0.334
2023-10-15T01:00,16.8,18.8,0.311,0.334
2023-10-15T02:00,16.5,18.5,0.311,0.334
2023-10-15T03:00,15.9,18.1,0.311,0.334
2023-10-15T04:00,15.0,17.7,0.311,0.334
2023-10-15T05:00,15.1,17.3,0.312,0.334
2023-10-15T06:00,15.1,17.0,0.312,0.333
2023-10-15T07:00,15.7,16.9,0.312,0.333
2023-10-15T08:00,17.6,18.0,0.313,0.334
2023-10-15T09:00,19.5,19.5,0.313,0.334
2023-10-15T10:00,21.6,21.2,0.312,0.333
2023-10-15T11:00,23.4,23.0,0.31,0.333
2023-10-15T12:00,24.8,24.5,0.308,0.332
2023-10-15T13:00,25.8,25.5,0.306,0.331
2023-10-15T14:00,26.3,26.1,0.304,0.331
2023-10-15T15:00,26.5,26.1,0.303,0.33
2023-10-15T16:00,26.2,25.7,0.301,0.329
2023-10-15T17:00,24.6,24.9,0.301,0.329
2023-10-15T18:00,21.0,23.4,0.301,0.329
2023-10-15T19:00,20.9,22.1,0.302,0.329
2023-10-15T20:00,20.2,21.9,0.298,0.326
2023-10-15T21:00,19.4,21.1,0.299,0.326
2023-10-15T22:00,18.5,20.4,0.299,0.326
2023-10-15T23:00,18.3,19.9,0.299,0.326
2023-10-16T00:00,18.5,19.3,0.299,0.326
2023-10-16T01:00,17.0,18.9,0.3,0.326
2023-10-16T02:00,18.9,18.5,0.3,0.325
2023-10-16T03:00,16.9,18.1,0.3,0.325
2023-10-16T04:00,18.8,17.8,0.301,0.325
2023-10-16T05:00,18.5,17.5,0.301,0.325
2023-10-16T06:00,17.8,17.4,0.301,0.325
2023-10-16T07:00,16.8,17.6,0.301,0.325
2023-10-16T08:00,17.5,18.6,0.302,0.325
2023-10-16T09:00,18.6,19.8,0.302,0.325
2023-10-16T10:00,21.0,21.5,0.301,0.325
2023-10-16T11:00,23.4,23.4,0.3,0.324
2023-10-16T12:00,25.0,25.0,0.298,0.323
2023-10-16T13:00,26.0,26.2,0.296,0.323
2023-10-16T14:00,26.9,26.9,0.294,0.322
2023-10-16T15:00,27.1,26.9,0.292,0.321
2023-10-16T16:00,26.9,26.4,0.291,0.321
2023-10-16T17:00,25.0,25.4,0.291,0.321
2023-10-16T18:00,21.5,23.8,0.291,0.321
2023-10-16T19:00,20.0,22.3,0.291,0.321
2023-10-16T20:00,19.9,22.5,0.283,0.314
2023-10-16T21:00,20.7,21.3,0.283,0.314
2023-10-16T22:00,19.9,20.4,0.283,0.314
2023-10-16T23:00,18.0,19.6,0.284,0.314
2023-10-17T00:00,18.9,19.2,0.284,0.314
2023-10-17T01:00,18.3,19.0,0.284,0.314
2023-10-17T02:00,17.8,18.7,0.284,0.313
2023-10-17T03:00,17.3,18.4,0.285,0.313
2023-10-17T04:00,17.1,18.1,0.285,0.313
2023-10-17T05:00,17.4,18.0,0.285,0.313
2023-10-17T06:00,17.5,17.9,0.285,0.313
2023-10-17T07:00,17.9,17.9,0.286,0.313
2023-10-17T08:00,19.2,18.1,0.285,0.312
2023-10-17T09:00,21.2,19.6,0.284,0.312
2023-10-17T10:00,23.1,21.3,0.283,0.312
2023-10-17T11:00,24.6,22.9,0.282,0.311
2023-10-17T12:00,25.7,24.2,0.28,0.31
2023-10-17T13:00,26.5,25.3,0.278,0.31
2023-10-17T14:00,26.8,26.0,0.276,0.309
2023-10-17T15:00,26.8,26.1,0.274,0.309
2023-10-17T16:00,26.4,25.8,0.273,0.308
2023-10-17T17:00,24.8,24.9,0.273,0.308
2023-10-17T18:00,22.8,23.7,0.273,0.308
2023-10-17T19:00,22.0,22.8,0.273,0.308
2023-10-17T20:00,21.6,23.4,0.265,0.302
2023-10-17T21:00,21.5,22.5,0.265,0.302
2023-10-17T22:00,21.0,21.7,0.265,0.302
2023-10-17T23:00,20.4,21.1,0.265,0.301
2023-10-18T00:00,19.9,20.6,0.265,0.301
2023-10-18T01:00,19.5,20.3,0.266,0.301
2023-10-18T02:00,19.0,20.0,0.266,0.301
2023-10-18T03:00,18.0,19.5,0.266,0.301
2023-10-18T04:00,17.5,19.1,0.266,0.301
2023-10-18T05:00,17.2,18.8,0.267,0.301
2023-10-18T06:00,17.0,18.5,0.267,0.301
2023-10-18T07:00,17.5,18.5,0.267,0.301
2023-10-18T08:00,19.5,19.2,0.266,0.3
2023-10-18T09:00,21.6,20.6,0.265,0.299
2023-10-18T10:00,24.0,22.4,0.264,0.299
2023-10-18T11:00,25.6,24.0,0.263,0.299
2023-10-18T12:00,26.8,25.5,0.261,0.298
2023-10-18T13:00,27.6,26.7,0.259,0.297
2023-10-18T14:00,28.0,27.3,0.257,0.297
2023-10-18T15:00,28.0,27.5,0.256,0.296
2023-10-18T16:00,27.6,27.0,0.255,0.296
2023-10-18T17:00,25.9,26.1,0.255,0.295
2023-10-18T18:00,22.5,24.6,0.255,0.295
2023-10-18T19:00,22.2,23.5,0.255,0.295
2023-10-18T20:00,22.0,24.0,0.246,0.288
2023-10-18T21:00,21.7,23.0,0.246,0.288
2023-10-18T22:00,21.0,22.2,0.246,0.288
2023-10-18T23:00,20.5,21.6,0.247,0.288
2023-10-19T00:00,20.2,21.1,0.247,0.288
2023-10-19T01:00,19.8,20.8,0.247,0.288
2023-10-19T02:00,19.3,20.5,0.247,0.288
2023-10-19T03:00,18.9,20.2,0.248,0.288
2023-10-19T04:00,18.9,20.0,0.248,0.288
2023-10-19T05:00,18.6,20.0,0.248,0.288
2023-10-19T06:00,18.4,19.8,0.248,0.288
2023-10-19T07:00,18.6,19.8,0.248,0.288
2023-10-19T08:00,18.9,20.0,0.247,0.287
2023-10-19T09:00,20.1,20.9,0.247,0.287
2023-10-19T10:00,21.6,22.1,0.246,0.287
2023-10-19T11:00,23.4,23.5,0.245,0.286
2023-10-19T12:00,24.5,24.9,0.244,0.286
2023-10-19T13:00,24.6,25.4,0.242,0.285
2023-10-19T14:00,24.0,25.3,0.242,0.285
2023-10-19T15:00,22.3,25.1,0.241,0.284
2023-10-19T16:00,19.0,23.8,0.241,0.284
2023-10-19T17:00,17.7,22.1,0.245,0.284
2023-10-19T18:00,17.2,20.8,0.246,0.284
2023-10-19T19:00,16.6,19.9,0.249,0.284
2023-10-19T20:00,15.1,18.2,0.256,0.289
2023-10-19T21:00,15.1,17.5,0.262,0.289
2023-10-19T22:00,14.9,17.1,0.264,0.289
2023-10-19T23:00,14.9,17.0,0.265,0.289
2023-10-20T00:00,14.7,16.9,0.265,0.289
2023-10-20T01:00,14.4,16.8,0.265,0.289
2023-10-20T02:00,13.9,16.5,0.265,0.289
2023-10-20T03:00,13.8,16.4,0.265,0.289
2023-10-20T04:00,13.6,16.1,0.265,0.289
2023-10-20T05:00,13.4,16.0,0.265,0.289
2023-10-20T06:00,13.2,15.8,0.266,0.289
2023-10-20T07:00,13.2,15.6,0.266,0.289
2023-10-20T08:00,14.4,16.2,0.261,0.292
2023-10-20T09:00,15.9,17.4,0.26,0.292
2023-10-20T10:00,17.8,18.9,0.26,0.291
2023-10-20T11:00,19.2,20.5,0.258,0.291
2023-10-20T12:00,20.2,21.8,0.257,0.291
2023-10-20T13:00,20.9,22.8,0.255,0.29
2023-10-20T14:00,21.4,23.4,0.254,0.29
2023-10-20T15:00,21.6,23.5,0.253,0.289
2023-10-20T16:00,21.1,23.0,0.252,0.289
2023-10-20T17:00,19.9,22.0,0.251,0.289
2023-10-20T18:00,17.8,20.6,0.251,0.289
2023-10-20T19:00,16.9,19.5,0.251,0.289
2023-10-20T20:00,16.4,19.1,0.254,0.291
2023-10-20T21:00,15.5,18.2,0.254,0.291
2023-10-20T22:00,14.5,17.5,0.254,0.291
2023-10-20T23:00,13.7,16.9,0.254,0.291
2023-10-21T00:00,13.1,16.2,0.254,0.291
2023-10-21T01:00,12.6,15.8,0.255,0.291
2023-10-21T02:00,12.0,15.3,0.255,0.291
2023-10-21T03:00,11.4,14.9,0.255,0.291
2023-10-21T04:00,11.5,14.4,0.255,0.291
2023-10-21T05:00,11.6,14.1,0.256,0.291
2023-10-21T06:00,12.1,13.8,0.256,0.291
2023-10-21T07:00,12.1,13.6,0.256,0.291
2023-10-21T08:00,14.6,14.6,0.256,0.289
2023-10-21T09:00,16.4,16.3,0.256,0.289
2023-10-21T10:00,18.2,18.3,0.255,0.289
2023-10-21T11:00,19.6,20.2,0.254,0.288
2023-10-21T12:00,20.5,21.9,0.252,0.288
2023-10-21T13:00,20.9,23.0,0.251,0.287
2023-10-21T14:00,21.0,23.6,0.249,0.287
2023-10-21T15:00,21.0,23.6,0.248,0.286
2023-10-21T16:00,20.6,23.0,0.247,0.286
2023-10-21T17:00,19.6,21.9,0.247,0.286
2023-10-21T18:00,17.4,20.5,0.247,0.286
2023-10-21T19:00,17.1,19.5,0.247,0.286
2023-10-21T20:00,17.9,19.2,0.245,0.283
2023-10-21T21:00,17.0,18.2,0.246,0.283
2023-10-21T22:00,17.5,17.2,0.246,0.283
2023-10-21T23:00,17.1,16.6,0.246,0.283
2023-10-22T00:00,16.6,15.9,0.246,0.283
2023-10-22T01:00,16.4,15.6,0.247,0.283
2023-10-22T02:00,15.8,15.1,0.247,0.283
2023-10-22T03:00,15.4,14.8,0.247,0.283
2023-10-22T04:00,13.4,14.4,0.247,0.283
2023-10-22T05:00,13.0,14.2,0.247,0.283
2023-10-22T06:00,12.9,13.9,0.248,0.283
2023-10-22T07:00,12.9,13.9,0.248,0.283
2023-10-22T08:00,15.6,15.6,0.249,0.284
2023-10-22T09:00,17.7,17.0,0.249,0.284
2023-10-22T10:00,19.5,18.8,0.248,0.284
2023-10-22T11:00,20.9,20.5,0.247,0.283
2023-10-22T12:00,21.6,22.1,0.245,0.283
2023-10-22T13:00,22.1,23.4,0.244,0.282
2023-10-22T14:00,22.4,24.1,0.242,0.282
2023-10-22T15:00,22.5,24.3,0.241,0.281
2023-10-22T16:00,22.2,23.9,0.241,0.281
2023-10-22T17:00,20.9,22.8,0.24,0.281
2023-10-22T18:00,20.5,21.0,0.241,0.281
2023-10-22T19:00,18.4,19.6,0.241,0.281
2023-10-22T20:00,18.9,19.1,0.24,0.28
2023-10-22T21:00,18.2,18.1,0.24,0.28
2023-10-22T22:00,16.9,17.2,0.241,0.279
2023-10-22T23:00,16.4,16.5,0.241,0.279
2023-10-23T00:00,15.8,16.0,0.241,0.279
2023-10-23T01:00,15.1,15.6,0.241,0.279
2023-10-23T02:00,14.3,15.1,0.241,0.279
2023-10-23T03:00,13.8,14.8,0.242,0.279
2023-10-23T04:00,12.6,14.5,0.242,0.279
2023-10-23T05:00,12.8,14.2,0.242,0.279
2023-10-23T06:00,12.9,14.1,0.242,0.279
2023-10-23T07:00,13.4,14.1,0.243,0.279
2023-10-23T08:00,15.8,14.8,0.243,0.279
2023-10-23T09:00,17.9,16.5,0.243,0.279
2023-10-23T10:00,20.0,18.4,0.242,0.279
2023-10-23T11:00,21.9,20.3,0.241,0.279
2023-10-23T12:00,23.0,22.0,0.239,0.278
2023-10-23T13:00,23.8,23.4,0.238,0.278
2023-10-23T14:00,24.1,24.1,0.236,0.277
2023-10-23T15:00,24.1,24.4,0.235,0.277
2023-10-23T16:00,24.0,24.0,0.234,0.276
2023-10-23T17:00,22.1,23.0,0.234,0.276
2023-10-23T18:00,19.3,21.5,0.234,0.276
2023-10-23T19:00,17.9,20.1,0.235,0.276
2023-10-23T20:00,18.0,21.0,0.224,0.267
2023-10-23T21:00,18.0,20.0,0.224,0.267
2023-10-23T22:00,17.5,19.1,0.225,0.267
2023-10-23T23:00,17.2,18.5,0.225,0.267
2023-10-24T00:00,16.8,18.0,0.225,0.267
2023-10-24T01:00,16.3,17.6,0.225,0.267
2023-10-24T02:00,16.0,17.3,0.225,0.267
2023-10-24T03:00,15.9,17.0,0.225,0.267
2023-10-24T04:00,15.8,16.9,0.225,0.267
2023-10-24T05:00,15.4,16.7,0.226,0.267
2023-10-24T06:00,14.9,16.5,0.226,0.267
2023-10-24T07:00,15.4,16.3,0.226,0.267
2023-10-24T08:00,17.4,17.5,0.225,0.265
2023-10-24T09:00,19.6,18.9,0.225,0.265
2023-10-24T10:00,22.0,20.8,0.224,0.265
2023-10-24T11:00,23.9,22.7,0.223,0.265
2023-10-24T12:00,25.2,24.5,0.222,0.264
2023-10-24T13:00,26.0,25.8,0.22,0.264
2023-10-24T14:00,26.4,26.6,0.219,0.263
2023-10-24T15:00,26.5,26.8,0.218,0.263
2023-10-24T16:00,26.4,26.4,0.217,0.263
2023-10-24T17:00,24.8,25.4,0.217,0.262
2023-10-24T18:00,24.8,23.8,0.217,0.262
2023-10-24T19:00,23.7,22.5,0.218,0.262
2023-10-24T20:00,20.0,21.5,0.218,0.262
2023-10-24T21:00,20.5,21.6,0.212,0.258
2023-10-24T22:00,20.1,21.0,0.212,0.258
2023-10-24T23:00,19.8,20.5,0.212,0.258
2023-10-25T00:00,19.4,20.1,0.212,0.258
2023-10-25T01:00,19.0,19.8,0.212,0.258
2023-10-25T02:00,18.1,19.4,0.212,0.258
2023-10-25T03:00,18.7,19.2,0.213,0.258
2023-10-25T04:00,19.0,19.2,0.213,0.258
2023-10-25T05:00,18.5,19.1,0.213,0.258
2023-10-25T06:00,18.2,19.0,0.213,0.258
2023-10-25T07:00,18.5,19.0,0.213,0.258
2023-10-25T08:00,19.5,19.4,0.213,0.258
2023-10-25T09:00,20.7,19.9,0.214,0.258
2023-10-25T10:00,20.8,20.4,0.216,0.258
2023-10-25T11:00,20.9,20.9,0.218,0.258
2023-10-25T12:00,21.5,21.6,0.22,0.258
2023-10-25T13:00,22.2,22.7,0.22,0.258
2023-10-25T14:00,22.2,23.2,0.22,0.258
2023-10-25T15:00,22.0,23.1,0.22,0.258
2023-10-25T16:00,21.8,22.8,0.221,0.258
2023-10-25T17:00,21.3,22.2,0.221,0.258
2023-10-25T18:00,20.4,21.6,0.222,0.258
2023-10-25T19:00,19.8,21.0,0.224,0.258
2023-10-25T20:00,20.0,20.5,0.228,0.258
2023-10-25T21:00,19.6,20.0,0.233,0.257
2023-10-25T22:00,19.4,19.8,0.234,0.257
2023-10-25T23:00,19.7,19.6,0.234,0.257
2023-10-26T00:00,18.8,19.5,0.234,0.257
2023-10-26T01:00,18.9,19.4,0.235,0.257
2023-10-26T02:00,18.6,19.3,0.235,0.257
2023-10-26T03:00,18.8,18.5,0.235,0.257
2023-10-26T04:00,17.9,18.5,0.235,0.257
2023-10-26T05:00,18.7,18.5,0.235,0.257
2023-10-26T06:00,18.2,18.5,0.235,0.257
2023-10-26T07:00,18.0,18.0,0.235,0.257
2023-10-26T08:00,18.9,18.8,0.235,0.257
2023-10-26T09:00,20.2,19.9,0.236,0.257
2023-10-26T10:00,22.2,21.7,0.236,0.257
2023-10-26T11:00,24.0,23.5,0.235,0.257
2023-10-26T12:00,24.6,25.0,0.234,0.257
2023-10-26T13:00,25.3,26.2,0.232,0.256
2023-10-26T14:00,25.8,26.9,0.231,0.256
2023-10-26T15:00,26.0,26.8,0.23,0.256
2023-10-26T16:00,25.8,26.1,0.229,0.256
2023-10-26T17:00,24.2,25.1,0.229,0.255
2023-10-26T18:00,23.0,23.9,0.229,0.256
2023-10-26T19:00,23.3,22.9,0.23,0.256
2023-10-26T20:00,23.0,22.1,0.23,0.256
2023-10-26T21:00,20.9,21.8,0.23,0.256
2023-10-26T22:00,20.6,21.4,0.23,0.256
2023-10-26T23:00,19.9,21.0,0.23,0.256
2023-10-27T00:00,19.4,20.7,0.23,0.256
2023-10-27T01:00,19.3,20.4,0.23,0.256
2023-10-27T02:00,19.0,20.1,0.23,0.256
2023-10-27T03:00,18.9,19.9,0.23,0.256
2023-10-27T04:00,18.2,19.6,0.23,0.256
2023-10-27T05:00,18.4,19.5,0.231,0.256
2023-10-27T06:00,18.3,19.4,0.231,0.256
2023-10-27T07:00,18.4,19.3,0.231,0.256
2023-10-27T08:00,18.7,19.4,0.231,0.256
2023-10-27T09:00,19.5,19.6,0.231,0.258
2023-10-27T10:00,19.9,20.0,0.231,0.258
2023-10-27T11:00,20.5,20.5,0.231,0.258
2023-10-27T12:00,21.2,21.3,0.23,0.258
2023-10-27T13:00,21.5,21.6,0.23,0.258
2023-10-27T14:00,22.1,22.0,0.23,0.258
2023-10-27T15:00,22.0,22.1,0.23,0.258
2023-10-27T16:00,21.5,21.9,0.23,0.258
2023-10-27T17:00,20.9,21.5,0.23,0.258
2023-10-27T18:00,20.3,21.0,0.23,0.258
2023-10-27T19:00,20.1,20.8,0.23,0.258
2023-10-27T20:00,20.0,20.5,0.23,0.258
2023-10-27T21:00,19.6,20.5,0.228,0.258
2023-10-27T22:00,19.5,20.3,0.228,0.258
2023-10-27T23:00,19.2,20.1,0.228,0.258
2023-10-28T00:00,19.0,19.9,0.228,0.258
2023-10-28T01:00,18.9,19.8,0.228,0.258
2023-10-28T02:00,18.4,19.6,0.228,0.258
2023-10-28T03:00,18.4,19.4,0.229,0.258
2023-10-28T04:00,18.1,19.2,0.229,0.258
2023-10-28T05:00,18.2,19.1,0.229,0.258
2023-10-28T06:00,18.0,19.1,0.229,0.258
2023-10-28T07:00,17.9,19.0,0.229,0.258
2023-10-28T08:00,18.7,19.3,0.229,0.258
2023-10-28T09:00,19.3,19.8,0.229,0.258
2023-10-28T10:00,19.8,20.2,0.229,0.258
2023-10-28T11:00,21.1,21.5,0.228,0.257
2023-10-28T12:00,22.7,23.0,0.228,0.257
2023-10-28T13:00,23.5,24.2,0.227,0.257
2023-10-28T14:00,24.2,25.2,0.226,0.257
2023-10-28T15:00,24.5,25.5,0.225,0.257
2023-10-28T16:00,24.5,25.3,0.224,0.256
2023-10-28T17:00,23.8,24.6,0.224,0.256
2023-10-28T18:00,22.8,23.6,0.224,0.256
2023-10-28T19:00,21.4,22.8,0.225,0.256
2023-10-28T20:00,20.9,22.1,0.225,0.256
2023-10-28T21:00,21.8,21.7,0.225,0.257
2023-10-28T22:00,21.5,21.2,0.225,0.257
2023-10-28T23:00,20.8,20.8,0.225,0.257
2023-10-29T00:00,20.1,20.4,0.225,0.257
2023-10-29T01:00,19.0,20.0,0.226,0.257
2023-10-29T02:00,18.8,19.9,0.226,0.257
2023-10-29T03:00,18.8,19.8,0.226,0.257
2023-10-29T04:00,18.6,19.7,0.226,0.257
2023-10-29T05:00,18.7,19.6,0.226,0.257
2023-10-29T06:00,18.4,19.6,0.226,0.257
2023-10-29T07:00,18.4,19.5,0.226,0.257
2023-10-29T08:00,19.2,19.8,0.226,0.257
2023-10-29T09:00,20.5,20.2,0.229,0.258
2023-10-29T10:00,22.0,21.6,0.228,0.258
2023-10-29T11:00,23.6,23.3,0.227,0.258
2023-10-29T12:00,24.6,24.8,0.226,0.257
2023-10-29T13:00,25.4,26.0,0.225,0.257
2023-10-29T14:00,25.6,26.5,0.224,0.257
2023-10-29T15:00,25.5,26.5,0.223,0.256
2023-10-29T16:00,25.3,26.0,0.222,0.256
2023-10-29T17:00,24.0,25.0,0.222,0.256
2023-10-29T18:00,22.9,23.6,0.222,0.256
2023-10-29T19:00,22.9,22.4,0.222,0.256
2023-10-29T20:00,22.1,21.4,0.222,0.256
2023-10-29T21:00,22.0,21.0,0.221,0.255
2023-10-29T22:00,21.5,20.3,0.221,0.255
2023-10-29T23:00,20.5,19.7,0.221,0.255
2023-10-30T00:00,18.4,19.2,0.221,0.255
2023-10-30T01:00,18.2,18.9,0.221,0.255
2023-10-30T02:00,17.5,18.5,0.221,0.255
2023-10-30T03:00,18.8,18.2,0.221,0.255
2023-10-30T04:00,18.8,17.9,0.222,0.255
2023-10-30T05:00,18.5,17.5,0.222,0.255
2023-10-30T06:00,18.1,17.2,0.222,0.255
2023-10-30T07:00,17.8,17.0,0.222,0.255
2023-10-30T08:00,18.5,17.9,0.222,0.255
2023-10-30T09:00,20.4,19.5,0.222,0.255
2023-10-30T10:00,22.1,21.5,0.222,0.255
2023-10-30T11:00,23.6,23.4,0.221,0.255
2023-10-30T12:00,24.8,25.0,0.22,0.255
2023-10-30T13:00,25.5,26.3,0.218,0.254
2023-10-30T14:00,25.9,27.0,0.217,0.254
2023-10-30T15:00,26.0,27.1,0.216,0.253
2023-10-30T16:00,25.8,26.6,0.215,0.253
2023-10-30T17:00,24.0,25.5,0.215,0.253
2023-10-30T18:00,21.0,23.9,0.215,0.253
2023-10-30T19:00,20.5,22.5,0.215,0.253
2023-10-30T20:00,19.4,21.4,0.216,0.253
2023-10-30T21:00,19.5,21.5,0.207,0.247
2023-10-30T22:00,19.2,20.6,0.207,0.247
2023-10-30T23:00,19.5,20.0,0.207,0.247
2023-10-31T00:00,18.5,19.4,0.207,0.247
2023-10-31T01:00,18.3,19.0,0.207,0.247
2023-10-31T02:00,17.8,18.5,0.208,0.247
2023-10-31T03:00,16.9,18.2,0.208,0.247
2023-10-31T04:00,17.4,18.0,0.208,0.247
2023-10-31T05:00,18.9,17.6,0.208,0.247
2023-10-31T06:00,18.6,17.2,0.208,0.247
2023-10-31T07:00,17.1,17.0,0.208,0.247
2023-10-31T08:00,18.8,17.9,0.208,0.247
2023-10-31T09:00,20.4,19.5,0.209,0.248
2023-10-31T10:00,22.6,21.5,0.208,0.247
2023-10-31T11:00,24.5,23.5,0.207,0.247
2023-10-31T12:00,25.9,25.1,0.206,0.247
2023-10-31T13:00,26.6,26.4,0.205,0.246
2023-10-31T14:00,27.1,27.0,0.204,0.246
2023-10-31T15:00,27.2,27.2,0.203,0.246
2023-10-31T16:00,26.8,26.7,0.202,0.245
2023-10-31T17:00,24.6,25.6,0.202,0.245
2023-10-31T18:00,21.9,24.0,0.202,0.245
2023-10-31T19:00,21.0,22.7,0.202,0.245
2023-10-31T20:00,20.0,21.7,0.202,0.245
2023-10-31T21:00,20.2,22.1,0.19,0.236
2023-10-31T22:00,19.3,21.2,0.19,0.236
2023-10-31T23:00,18.7,20.5,0.19,0.236
2023-11-01T00:00,18.5,20.0,0.191,0.236
2023-11-01T01:00,18.3,19.5,0.191,0.236
2023-11-01T02:00,19.0,19.2,0.191,0.236
2023-11-01T03:00,18.9,19.1,0.191,0.236
2023-11-01T04:00,18.1,18.9,0.191,0.236
2023-11-01T05:00,16.9,18.5,0.191,0.236
2023-11-01T06:00,17.0,18.2,0.191,0.236
2023-11-01T07:00,16.6,17.9,0.191,0.236
2023-11-01T08:00,19.5,18.5,0.191,0.236
2023-11-01T09:00,21.3,20.6,0.189,0.234
2023-11-01T10:00,23.4,22.4,0.188,0.234
2023-11-01T11:00,25.4,24.1,0.188,0.234
2023-11-01T12:00,26.7,25.7,0.187,0.234
2023-11-01T13:00,27.5,26.9,0.186,0.233
2023-11-01T14:00,27.8,27.5,0.185,0.233
2023-11-01T15:00,27.6,27.5,0.184,0.233
2023-11-01T16:00,27.1,27.0,0.183,0.232
2023-11-01T17:00,24.5,25.9,0.183,0.232
2023-11-01T18:00,21.9,24.2,0.183,0.232
2023-11-01T19:00,20.3,22.8,0.183,0.232
2023-11-01T20:00,20.4,21.8,0.183,0.232
2023-11-01T21:00,19.9,22.0,0.173,0.224
2023-11-01T22:00,20.2,21.0,0.173,0.224
2023-11-01T23:00,19.5,20.1,0.173,0.224
2023-11-02T00:00,20.3,19.5,0.173,0.224
2023-11-02T01:00,19.4,19.0,0.173,0.224
2023-11-02T02:00,18.5,18.5,0.173,0.224
2023-11-02T03:00,17.9,18.1,0.173,0.224
2023-11-02T04:00,16.6,17.9,0.173,0.224
2023-11-02T05:00,16.3,17.6,0.173,0.224
2023-11-02T06:00,16.6,17.5,0.174,0.224
2023-11-02T07:00,17.3,17.4,0.174,0.224
2023-11-02T08:00,19.6,18.1,0.174,0.224
2023-11-02T09:00,22.0,20.0,0.173,0.224
2023-11-02T10:00,24.4,22.0,0.173,0.224
2023-11-02T11:00,26.3,24.0,0.172,0.224
2023-11-02T12:00,27.5,25.6,0.172,0.223
2023-11-02T13:00,28.0,26.9,0.171,0.223
2023-11-02T14:00,28.4,27.7,0.17,0.223
2023-11-02T15:00,28.5,28.0,0.17,0.223
2023-11-02T16:00,28.0,27.5,0.169,0.222
2023-11-02T17:00,26.2,26.5,0.169,0.222
2023-11-02T18:00,23.8,25.1,0.169,0.222
2023-11-02T19:00,21.6,23.8,0.169,0.222
2023-11-02T20:00,21.0,22.6,0.169,0.222
2023-11-02T21:00,21.5,22.2,0.162,0.217
2023-11-02T22:00,20.4,21.5,0.162,0.217
2023-11-02T23:00,20.6,20.9,0.162,0.217
2023-11-03T00:00,19.4,20.3,0.162,0.217
2023-11-03T01:00,19.6,19.9,0.162,0.217
2023-11-03T02:00,21.3,19.5,0.162,0.217
2023-11-03T03:00,21.1,19.1,0.162,0.217
2023-11-03T04:00,19.8,18.8,0.162,0.217
2023-11-03T05:00,17.6,18.5,0.163,0.217
2023-11-03T06:00,17.5,18.5,0.163,0.217
2023-11-03T07:00,17.4,18.3,0.163,0.217
2023-11-03T08:00,19.6,19.0,0.163,0.217
2023-11-03T09:00,22.0,20.4,0.162,0.216
2023-11-03T10:00,24.5,22.5,0.162,0.216
2023-11-03T11:00,26.4,24.7,0.161,0.216
2023-11-03T12:00,27.5,26.8,0.161,0.216
2023-11-03T13:00,27.9,28.0,0.16,0.215
2023-11-03T14:00,28.1,28.9,0.16,0.215
2023-11-03T15:00,28.1,29.0,0.159,0.215
2023-11-03T16:00,27.6,28.5,0.159,0.215
2023-11-03T17:00,26.5,27.4,0.159,0.215
2023-11-03T18:00,23.8,26.0,0.159,0.215
2023-11-03T19:00,23.2,25.0,0.159,0.215
2023-11-03T20:00,23.0,24.2,0.159,0.215
2023-11-03T21:00,22.6,24.0,0.157,0.214
2023-11-03T22:00,22.5,23.5,0.157,0.214
2023-11-03T23:00,21.2,23.0,0.157,0.214
2023-11-04T00:00,19.9,22.4,0.157,0.214
2023-11-04T01:00,19.0,21.8,0.157,0.214
2023-11-04T02:00,18.4,20.8,0.161,0.214
2023-11-04T03:00,17.9,20.0,0.17,0.214
2023-11-04T04:00,17.6,19.5,0.17,0.214
2023-11-04T05:00,17.5,19.3,0.17,0.214
2023-11-04T06:00,17.0,19.2,0.17,0.214
2023-11-04T07:00,16.2,19.0,0.17,0.214
2023-11-04T08:00,16.7,19.2,0.17,0.214
2023-11-04T09:00,16.1,17.7,0.165,0.213
2023-11-04T10:00,18.0,19.1,0.165,0.212
2023-11-04T11:00,20.1,21.4,0.165,0.212
2023-11-04T12:00,21.5,23.5,0.165,0.212
2023-11-04T13:00,22.5,25.2,0.164,0.212
2023-11-04T14:00,22.4,25.7,0.164,0.212
2023-11-04T15:00,22.2,25.7,0.164,0.212
2023-11-04T16:00,22.2,25.4,0.163,0.212
2023-11-04T17:00,21.9,24.6,0.163,0.212
2023-11-04T18:00,21.0,23.5,0.163,0.212
2023-11-04T19:00,21.0,23.0,0.163,0.212
2023-11-04T20:00,20.9,22.5,0.163,0.212
2023-11-04T21:00,18.0,19.9,0.186,0.217
2023-11-04T22:00,17.8,19.5,0.189,0.217
2023-11-04T23:00,17.0,19.1,0.189,0.217
2023-11-05T00:00,16.9,18.8,0.19,0.217
2023-11-05T01:00,16.8,18.6,0.19,0.217
2023-11-05T02:00,17.0,18.5,0.19,0.218
2023-11-05T03:00,16.9,18.3,0.19,0.218
2023-11-05T04:00,17.9,18.5,0.193,0.218
2023-11-05T05:00,17.6,18.5,0.193,0.218
2023-11-05T06:00,17.3,18.3,0.194,0.218
2023-11-05T07:00,17.2,18.2,0.357,0.218
2023-11-05T08:00,17.5,18.5,0.362,0.219
2023-11-05T09:00,17.4,18.2,0.418,0.265
2023-11-05T10:00,18.4,19.0,0.405,0.269
2023-11-05T11:00,18.6,19.9,0.429,0.283
2023-11-05T12:00,18.4,19.9,0.416,0.289
2023-11-05T13:00,18.4,19.6,0.417,0.294
2023-11-05T14:00,18.5,19.4,0.409,0.298
2023-11-05T15:00,18.2,19.3,0.402,0.3
2023-11-05T16:00,18.4,19.3,0.395,0.302
2023-11-05T17:00,18.4,19.2,0.39,0.304
2023-11-05T18:00,17.9,19.0,0.386,0.305
2023-11-05T19:00,17.6,18.8,0.382,0.306
2023-11-05T20:00,17.5,18.6,0.379,0.307
2023-11-05T21:00,15.9,17.0,0.376,0.286
2023-11-05T22:00,16.0,17.0,0.373,0.287
2023-11-05T23:00,14.9,16.8,0.37,0.288
2023-11-06T00:00,14.1,16.4,0.367,0.289
2023-11-06T01:00,13.5,16.0,0.365,0.29
2023-11-06T02:00,13.3,15.7,0.363,0.29
2023-11-06T03:00,13.0,15.4,0.361,0.291
2023-11-06T04:00,12.2,14.9,0.359,0.292
2023-11-06T05:00,11.1,14.5,0.357,0.292
2023-11-06T06:00,10.2,14.1,0.356,0.293
2023-11-06T07:00,10.3,13.6,0.354,0.293
2023-11-06T08:00,12.0,13.9,0.353,0.294
2023-11-06T09:00,13.7,15.4,0.357,0.297
2023-11-06T10:00,14.7,16.7,0.355,0.297
2023-11-06T11:00,15.8,18.3,0.352,0.297
2023-11-06T12:00,16.6,19.6,0.348,0.297
2023-11-06T13:00,17.2,20.8,0.345,0.297
2023-11-06T14:00,17.6,21.5,0.342,0.297
2023-11-06T15:00,17.8,21.4,0.34,0.297
2023-11-06T16:00,17.6,20.9,0.338,0.297
2023-11-06T17:00,16.2,19.7,0.337,0.297
2023-11-06T18:00,14.3,18.2,0.336,0.298
2023-11-06T19:00,13.8,17.1,0.335,0.298
2023-11-06T20:00,12.9,16.1,0.335,0.298
2023-11-06T21:00,13.9,15.9,0.332,0.298
2023-11-06T22:00,14.9,15.2,0.332,0.298
2023-11-06T23:00,13.2,14.8,0.331,0.298
2023-11-07T00:00,12.1,14.3,0.331,0.298
2023-11-07T01:00,11.6,14.0,0.33,0.298
2023-11-07T02:00,11.7,13.7,0.33,0.298
2023-11-07T03:00,11.5,13.5,0.329,0.299
2023-11-07T04:00,11.4,13.3,0.329,0.299
2023-11-07T05:00,11.3,13.1,0.328,0.299
2023-11-07T06:00,11.3,13.0,0.328,0.299
2023-11-07T07:00,11.5,12.9,0.327,0.299
2023-11-07T08:00,13.1,13.5,0.327,0.299
2023-11-07T09:00,14.8,14.4,0.326,0.299
2023-11-07T10:00,17.0,16.2,0.324,0.299
2023-11-07T11:00,19.0,17.9,0.323,0.299
2023-11-07T12:00,20.2,19.4,0.32,0.299
2023-11-07T13:00,21.0,20.5,0.318,0.299
2023-11-07T14:00,21.4,21.1,0.315,0.298
2023-11-07T15:00,21.3,21.3,0.314,0.298
2023-11-07T16:00,20.8,21.0,0.312,0.298
2023-11-07T17:00,18.9,20.0,0.312,0.298
2023-11-07T18:00,17.1,18.8,0.311,0.298
2023-11-07T19:00,16.8,17.9,0.311,0.298
2023-11-07T20:00,16.2,17.2,0.311,0.298
2023-11-07T21:00,16.6,18.1,0.307,0.297
2023-11-07T22:00,16.2,17.5,0.307,0.297
2023-11-07T23:00,15.4,16.7,0.329,0.297
2023-11-08T00:00,14.9,15.9,0.333,0.297
2023-11-08T01:00,14.8,15.6,0.332,0.297
2023-11-08T02:00,14.1,15.3,0.332,0.297
2023-11-08T03:00,14.0,15.1,0.331,0.298
2023-11-08T04:00,14.1,15.1,0.331,0.298
2023-11-08T05:00,13.4,14.9,0.33,0.298
2023-11-08T06:00,13.6,14.9,0.329,0.298
2023-11-08T07:00,13.2,14.6,0.329,0.298
2023-11-08T08:00,14.9,15.1,0.328,0.298
2023-11-08T09:00,16.8,16.6,0.324,0.298
2023-11-08T10:00,18.5,18.4,0.322,0.298
2023-11-08T11:00,19.8,20.1,0.321,0.298
2023-11-08T12:00,20.8,21.5,0.319,0.298
2023-11-08T13:00,21.3,22.5,0.316,0.297
2023-11-08T14:00,21.6,23.0,0.314,0.297
2023-11-08T15:00,21.7,23.0,0.313,0.297
2023-11-08T16:00,21.5,22.6,0.312,0.297
2023-11-08T17:00,20.2,21.6,0.311,0.297
2023-11-08T18:00,18.5,20.4,0.311,0.297
2023-11-08T19:00,18.0,19.5,0.311,0.297
2023-11-08T20:00,17.6,18.9,0.31,0.297
2023-11-08T21:00,18.4,19.3,0.31,0.297
2023-11-08T22:00,18.1,18.9,0.314,0.297
2023-11-08T23:00,17.5,18.4,0.315,0.297
2023-11-09T00:00,17.5,18.1,0.315,0.297
2023-11-09T01:00,17.3,18.0,0.315,0.297
2023-11-09T02:00,17.0,17.9,0.315,0.297
2023-11-09T03:00,17.0,17.8,0.315,0.297
2023-11-09T04:00,16.9,17.7,0.315,0.297
2023-11-09T05:00,16.6,17.6,0.315,0.297
2023-11-09T06:00,16.6,17.5,0.315,0.298
2023-11-09T07:00,16.6,17.3,0.32,0.298
2023-11-09T08:00,16.9,17.4,0.323,0.298
2023-11-09T09:00,17.4,17.5,0.311,0.298
2023-11-09T10:00,18.0,18.1,0.312,0.298
2023-11-09T11:00,18.1,18.5,0.322,0.298
2023-11-09T12:00,18.6,18.8,0.325,0.298
2023-11-09T13:00,20.4,20.2,0.326,0.298
2023-11-09T14:00,20.4,20.5,0.326,0.298
2023-11-09T15:00,20.8,20.9,0.325,0.298
2023-11-09T16:00,20.6,20.7,0.324,0.298
2023-11-09T17:00,20.2,20.4,0.324,0.298
2023-11-09T18:00,19.9,20.0,0.323,0.298
2023-11-09T19:00,19.6,19.7,0.323,0.298
2023-11-09T20:00,19.0,19.4,0.322,0.298
2023-11-09T21:00,17.2,17.8,0.334,0.299
2023-11-09T22:00,16.9,17.5,0.334,0.299
2023-11-09T23:00,16.4,17.2,0.34,0.299
2023-11-10T00:00,16.0,17.0,0.352,0.299
2023-11-10T01:00,15.1,16.6,0.36,0.3
2023-11-10T02:00,14.2,16.0,0.362,0.3
2023-11-10T03:00,13.9,15.6,0.365,0.301
2023-11-10T04:00,14.1,15.4,0.374,0.302
2023-11-10T05:00,14.2,15.3,0.391,0.303
2023-11-10T06:00,13.9,15.1,0.392,0.304
2023-11-10T07:00,13.7,15.0,0.388,0.306
2023-11-10T08:00,13.4,14.9,0.385,0.307
2023-11-10T09:00,13.4,14.9,0.375,0.305
2023-11-10T10:00,13.9,15.6,0.372,0.305
2023-11-10T11:00,14.8,16.5,0.369,0.306
2023-11-10T12:00,15.2,17.5,0.366,0.306
2023-11-10T13:00,15.6,18.1,0.363,0.307
2023-11-10T14:00,15.1,18.0,0.361,0.307
2023-11-10T15:00,14.4,17.6,0.359,0.307
2023-11-10T16:00,14.4,17.3,0.357,0.308
2023-11-10T17:00,14.1,16.9,0.355,0.308
2023-11-10T18:00,13.8,16.5,0.354,0.309
2023-11-10T19:00,13.6,16.1,0.352,0.309
2023-11-10T20:00,13.4,15.9,0.351,0.309
2023-11-10T21:00,12.1,14.1,0.355,0.312
2023-11-10T22:00,12.2,14.1,0.354,0.312
2023-11-10T23:00,12.1,14.0,0.353,0.312
2023-11-11T00:00,11.8,13.9,0.352,0.313
2023-11-11T01:00,11.5,13.8,0.351,0.313
2023-11-11T02:00,11.0,13.6,0.35,0.313
2023-11-11T03:00,11.1,13.6,0.349,0.313
2023-11-11T04:00,11.4,13.6,0.348,0.314
2023-11-11T05:00,11.4,13.6,0.347,0.314
2023-11-11T06:00,11.3,13.6,0.346,0.314
2023-11-11T07:00,11.3,13.6,0.345,0.314
2023-11-11T08:00,11.4,13.7,0.344,0.314
2023-11-11T09:00,10.2,12.8,0.344,0.315
2023-11-11T10:00,10.1,12.9,0.343,0.315
2023-11-11T11:00,10.6,13.5,0.342,0.315
2023-11-11T12:00,10.7,13.9,0.341,0.315
2023-11-11T13:00,10.2,13.9,0.341,0.315
2023-11-11T14:00,10.1,13.8,0.341,0.315
2023-11-11T15:00,9.9,13.6,0.341,0.315
2023-11-11T16:00,9.4,13.2,0.341,0.316
2023-11-11T17:00,8.9,12.8,0.341,0.316
2023-11-11T18:00,8.2,12.2,0.344,0.316
2023-11-11T19:00,8.1,11.4,0.346,0.316
2023-11-11T20:00,7.9,10.9,0.362,0.316
2023-11-11T21:00,7.2,10.0,0.366,0.319
2023-11-11T22:00,7.0,9.9,0.368,0.319
2023-11-11T23:00,6.9,9.8,0.367,0.32
2023-11-12T00:00,6.7,9.6,0.366,0.32
2023-11-12T01:00,6.2,9.4,0.364,0.32
2023-11-12T02:00,6.3,9.4,0.363,0.321
2023-11-12T03:00,6.2,9.5,0.362,0.321
2023-11-12T04:00,5.9,9.5,0.36,0.322
2023-11-12T05:00,5.7,9.4,0.359,0.322
2023-11-12T06:00,5.4,9.2,0.358,0.322
2023-11-12T07:00,5.2,9.0,0.357,0.323
2023-11-12T08:00,5.7,9.1,0.356,0.323
2023-11-12T09:00,6.4,9.7,0.355,0.322
2023-11-12T10:00,7.8,10.9,0.354,0.322
2023-11-12T11:00,9.2,12.1,0.352,0.322
2023-11-12T12:00,10.4,13.4,0.35,0.322
2023-11-12T13:00,11.1,14.2,0.347,0.322
2023-11-12T14:00,11.6,14.8,0.346,0.322
2023-11-12T15:00,11.8,14.9,0.344,0.322
2023-11-12T16:00,11.4,14.4,0.342,0.322
2023-11-12T17:00,10.4,13.6,0.342,0.322
2023-11-12T18:00,10.1,12.9,0.341,0.322
2023-11-12T19:00,9.9,12.4,0.34,0.322
2023-11-12T20:00,9.8,12.1,0.34,0.322
2023-11-12T21:00,8.1,11.1,0.342,0.324
2023-11-12T22:00,8.1,10.9,0.341,0.324
2023-11-12T23:00,8.1,10.9,0.341,0.324
2023-11-13T00:00,8.1,10.8,0.34,0.324
2023-11-13T01:00,8.1,10.8,0.339,0.324
2023-11-13T02:00,8.0,10.7,0.339,0.324
2023-11-13T03:00,7.9,10.6,0.338,0.324
2023-11-13T04:00,7.9,10.6,0.338,0.324
2023-11-13T05:00,7.8,10.5,0.337,0.325
2023-11-13T06:00,7.7,10.4,0.337,0.325
2023-11-13T07:00,7.6,10.2,0.337,0.325
2023-11-13T08:00,7.8,10.3,0.336,0.325
2023-11-13T09:00,8.9,11.2,0.339,0.327
2023-11-13T10:00,9.3,11.6,0.339,0.327
2023-11-13T11:00,9.9,12.4,0.337,0.327
2023-11-13T12:00,10.1,13.1,0.336,0.327
2023-11-13T13:00,10.5,13.9,0.335,0.326
2023-11-13T14:00,10.7,14.4,0.333,0.326
2023-11-13T15:00,10.7,14.5,0.332,0.326
2023-11-13T16:00,10.5,14.1,0.331,0.326
2023-11-13T17:00,9.6,13.3,0.331,0.326
2023-11-13T18:00,7.7,12.1,0.331,0.326
2023-11-13T19:00,7.2,11.2,0.331,0.326
2023-11-13T20:00,6.6,10.4,0.33,0.326
2023-11-13T21:00,7.4,9.9,0.33,0.326
2023-11-13T22:00,6.8,9.4,0.33,0.326
2023-11-13T23:00,5.8,8.9,0.33,0.326
2023-11-14T00:00,4.6,8.6,0.33,0.326
2023-11-14T01:00,4.1,8.1,0.33,0.326
2023-11-14T02:00,4.0,7.8,0.33,0.326
2023-11-14T03:00,4.1,7.5,0.33,0.326
2023-11-14T04:00,4.5,7.2,0.329,0.326
2023-11-14T05:00,4.7,6.9,0.329,0.326
2023-11-14T06:00,4.2,6.7,0.329,0.326
2023-11-14T07:00,4.2,6.4,0.329,0.326
2023-11-14T08:00,6.3,7.2,0.329,0.326
2023-11-14T09:00,7.9,8.6,0.33,0.326
2023-11-14T10:00,9.6,10.6,0.329,0.326
2023-11-14T11:00,10.9,12.6,0.328,0.326
2023-11-14T12:00,11.9,14.3,0.326,0.325
2023-11-14T13:00,12.6,15.5,0.325,0.325
2023-11-14T14:00,13.1,16.2,0.323,0.325
2023-11-14T15:00,13.3,16.4,0.322,0.324
2023-11-14T16:00,13.1,15.9,0.321,0.324
2023-11-14T17:00,12.1,14.8,0.321,0.324
2023-11-14T18:00,11.7,13.2,0.321,0.324
2023-11-14T19:00,9.2,12.1,0.321,0.324
2023-11-14T20:00,8.3,11.2,0.321,0.324
2023-11-14T21:00,10.7,11.4,0.321,0.324
2023-11-14T22:00,10.2,10.7,0.321,0.324
2023-11-14T23:00,8.6,10.1,0.321,0.324
2023-11-15T00:00,7.9,9.7,0.321,0.324
2023-11-15T01:00,6.9,9.4,0.321,0.324
2023-11-15T02:00,6.8,9.1,0.321,0.324
2023-11-15T03:00,6.5,8.9,0.321,0.324
2023-11-15T04:00,6.3,8.6,0.321,0.324
2023-11-15T05:00,6.2,8.4,0.321,0.324
2023-11-15T06:00,6.1,8.2,0.321,0.324
2023-11-15T07:00,6.8,8.2,0.321,0.324
2023-11-15T08:00,9.1,9.1,0.321,0.324
2023-11-15T09:00,10.2,9.9,0.321,0.324
2023-11-15T10:00,10.9,10.8,0.32,0.323
2023-11-15T11:00,11.6,11.6,0.32,0.323
2023-11-15T12:00,12.8,12.9,0.319,0.323
2023-11-15T13:00,13.7,14.1,0.318,0.323
2023-11-15T14:00,14.3,14.8,0.317,0.323
2023-11-15T15:00,14.2,14.9,0.317,0.322
2023-11-15T16:00,13.7,14.3,0.316,0.322
2023-11-15T17:00,13.1,13.8,0.316,0.322
2023-11-15T18:00,12.4,13.4,0.316,0.322
2023-11-15T19:00,11.6,12.9,0.318,0.322
2023-11-15T20:00,11.1,12.3,0.32,0.322
2023-11-15T21:00,9.9,10.6,0.334,0.324
2023-11-15T22:00,9.9,10.6,0.343,0.324
2023-11-15T23:00,9.9,10.6,0.348,0.324
2023-11-16T00:00,9.9,10.6,0.356,0.324
2023-11-16T01:00,9.9,10.6,0.357,0.324
2023-11-16T02:00,9.8,10.6,0.356,0.325
2023-11-16T03:00,9.7,10.5,0.355,0.325
2023-11-16T04:00,9.4,10.3,0.354,0.325
2023-11-16T05:00,8.8,9.9,0.354,0.325
2023-11-16T06:00,8.6,9.4,0.353,0.325
2023-11-16T07:00,8.1,9.1,0.352,0.326
2023-11-16T08:00,8.9,9.1,0.352,0.326
2023-11-16T09:00,10.4,10.1,0.341,0.327
2023-11-16T10:00,12.1,11.6,0.34,0.327
2023-11-16T11:00,13.8,13.1,0.339,0.327
2023-11-16T12:00,14.9,14.4,0.337,0.326
2023-11-16T13:00,15.1,15.2,0.334,0.326
2023-11-16T14:00,15.1,15.7,0.332,0.326
2023-11-16T15:00,14.8,15.7,0.331,0.325
2023-11-16T16:00,14.1,15.2,0.329,0.325
2023-11-16T17:00,12.2,14.2,0.329,0.325
2023-11-16T18:00,9.6,12.9,0.329,0.325
2023-11-16T19:00,8.4,11.6,0.328,0.325
2023-11-16T20:00,7.5,10.7,0.328,0.325
2023-11-16T21:00,8.4,11.0,0.327,0.325
2023-11-16T22:00,8.8,10.1,0.327,0.325
2023-11-16T23:00,6.2,9.4,0.327,0.325
2023-11-17T00:00,7.8,9.1,0.327,0.325
2023-11-17T01:00,7.1,8.9,0.327,0.325
2023-11-17T02:00,7.0,8.7,0.327,0.325
2023-11-17T03:00,6.7,8.6,0.327,0.325
2023-11-17T04:00,6.0,8.3,0.327,0.325
2023-11-17T05:00,5.3,7.9,0.327,0.325
2023-11-17T06:00,4.8,7.6,0.326,0.325
2023-11-17T07:00,5.2,7.3,0.326,0.325
2023-11-17T08:00,7.7,7.8,0.326,0.325
2023-11-17T09:00,9.5,8.9,0.323,0.323
2023-11-17T10:00,11.6,10.8,0.322,0.323
2023-11-17T11:00,13.8,12.6,0.321,0.323
2023-11-17T12:00,15.6,14.2,0.32,0.322
2023-11-17T13:00,17.0,15.6,0.318,0.322
2023-11-17T14:00,17.5,16.4,0.317,0.322
2023-11-17T15:00,17.2,16.6,0.315,0.321
2023-11-17T16:00,16.5,16.2,0.315,0.321
2023-11-17T17:00,13.9,15.1,0.314,0.321
2023-11-17T18:00,12.2,13.6,0.314,0.321
2023-11-17T19:00,10.6,12.6,0.314,0.321
2023-11-17T20:00,9.9,11.8,0.314,0.321
2023-11-17T21:00,10.4,11.6,0.311,0.319
2023-11-17T22:00,9.8,10.9,0.311,0.319
2023-11-17T23:00,8.9,10.4,0.311,0.319
2023-11-18T00:00,9.1,9.9,0.311,0.319
2023-11-18T01:00,8.6,9.4,0.311,0.319
2023-11-18T02:00,8.2,9.1,0.311,0.319
2023-11-18T03:00,8.2,8.7,0.311,0.319
2023-11-18T04:00,7.9,8.4,0.311,0.319
2023-11-18T05:00,6.2,8.1,0.311,0.319
2023-11-18T06:00,6.4,7.9,0.311,0.319
2023-11-18T07:00,6.7,7.8,0.311,0.319
2023-11-18T08:00,8.8,8.4,0.311,0.319
2023-11-18T09:00,10.5,10.4,0.311,0.318
2023-11-18T10:00,12.8,12.2,0.31,0.318
2023-11-18T11:00,14.9,14.1,0.309,0.318
2023-11-18T12:00,16.5,15.8,0.308,0.318
2023-11-18T13:00,17.4,17.0,0.306,0.317
2023-11-18T14:00,17.9,17.8,0.305,0.317
2023-11-18T15:00,18.0,17.9,0.304,0.316
2023-11-18T16:00,17.6,17.4,0.303,0.316
2023-11-18T17:00,14.6,16.2,0.303,0.316
2023-11-18T18:00,12.6,14.8,0.303,0.316
2023-11-18T19:00,12.6,13.9,0.303,0.316
2023-11-18T20:00,11.4,13.1,0.303,0.316
2023-11-18T21:00,9.9,12.8,0.298,0.313
2023-11-18T22:00,9.9,12.0,0.298,0.313
2023-11-18T23:00,9.2,11.4,0.298,0.313
2023-11-19T00:00,8.6,10.9,0.298,0.313
2023-11-19T01:00,8.1,10.3,0.298,0.313
2023-11-19T02:00,7.8,9.9,0.298,0.313
2023-11-19T03:00,7.7,9.6,0.298,0.313
2023-11-19T04:00,7.4,9.3,0.299,0.313
2023-11-19T05:00,7.0,9.1,0.299,0.313
2023-11-19T06:00,7.2,8.8,0.299,0.313
2023-11-19T07:00,7.0,8.6,0.299,0.313
2023-11-19T08:00,10.5,9.1,0.299,0.313
2023-11-19T09:00,13.1,11.1,0.297,0.312
2023-11-19T10:00,15.4,13.1,0.297,0.312
2023-11-19T11:00,17.4,15.0,0.296,0.311
2023-11-19T12:00,18.9,16.7,0.295,0.311
2023-11-19T13:00,19.9,18.0,0.293,0.311
2023-11-19T14:00,20.5,18.8,0.292,0.31
2023-11-19T15:00,20.6,19.1,0.291,0.31
2023-11-19T16:00,20.2,18.8,0.29,0.31
2023-11-19T17:00,17.4,17.6,0.29,0.309
2023-11-19T18:00,14.3,16.0,0.291,0.309
2023-11-19T19:00,12.9,14.8,0.291,0.309
2023-11-19T20:00,11.9,13.9,0.291,0.309
2023-11-19T21:00,11.9,14.4,0.287,0.307
2023-11-19T22:00,11.4,13.6,0.287,0.307
2023-11-19T23:00,10.6,12.9,0.287,0.307
2023-11-20T00:00,10.1,12.2,0.287,0.307
2023-11-20T01:00,9.9,11.8,0.287,0.307
2023-11-20T02:00,9.4,11.4,0.287,0.307
2023-11-20T03:00,9.2,11.1,0.288,0.307
2023-11-20T04:00,9.2,10.8,0.288,0.307
2023-11-20T05:00,9.1,10.6,0.288,0.307
2023-11-20T06:00,9.1,10.5,0.288,0.307
2023-11-20T07:00,8.9,10.3,0.288,0.306
2023-11-20T08:00,10.8,10.7,0.288,0.306
2023-11-20T09:00,12.6,11.6,0.288,0.306
2023-11-20T10:00,14.8,13.6,0.288,0.306
2023-11-20T11:00,16.9,15.5,0.287,0.306
2023-11-20T12:00,18.5,17.4,0.286,0.305
2023-11-20T13:00,19.8,18.8,0.284,0.305
2023-11-20T14:00,20.5,19.6,0.283,0.305
2023-11-20T15:00,20.8,19.9,0.283,0.304
2023-11-20T16:00,20.4,19.5,0.282,0.304
2023-11-20T17:00,17.5,18.4,0.282,0.304
2023-11-20T18:00,14.4,16.6,0.282,0.304
2023-11-20T19:00,13.5,15.4,0.282,0.304
2023-11-20T20:00,13.3,14.6,0.283,0.304
2023-11-20T21:00,13.5,15.1,0.273,0.298
2023-11-20T22:00,13.1,14.3,0.273,0.298
2023-11-20T23:00,12.7,13.7,0.273,0.298
2023-11-21T00:00,12.3,13.2,0.273,0.298
2023-11-21T01:00,11.9,12.9,0.273,0.298
2023-11-21T02:00,11.4,12.5,0.274,0.298
2023-11-21T03:00,11.1,12.2,0.274,0.298
2023-11-21T04:00,10.7,11.9,0.274,0.297
2023-11-21T05:00,10.3,11.6,0.274,0.297
2023-11-21T06:00,10.1,11.4,0.274,0.297
2023-11-21T07:00,9.9,11.1,0.274,0.297
2023-11-21T08:00,11.6,11.5,0.274,0.297
2023-11-21T09:00,13.6,12.8,0.274,0.297
2023-11-21T10:00,16.1,14.5,0.274,0.297
2023-11-21T11:00,18.5,16.4,0.273,0.296
2023-11-21T12:00,20.0,18.1,0.272,0.296
2023-11-21T13:00,21.0,19.5,0.27,0.296
2023-11-21T14:00,21.6,20.3,0.269,0.295
2023-11-21T15:00,21.8,20.5,0.268,0.295
2023-11-21T16:00,21.2,20.0,0.268,0.295
2023-11-21T17:00,17.9,18.9,0.268,0.294
2023-11-21T18:00,16.0,17.4,0.268,0.294
2023-11-21T19:00,15.4,16.4,0.268,0.294
2023-11-21T20:00,15.1,15.6,0.268,0.294
2023-11-21T21:00,15.3,16.3,0.254,0.285
2023-11-21T22:00,14.4,15.6,0.254,0.285
2023-11-21T23:00,13.6,14.9,0.254,0.285
2023-11-22T00:00,12.8,14.2,0.254,0.285
2023-11-22T01:00,12.0,13.8,0.254,0.285
2023-11-22T02:00,10.8,13.2,0.255,0.285
2023-11-22T03:00,11.4,12.7,0.255,0.285
2023-11-22T04:00,11.1,12.2,0.255,0.285
2023-11-22T05:00,9.9,11.9,0.255,0.285
2023-11-22T06:00,10.3,11.9,0.255,0.285
2023-11-22T07:00,10.5,11.9,0.255,0.285
2023-11-22T08:00,12.4,12.3,0.256,0.285
2023-11-22T09:00,14.6,13.1,0.256,0.285
2023-11-22T10:00,17.3,14.9,0.255,0.284
2023-11-22T11:00,18.9,16.4,0.255,0.284
2023-11-22T12:00,19.8,17.5,0.255,0.284
2023-11-22T13:00,19.9,18.1,0.254,0.284
2023-11-22T14:00,20.5,19.0,0.254,0.284
2023-11-22T15:00,20.9,19.5,0.253,0.283
2023-11-22T16:00,20.8,19.5,0.253,0.283
2023-11-22T17:00,18.6,18.7,0.253,0.283
2023-11-22T18:00,15.9,17.4,0.253,0.283
2023-11-22T19:00,16.1,16.2,0.253,0.283
2023-11-22T20:00,15.9,15.4,0.254,0.283
2023-11-22T21:00,15.9,14.2,0.251,0.281
2023-11-22T22:00,14.7,13.7,0.251,0.281
2023-11-22T23:00,14.4,13.3,0.251,0.281
2023-11-23T00:00,13.9,12.9,0.251,0.281
2023-11-23T01:00,11.4,12.7,0.252,0.281
2023-11-23T02:00,11.3,12.6,0.252,0.281
2023-11-23T03:00,11.4,12.4,0.252,0.281
2023-11-23T04:00,11.3,12.3,0.252,0.281
2023-11-23T05:00,11.6,12.2,0.252,0.281
2023-11-23T06:00,12.4,12.1,0.252,0.281
2023-11-23T07:00,12.6,11.9,0.253,0.281
2023-11-23T08:00,13.6,12.1,0.253,0.281
2023-11-23T09:00,15.2,12.9,0.255,0.282
2023-11-23T10:00,16.8,14.4,0.254,0.282
2023-11-23T11:00,17.5,15.9,0.253,0.281
2023-11-23T12:00,17.6,17.0,0.252,0.281
2023-11-23T13:00,17.8,17.8,0.251,0.281
2023-11-23T14:00,17.7,18.2,0.25,0.28
2023-11-23T15:00,17.2,18.1,0.249,0.28
2023-11-23T16:00,16.2,17.6,0.248,0.28
2023-11-23T17:00,14.6,16.6,0.248,0.279
2023-11-23T18:00,13.4,15.4,0.247,0.279
2023-11-23T19:00,12.5,14.6,0.247,0.279
2023-11-23T20:00,11.7,13.8,0.247,0.279
2023-11-23T21:00,11.4,14.4,0.246,0.278
2023-11-23T22:00,10.8,13.6,0.246,0.278
2023-11-23T23:00,10.1,12.9,0.246,0.278
2023-11-24T00:00,9.7,12.3,0.247,0.278
2023-11-24T01:00,9.2,11.9,0.247,0.278
2023-11-24T02:00,8.6,11.4,0.247,0.278
2023-11-24T03:00,8.1,11.0,0.247,0.278
2023-11-24T04:00,7.5,10.6,0.247,0.278
2023-11-24T05:00,6.9,10.2,0.247,0.278
2023-11-24T06:00,6.5,9.9,0.247,0.278
2023-11-24T07:00,6.1,9.6,0.247,0.278
2023-11-24T08:00,6.7,9.6,0.247,0.278
2023-11-24T09:00,8.5,10.9,0.247,0.278
2023-11-24T10:00,10.2,12.1,0.246,0.277
2023-11-24T11:00,11.6,13.6,0.246,0.277
2023-11-24T12:00,12.8,15.1,0.245,0.277
2023-11-24T13:00,13.6,16.1,0.244,0.276
2023-11-24T14:00,14.2,16.8,0.243,0.276
2023-11-24T15:00,14.4,16.8,0.242,0.276
2023-11-24T16:00,14.2,16.3,0.242,0.276
2023-11-24T17:00,12.8,15.2,0.242,0.276
2023-11-24T18:00,10.9,13.9,0.242,0.276
2023-11-24T19:00,10.1,12.9,0.242,0.275
2023-11-24T20:00,9.4,12.2,0.242,0.275
2023-11-24T21:00,8.5,11.9,0.239,0.273
2023-11-24T22:00,7.8,11.2,0.239,0.273
2023-11-24T23:00,7.2,10.6,0.239,0.273
2023-11-25T00:00,7.2,10.1,0.239,0.273
2023-11-25T01:00,7.0,9.7,0.24,0.273
2023-11-25T02:00,6.4,9.4,0.24,0.273
2023-11-25T03:00,5.8,9.1,0.24,0.273
2023-11-25T04:00,5.3,8.8,0.24,0.273
2023-11-25T05:00,5.1,8.5,0.24,0.273
2023-11-25T06:00,4.9,8.2,0.24,0.273
2023-11-25T07:00,4.8,8.1,0.24,0.273
2023-11-25T08:00,5.8,8.2,0.24,0.273
2023-11-25T09:00,7.3,9.2,0.24,0.273
2023-11-25T10:00,9.6,10.8,0.24,0.273
2023-11-25T11:00,11.4,12.5,0.239,0.272
2023-11-25T12:00,12.8,14.2,0.239,0.272
2023-11-25T13:00,13.8,15.6,0.238,0.272
2023-11-25T14:00,14.2,16.0,0.237,0.271
2023-11-25T15:00,14.3,15.9,0.237,0.271
2023-11-25T16:00,14.0,15.4,0.237,0.271
2023-11-25T17:00,13.1,14.7,0.236,0.271
2023-11-25T18:00,12.9,14.1,0.237,0.271
2023-11-25T19:00,11.5,13.2,0.237,0.271
2023-11-25T20:00,11.6,12.9,0.238,0.271
2023-11-25T21:00,9.9,11.5,0.243,0.272
2023-11-25T22:00,9.4,11.2,0.243,0.272
2023-11-25T23:00,8.9,11.1,0.243,0.272
2023-11-26T00:00,8.6,11.0,0.243,0.272
2023-11-26T01:00,8.4,10.9,0.243,0.272
2023-11-26T02:00,8.1,10.8,0.243,0.272
2023-11-26T03:00,7.9,10.7,0.243,0.272
2023-11-26T04:00,7.3,10.5,0.243,0.272
2023-11-26T05:00,6.2,10.0,0.243,0.272
2023-11-26T06:00,5.8,9.6,0.243,0.272
2023-11-26T07:00,5.6,9.4,0.244,0.272
2023-11-26T08:00,5.9,9.4,0.244,0.272
2023-11-26T09:00,6.4,9.7,0.251,0.271
2023-11-26T10:00,8.0,10.9,0.251,0.271
2023-11-26T11:00,9.1,12.4,0.251,0.271
2023-11-26T12:00,10.4,13.9,0.25,0.271
2023-11-26T13:00,11.3,15.1,0.249,0.271
2023-11-26T14:00,12.0,15.7,0.248,0.271
2023-11-26T15:00,12.4,15.9,0.248,0.27
2023-11-26T16:00,12.4,15.4,0.247,0.27
2023-11-26T17:00,10.9,14.4,0.247,0.27
2023-11-26T18:00,11.2,12.8,0.247,0.27
2023-11-26T19:00,10.3,11.6,0.248,0.27
2023-11-26T20:00,8.1,10.6,0.248,0.27
2023-11-26T21:00,7.3,10.4,0.252,0.274
2023-11-26T22:00,7.3,9.9,0.252,0.274
2023-11-26T23:00,6.7,9.4,0.252,0.274
2023-11-27T00:00,5.9,8.9,0.252,0.274
2023-11-27T01:00,5.5,8.4,0.252,0.274
2023-11-27T02:00,5.8,8.1,0.252,0.274
2023-11-27T03:00,5.5,7.7,0.252,0.274
2023-11-27T04:00,7.1,7.4,0.252,0.274
2023-11-27T05:00,6.1,7.2,0.253,0.274
2023-11-27T06:00,5.4,7.0,0.253,0.274
2023-11-27T07:00,8.1,6.8,0.253,0.274
2023-11-27T08:00,8.1,7.2,0.253,0.274
2023-11-27T09:00,9.2,8.5,0.253,0.273
2023-11-27T10:00,10.8,10.6,0.253,0.273
2023-11-27T11:00,12.4,12.7,0.252,0.273
2023-11-27T12:00,13.9,14.6,0.251,0.273
2023-11-27T13:00,15.1,15.9,0.25,0.273
2023-11-27T14:00,15.9,16.9,0.25,0.272
2023-11-27T15:00,16.4,17.2,0.249,0.272
2023-11-27T16:00,16.4,16.8,0.249,0.272
2023-11-27T17:00,15.4,15.6,0.249,0.272
2023-11-27T18:00,14.5,14.0,0.249,0.272
2023-11-27T19:00,13.5,12.7,0.249,0.272
2023-11-27T20:00,12.7,11.7,0.249,0.272
2023-11-27T21:00,11.7,10.8,0.249,0.272
2023-11-27T22:00,11.2,10.1,0.249,0.272
2023-11-27T23:00,11.1,9.6,0.249,0.272
2023-11-28T00:00,10.2,9.2,0.25,0.272
2023-11-28T01:00,8.9,8.9,0.25,0.272
2023-11-28T02:00,7.4,8.9,0.25,0.272
2023-11-28T03:00,7.6,9.1,0.25,0.272
2023-11-28T04:00,6.8,9.2,0.25,0.272
2023-11-28T05:00,7.1,9.3,0.25,0.272
2023-11-28T06:00,7.0,9.3,0.25,0.272
2023-11-28T07:00,6.8,9.2,0.25,0.272
2023-11-28T08:00,6.9,9.2,0.25,0.272
2023-11-28T09:00,8.6,9.4,0.251,0.271
2023-11-28T10:00,9.6,10.8,0.251,0.271
2023-11-28T11:00,12.3,12.4,0.25,0.271
2023-11-28T12:00,14.5,14.4,0.25,0.271
2023-11-28T13:00,16.3,16.1,0.249,0.271
2023-11-28T14:00,17.8,17.2,0.248,0.271
2023-11-28T15:00,18.4,17.5,0.248,0.27
2023-11-28T16:00,18.4,17.3,0.247,0.27
2023-11-28T17:00,14.9,16.2,0.247,0.27
2023-11-28T18:00,13.0,14.6,0.247,0.27
2023-11-28T19:00,13.1,13.7,0.247,0.27
2023-11-28T20:00,12.8,13.1,0.247,0.27
2023-11-28T21:00,12.7,13.8,0.244,0.268
2023-11-28T22:00,12.4,13.1,0.244,0.268
2023-11-28T23:00,11.4,12.6,0.244,0.267
2023-11-29T00:00,10.5,11.9,0.244,0.267
2023-11-29T01:00,10.6,11.6,0.245,0.267
2023-11-29T02:00,10.4,11.4,0.245,0.267
2023-11-29T03:00,10.2,11.2,0.245,0.267
2023-11-29T04:00,9.4,10.9,0.245,0.267
2023-11-29T05:00,8.5,10.5,0.245,0.267
2023-11-29T06:00,9.1,10.3,0.245,0.267
2023-11-29T07:00,9.1,10.1,0.245,0.267
2023-11-29T08:00,10.5,10.4,0.245,0.267
2023-11-29T09:00,12.8,11.4,0.245,0.267
2023-11-29T10:00,14.4,12.8,0.245,0.267
2023-11-29T11:00,15.7,14.3,0.244,0.267
2023-11-29T12:00,16.5,15.6,0.243,0.267
2023-11-29T13:00,16.9,16.5,0.242,0.266
2023-11-29T14:00,16.5,16.9,0.241,0.266
2023-11-29T15:00,15.6,16.8,0.24,0.266
2023-11-29T16:00,14.2,16.2,0.24,0.266
2023-11-29T17:00,12.6,15.2,0.24,0.266
2023-11-29T18:00,11.1,14.4,0.239,0.266
2023-11-29T19:00,9.9,13.6,0.239,0.266
2023-11-29T20:00,9.4,12.9,0.239,0.266
2023-11-29T21:00,9.7,12.9,0.238,0.265
2023-11-29T22:00,9.4,12.4,0.238,0.265
2023-11-29T23:00,9.1,12.1,0.238,0.265
2023-11-30T00:00,8.7,11.7,0.238,0.265
2023-11-30T01:00,8.4,11.4,0.238,0.265
2023-11-30T02:00,8.0,11.1,0.237,0.265
2023-11-30T03:00,7.4,10.9,0.237,0.265
2023-11-30T04:00,7.1,10.6,0.237,0.265
2023-11-30T05:00,6.6,10.3,0.237,0.265
2023-11-30T06:00,6.2,10.1,0.237,0.265
2023-11-30T07:00,5.9,9.8,0.237,0.265
2023-11-30T08:00,5.7,9.6,0.237,0.265
2023-11-30T09:00,6.1,10.1,0.238,0.265
2023-11-30T10:00,6.3,10.0,0.238,0.265
2023-11-30T11:00,7.2,10.1,0.238,0.265
2023-11-30T12:00,7.8,10.3,0.238,0.265
2023-11-30T13:00,7.9,10.4,0.237,0.265
2023-11-30T14:00,7.8,10.4,0.237,0.265
2023-11-30T15:00,7.8,10.3,0.237,0.265
2023-11-30T16:00,7.4,10.1,0.237,0.265
2023-11-30T17:00,7.1,9.9,0.237,0.265
2023-11-30T18:00,6.7,9.6,0.237,0.265
2023-11-30T19:00,6.6,9.4,0.237,0.265
2023-11-30T20:00,6.4,9.2,0.237,0.265
2023-11-30T21:00,6.2,8.9,0.239,0.266
2023-11-30T22:00,6.1,8.8,0.239,0.266
2023-11-30T23:00,5.7,8.6,0.239,0.266
2023-12-01T00:00,5.6,8.4,0.239,0.266
2023-12-01T01:00,5.3,8.2,0.239,0.266
2023-12-01T02:00,4.0,7.6,0.239,0.266
2023-12-01T03:00,3.1,7.0,0.239,0.266
2023-12-01T04:00,2.4,6.4,0.239,0.266
2023-12-01T05:00,1.7,5.9,0.239,0.266
2023-12-01T06:00,1.1,5.3,0.239,0.266
2023-12-01T07:00,0.6,4.8,0.239,0.266
2023-12-01T08:00,2.6,4.9,0.239,0.266
2023-12-01T09:00,4.6,6.0,0.24,0.266
2023-12-01T10:00,6.8,7.8,0.24,0.266
2023-12-01T11:00,8.4,9.9,0.24,0.266
2023-12-01T12:00,9.5,11.6,0.239,0.265
2023-12-01T13:00,10.1,12.8,0.238,0.265
2023-12-01T14:00,10.4,13.4,0.237,0.265
2023-12-01T15:00,10.5,13.3,0.237,0.265
2023-12-01T16:00,10.2,12.8,0.236,0.264
2023-12-01T17:00,8.7,11.7,0.236,0.264
2023-12-01T18:00,6.9,10.4,0.236,0.264
2023-12-01T19:00,7.2,9.6,0.236,0.264
2023-12-01T20:00,7.2,9.2,0.236,0.264
2023-12-01T21:00,6.6,8.8,0.235,0.263
2023-12-01T22:00,6.4,8.4,0.236,0.263
2023-12-01T23:00,6.8,8.4,0.236,0.263
2023-12-02T00:00,6.8,8.1,0.236,0.263
2023-12-02T01:00,6.6,8.1,0.236,0.263
2023-12-02T02:00,6.3,8.1,0.236,0.263
2023-12-02T03:00,5.7,7.4,0.236,0.263
2023-12-02T04:00,4.0,6.7,0.236,0.263
2023-12-02T05:00,4.9,6.1,0.236,0.263
2023-12-02T06:00,4.0,5.8,0.236,0.263
2023-12-02T07:00,4.3,5.6,0.236,0.263
2023-12-02T08:00,5.1,5.7,0.237,0.263
2023-12-02T09:00,7.6,7.2,0.238,0.265
2023-12-02T10:00,9.6,9.1,0.237,0.265
2023-12-02T11:00,10.8,11.1,0.237,0.265
2023-12-02T12:00,11.6,12.7,0.236,0.265
2023-12-02T13:00,12.1,13.6,0.235,0.264
2023-12-02T14:00,12.4,14.3,0.235,0.264
2023-12-02T15:00,12.4,14.4,0.234,0.264
2023-12-02T16:00,12.2,13.9,0.234,0.264
2023-12-02T17:00,10.4,12.9,0.234,0.264
2023-12-02T18:00,9.5,11.4,0.234,0.264
2023-12-02T19:00,9.6,10.4,0.234,0.264
2023-12-02T20:00,9.6,9.6,0.234,0.264
2023-12-02T21:00,8.6,8.5,0.234,0.263
2023-12-02T22:00,8.9,8.0,0.234,0.263
2023-12-02T23:00,7.1,7.8,0.234,0.263
2023-12-03T00:00,7.0,7.7,0.234,0.263
2023-12-03T01:00,6.8,7.8,0.234,0.263
2023-12-03T02:00,7.4,8.1,0.234,0.263
2023-12-03T03:00,7.3,8.2,0.234,0.263
2023-12-03T04:00,5.8,7.9,0.234,0.263
2023-12-03T05:00,6.7,8.0,0.234,0.263
2023-12-03T06:00,6.8,8.1,0.235,0.263
2023-12-03T07:00,6.1,7.9,0.235,0.263
2023-12-03T08:00,7.1,8.0,0.235,0.263
2023-12-03T09:00,8.4,7.8,0.237,0.264
2023-12-03T10:00,10.2,9.6,0.237,0.264
2023-12-03T11:00,11.7,11.6,0.236,0.263
2023-12-03T12:00,12.9,13.2,0.236,0.263
2023-12-03T13:00,13.8,14.7,0.235,0.263
2023-12-03T14:00,14.4,15.5,0.234,0.263
2023-12-03T15:00,14.3,15.5,0.233,0.263
2023-12-03T16:00,14.0,14.9,0.233,0.262
2023-12-03T17:00,12.2,13.9,0.233,0.262
2023-12-03T18:00,12.1,12.9,0.233,0.262
2023-12-03T19:00,11.4,12.1,0.233,0.262
2023-12-03T20:00,10.1,11.4,0.233,0.262
2023-12-03T21:00,9.5,11.2,0.231,0.26
2023-12-03T22:00,10.2,11.0,0.232,0.26
2023-12-03T23:00,9.7,10.8,0.232,0.26
2023-12-04T00:00,9.8,10.6,0.232,0.26
2023-12-04T01:00,9.3,10.4,0.232,0.26
2023-12-04T02:00,9.1,10.2,0.232,0.26
2023-12-04T03:00,8.4,9.9,0.232,0.26
2023-12-04T04:00,8.2,9.4,0.232,0.26
2023-12-04T05:00,8.6,9.1,0.232,0.26
2023-12-04T06:00,8.6,8.8,0.232,0.26
2023-12-04T07:00,7.4,8.2,0.233,0.26
2023-12-04T08:00,7.8,8.2,0.233,0.26
2023-12-04T09:00,9.6,9.4,0.227,0.256
2023-12-04T10:00,11.4,10.8,0.227,0.256
2023-12-04T11:00,12.9,12.2,0.227,0.256
2023-12-04T12:00,13.6,13.3,0.226,0.255
2023-12-04T13:00,14.3,14.2,0.226,0.255
2023-12-04T14:00,14.9,15.0,0.225,0.255
2023-12-04T15:00,15.3,15.5,0.225,0.255
2023-12-04T16:00,15.1,15.2,0.224,0.255
2023-12-04T17:00,12.6,14.2,0.224,0.255
2023-12-04T18:00,10.6,12.9,0.224,0.255
2023-12-04T19:00,9.4,11.8,0.224,0.255
2023-12-04T20:00,8.5,10.9,0.224,0.255
2023-12-04T21:00,8.7,11.3,0.222,0.253
2023-12-04T22:00,8.1,10.4,0.222,0.253
2023-12-04T23:00,6.8,9.7,0.222,0.253
2023-12-05T00:00,7.1,9.1,0.222,0.253
2023-12-05T01:00,7.4,8.5,0.222,0.253
2023-12-05T02:00,6.4,7.9,0.222,0.253
2023-12-05T03:00,8.9,7.6,0.222,0.253
2023-12-05T04:00,6.2,7.2,0.223,0.253
2023-12-05T05:00,4.7,6.8,0.223,0.253
2023-12-05T06:00,4.8,6.6,0.223,0.253
2023-12-05T07:00,5.1,6.4,0.223,0.253
2023-12-05T08:00,7.0,6.8,0.223,0.252
2023-12-05T09:00,8.9,7.9,0.224,0.253
2023-12-05T10:00,11.6,10.0,0.224,0.253
2023-12-05T11:00,13.9,12.1,0.223,0.253
2023-12-05T12:00,15.2,14.1,0.223,0.253
2023-12-05T13:00,16.2,15.6,0.222,0.252
2023-12-05T14:00,16.8,16.5,0.221,0.252
2023-12-05T15:00,17.0,16.8,0.221,0.252
2023-12-05T16:00,16.9,16.4,0.22,0.252
2023-12-05T17:00,14.5,15.1,0.22,0.252
2023-12-05T18:00,11.2,13.4,0.221,0.252
2023-12-05T19:00,9.8,12.1,0.221,0.252
2023-12-05T20:00,8.9,11.1,0.221,0.252
2023-12-05T21:00,9.9,11.8,0.217,0.25
2023-12-05T22:00,9.1,11.0,0.217,0.25
2023-12-05T23:00,9.9,10.4,0.217,0.249
2023-12-06T00:00,8.3,9.8,0.218,0.249
2023-12-06T01:00,8.0,9.4,0.218,0.249
2023-12-06T02:00,7.2,9.1,0.218,0.249
2023-12-06T03:00,7.7,8.9,0.218,0.249
2023-12-06T04:00,9.3,8.8,0.218,0.249
2023-12-06T05:00,8.3,8.9,0.218,0.249
2023-12-06T06:00,8.1,8.9,0.218,0.249
2023-12-06T07:00,8.2,8.8,0.218,0.249
2023-12-06T08:00,10.3,9.1,0.218,0.249
2023-12-06T09:00,12.4,9.6,0.219,0.25
2023-12-06T10:00,14.4,11.4,0.219,0.25
2023-12-06T11:00,16.2,13.3,0.219,0.25
2023-12-06T12:00,17.2,15.0,0.218,0.25
2023-12-06T13:00,17.7,16.4,0.217,0.25
2023-12-06T14:00,17.9,17.2,0.216,0.249
2023-12-06T15:00,17.8,17.5,0.216,0.249
2023-12-06T16:00,17.2,17.0,0.215,0.249
2023-12-06T17:00,13.7,15.6,0.215,0.249
2023-12-06T18:00,15.1,13.9,0.215,0.249
2023-12-06T19:00,10.6,12.5,0.216,0.249
2023-12-06T20:00,9.8,11.6,0.216,0.249
2023-12-06T21:00,11.0,12.1,0.21,0.245
2023-12-06T22:00,10.8,11.6,0.21,0.245
2023-12-06T23:00,10.6,11.1,0.21,0.245
2023-12-07T00:00,10.2,10.7,0.21,0.245
2023-12-07T01:00,9.2,10.2,0.21,0.245
2023-12-07T02:00,8.6,9.8,0.21,0.245
2023-12-07T03:00,8.4,9.4,0.21,0.245
2023-12-07T04:00,7.8,9.1,0.211,0.245
2023-12-07T05:00,7.8,8.8,0.211,0.245
2023-12-07T06:00,7.7,8.5,0.211,0.245
2023-12-07T07:00,7.4,8.2,0.211,0.245
2023-12-07T08:00,9.4,8.4,0.211,0.245
2023-12-07T09:00,11.8,9.9,0.211,0.245
2023-12-07T10:00,14.1,11.6,0.211,0.245
2023-12-07T11:00,16.3,13.6,0.21,0.245
2023-12-07T12:00,18.3,15.4,0.21,0.244
2023-12-07T13:00,19.6,16.8,0.209,0.244
2023-12-07T14:00,20.4,17.8,0.208,0.244
2023-12-07T15:00,20.6,18.1,0.208,0.244
2023-12-07T16:00,20.0,17.9,0.207,0.244
2023-12-07T17:00,17.9,17.0,0.207,0.244
2023-12-07T18:00,15.6,15.6,0.207,0.244
2023-12-07T19:00,14.4,14.6,0.207,0.244
2023-12-07T20:00,13.2,13.6,0.207,0.244
2023-12-07T21:00,13.4,14.1,0.201,0.239
2023-12-07T22:00,13.4,13.4,0.201,0.239
2023-12-07T23:00,12.4,12.8,0.201,0.239
2023-12-08T00:00,11.7,12.1,0.201,0.239
2023-12-08T01:00,11.4,11.7,0.201,0.239
2023-12-08T02:00,10.8,11.2,0.201,0.239
2023-12-08T03:00,10.6,10.9,0.201,0.239
2023-12-08T04:00,10.4,10.6,0.201,0.239
2023-12-08T05:00,10.1,10.4,0.202,0.239
2023-12-08T06:00,9.8,10.2,0.202,0.239
2023-12-08T07:00,9.6,10.1,0.202,0.239
2023-12-08T08:00,10.8,10.2,0.202,0.239
2023-12-08T09:00,14.3,11.9,0.204,0.241
2023-12-08T10:00,17.1,13.6,0.203,0.24
2023-12-08T11:00,19.5,15.4,0.203,0.24
2023-12-08T12:00,21.5,17.1,0.202,0.24
2023-12-08T13:00,22.7,18.6,0.201,0.24
2023-12-08T14:00,23.2,19.6,0.201,0.239
2023-12-08T15:00,23.5,19.9,0.2,0.239
2023-12-08T16:00,22.1,19.5,0.2,0.239
2023-12-08T17:00,19.6,18.5,0.199,0.239
2023-12-08T18:00,17.9,17.4,0.2,0.239
2023-12-08T19:00,17.0,16.5,0.2,0.239
2023-12-08T20:00,15.6,15.6,0.2,0.239
2023-12-08T21:00,15.6,16.3,0.19,0.233
2023-12-08T22:00,16.2,15.6,0.19,0.233
2023-12-08T23:00,14.8,15.1,0.19,0.233
2023-12-09T00:00,15.6,14.8,0.19,0.233
2023-12-09T01:00,15.9,14.6,0.19,0.233
2023-12-09T02:00,15.8,14.6,0.19,0.233
2023-12-09T03:00,15.1,14.4,0.19,0.233
2023-12-09T04:00,15.1,14.3,0.19,0.233
2023-12-09T05:00,14.8,14.2,0.191,0.233
2023-12-09T06:00,14.1,14.1,0.192,0.233
2023-12-09T07:00,13.6,13.8,0.194,0.233
2023-12-09T08:00,14.1,13.6,0.195,0.233
2023-12-09T09:00,16.1,14.8,0.184,0.229
2023-12-09T10:00,18.0,16.0,0.184,0.229
2023-12-09T11:00,19.5,17.4,0.183,0.229
2023-12-09T12:00,20.5,18.6,0.183,0.229
2023-12-09T13:00,21.8,19.9,0.183,0.229
2023-12-09T14:00,22.5,20.8,0.182,0.229
2023-12-09T15:00,22.9,21.2,0.182,0.228
2023-12-09T16:00,22.4,20.9,0.181,0.228
2023-12-09T17:00,20.7,20.1,0.181,0.228
2023-12-09T18:00,19.2,19.3,0.183,0.228
2023-12-09T19:00,18.5,18.1,0.185,0.228
2023-12-09T20:00,18.1,17.5,0.186,0.228
2023-12-09T21:00,17.8,17.8,0.21,0.22
2023-12-09T22:00,16.9,17.2,0.211,0.22
2023-12-09T23:00,16.4,16.9,0.211,0.22
2023-12-10T00:00,15.8,16.5,0.211,0.22
2023-12-10T01:00,15.5,16.1,0.213,0.22
2023-12-10T02:00,15.2,15.8,0.214,0.22
2023-12-10T03:00,15.1,15.5,0.214,0.22
2023-12-10T04:00,15.0,15.3,0.234,0.22
2023-12-10T05:00,14.9,15.1,0.237,0.22
2023-12-10T06:00,14.4,14.9,0.24,0.22
2023-12-10T07:00,13.5,14.5,0.242,0.221
2023-12-10T08:00,12.9,14.1,0.257,0.221
2023-12-10T09:00,12.9,13.3,0.251,0.222
2023-12-10T10:00,14.6,14.2,0.251,0.222
2023-12-10T11:00,14.9,14.8,0.251,0.222
2023-12-10T12:00,15.1,15.2,0.25,0.222
2023-12-10T13:00,15.1,15.4,0.25,0.222
2023-12-10T14:00,15.3,15.8,0.25,0.222
2023-12-10T15:00,14.7,15.8,0.249,0.222
2023-12-10T16:00,13.9,15.3,0.252,0.222
2023-12-10T17:00,12.9,14.4,0.26,0.222
2023-12-10T18:00,12.6,13.9,0.26,0.222
2023-12-10T19:00,12.4,13.4,0.282,0.222
2023-12-10T20:00,11.9,13.1,0.304,0.223
2023-12-10T21:00,10.5,11.6,0.324,0.226
2023-12-10T22:00,10.2,11.5,0.323,0.227
2023-12-10T23:00,9.9,11.4,0.325,0.227
2023-12-11T00:00,9.5,11.2,0.329,0.228
2023-12-11T01:00,8.9,10.9,0.355,0.228
2023-12-11T02:00,8.1,10.5,0.374,0.23
2023-12-11T03:00,7.4,10.1,0.37,0.231
2023-12-11T04:00,6.5,9.6,0.367,0.233
2023-12-11T05:00,5.9,9.1,0.366,0.234
2023-12-11T06:00,5.4,8.6,0.368,0.235
2023-12-11T07:00,5.3,8.1,0.365,0.237
2023-12-11T08:00,5.3,8.1,0.362,0.238
2023-12-11T09:00,4.6,7.7,0.365,0.238
2023-12-11T10:00,4.5,7.8,0.362,0.239
2023-12-11T11:00,4.9,8.2,0.359,0.24
2023-12-11T12:00,6.0,8.9,0.355,0.241
2023-12-11T13:00,7.3,9.8,0.352,0.242
2023-12-11T14:00,7.9,10.6,0.349,0.242
2023-12-11T15:00,6.8,10.4,0.347,0.243
2023-12-11T16:00,6.2,9.7,0.347,0.244
2023-12-11T17:00,5.7,9.0,0.345,0.244
2023-12-11T18:00,5.3,8.6,0.343,0.245
2023-12-11T19:00,5.3,8.4,0.341,0.246
2023-12-11T20:00,5.1,8.3,0.339,0.246
2023-12-11T21:00,3.9,6.5,0.351,0.247
2023-12-11T22:00,3.7,6.7,0.349,0.248
2023-12-11T23:00,3.5,6.8,0.347,0.248
2023-12-12T00:00,3.2,6.6,0.345,0.249
2023-12-12T01:00,3.3,6.6,0.343,0.25
2023-12-12T02:00,3.0,6.5,0.341,0.25
2023-12-12T03:00,3.0,6.5,0.34,0.251
2023-12-12T04:00,2.8,6.4,0.338,0.251
2023-12-12T05:00,2.0,6.1,0.336,0.252
2023-12-12T06:00,1.6,5.7,0.335,0.252
2023-12-12T07:00,1.1,5.3,0.334,0.253
2023-12-12T08:00,1.4,5.2,0.332,0.253
2023-12-12T09:00,2.3,6.1,0.335,0.254
2023-12-12T10:00,3.4,7.1,0.334,0.254
2023-12-12T11:00,5.0,8.4,0.332,0.254
2023-12-12T12:00,6.1,9.9,0.33,0.255
2023-12-12T13:00,7.2,11.1,0.328,0.255
2023-12-12T14:00,7.8,11.9,0.326,0.255
2023-12-12T15:00,8.6,12.1,0.324,0.255
2023-12-12T16:00,8.5,11.8,0.323,0.256
2023-12-12T17:00,7.8,10.8,0.322,0.256
2023-12-12T18:00,7.3,9.9,0.321,0.256
2023-12-12T19:00,6.9,9.2,0.32,0.256
2023-12-12T20:00,6.6,8.8,0.319,0.257
2023-12-12T21:00,6.4,8.4,0.319,0.259
2023-12-12T22:00,6.7,8.3,0.319,0.259
2023-12-12T23:00,6.8,8.3,0.318,0.259
2023-12-13T00:00,6.8,8.3,0.317,0.26
2023-12-13T01:00,6.8,8.3,0.316,0.26
2023-12-13T02:00,6.6,8.2,0.316,0.26
2023-12-13T03:00,6.6,8.2,0.315,0.26
2023-12-13T04:00,6.4,8.1,0.314,0.26
2023-12-13T05:00,6.5,8.1,0.314,0.261
2023-12-13T06:00,6.5,8.1,0.313,0.261
2023-12-13T07:00,6.7,8.1,0.312,0.261
2023-12-13T08:00,7.1,8.2,0.312,0.261
2023-12-13T09:00,7.4,8.1,0.312,0.262
2023-12-13T10:00,7.7,8.4,0.311,0.262
2023-12-13T11:00,8.1,8.8,0.313,0.262
2023-12-13T12:00,8.5,9.2,0.316,0.262
2023-12-13T13:00,8.9,9.5,0.32,0.262
2023-12-13T14:00,9.2,9.8,0.322,0.263
2023-12-13T15:00,9.8,10.1,0.323,0.263
2023-12-13T16:00,9.8,10.1,0.323,0.263
2023-12-13T17:00,9.8,10.0,0.324,0.264
2023-12-13T18:00,9.7,9.9,0.326,0.264
2023-12-13T19:00,9.6,9.8,0.327,0.264
2023-12-13T20:00,9.6,9.8,0.329,0.264
2023-12-13T21:00,9.0,8.9,0.342,0.265
2023-12-13T22:00,8.9,9.1,0.376,0.266
2023-12-13T23:00,9.0,9.2,0.377,0.267
2023-12-14T00:00,8.9,9.2,0.379,0.269
2023-12-14T01:00,8.8,9.2,0.38,0.27
2023-12-14T02:00,8.6,9.2,0.379,0.271
2023-12-14T03:00,8.2,9.1,0.377,0.273
2023-12-14T04:00,8.1,9.0,0.379,0.274
2023-12-14T05:00,8.1,8.9,0.378,0.275
2023-12-14T06:00,8.4,9.0,0.377,0.277
2023-12-14T07:00,8.6,9.1,0.375,0.278
2023-12-14T08:00,8.6,9.2,0.374,0.279
2023-12-14T09:00,7.2,8.1,0.353,0.272
2023-12-14T10:00,7.7,8.4,0.351,0.272
2023-12-14T11:00,8.4,8.9,0.35,0.273
2023-12-14T12:00,8.5,9.4,0.348,0.273
2023-12-14T13:00,8.1,9.5,0.347,0.274
2023-12-14T14:00,7.5,9.4,0.347,0.274
2023-12-14T15:00,7.1,9.1,0.347,0.275
2023-12-14T16:00,6.6,8.7,0.347,0.275
2023-12-14T17:00,6.2,8.2,0.349,0.276
2023-12-14T18:00,5.8,7.9,0.354,0.277
2023-12-14T19:00,5.3,7.6,0.362,0.277
2023-12-14T20:00,5.0,7.2,0.372,0.278
2023-12-14T21:00,3.1,5.8,0.436,0.284
2023-12-14T22:00,2.8,5.6,0.422,0.295
2023-12-14T23:00,2.7,5.3,0.414,0.3
2023-12-15T00:00,2.8,5.1,0.413,0.304
2023-12-15T01:00,2.5,4.9,0.416,0.307
2023-12-15T02:00,2.4,4.8,0.423,0.312
2023-12-15T03:00,2.2,4.7,0.423,0.318
2023-12-15T04:00,2.1,4.5,0.432,0.328
2023-12-15T05:00,2.0,4.3,0.426,0.341
2023-12-15T06:00,2.0,4.2,0.431,0.347
2023-12-15T07:00,1.6,4.0,0.425,0.358
2023-12-15T08:00,1.7,3.8,0.418,0.361
2023-12-15T09:00,2.5,4.4,0.42,0.355
2023-12-15T10:00,2.6,4.4,0.417,0.357
2023-12-15T11:00,2.8,4.7,0.419,0.36
2023-12-15T12:00,3.2,5.3,0.415,0.362
2023-12-15T13:00,3.5,5.8,0.409,0.364
2023-12-15T14:00,3.2,5.9,0.405,0.365
2023-12-15T15:00,3.0,6.1,0.401,0.366
2023-12-15T16:00,2.5,5.9,0.398,0.366
2023-12-15T17:00,1.5,5.5,0.395,0.367
2023-12-15T18:00,1.2,5.2,0.393,0.367
2023-12-15T19:00,0.8,4.8,0.391,0.367
2023-12-15T20:00,0.6,4.6,0.389,0.367
2023-12-15T21:00,0.6,4.4,0.383,0.361
2023-12-15T22:00,0.2,4.2,0.381,0.361
2023-12-15T23:00,0.1,4.0,0.38,0.361
2023-12-16T00:00,-0.1,3.8,0.379,0.361
2023-12-16T01:00,-0.2,3.7,0.378,0.361
2023-12-16T02:00,-0.8,3.2,0.377,0.361
2023-12-16T03:00,-0.7,3.0,0.376,0.361
2023-12-16T04:00,-0.2,3.0,0.376,0.361
2023-12-16T05:00,-0.1,3.0,0.375,0.361
2023-12-16T06:00,-0.2,3.0,0.374,0.361
2023-12-16T07:00,-0.2,3.0,0.373,0.361
2023-12-16T08:00,0.0,3.0,0.372,0.361
2023-12-16T09:00,0.3,3.0,0.37,0.36
2023-12-16T10:00,0.8,3.3,0.369,0.36
2023-12-16T11:00,1.4,4.0,0.368,0.36
2023-12-16T12:00,2.0,4.6,0.367,0.36
2023-12-16T13:00,2.4,5.2,0.366,0.36
2023-12-16T14:00,3.5,6.2,0.365,0.359
2023-12-16T15:00,3.8,6.5,0.364,0.359
2023-12-16T16:00,3.7,6.3,0.363,0.359
2023-12-16T17:00,3.3,5.8,0.362,0.359
2023-12-16T18:00,1.7,4.8,0.362,0.358
2023-12-16T19:00,1.2,4.2,0.361,0.358
2023-12-16T20:00,1.2,3.7,0.361,0.358
2023-12-16T21:00,0.7,3.5,0.368,0.361
2023-12-16T22:00,0.9,3.5,0.368,0.361
2023-12-16T23:00,0.7,3.4,0.367,0.361
2023-12-17T00:00,0.6,3.3,0.367,0.361
2023-12-17T01:00,0.2,3.2,0.366,0.36
2023-12-17T02:00,0.0,3.2,0.366,0.36
2023-12-17T03:00,-0.2,3.0,0.365,0.36
2023-12-17T04:00,-0.4,3.0,0.364,0.36
2023-12-17T05:00,-0.9,2.7,0.364,0.36
2023-12-17T06:00,-1.9,2.2,0.364,0.36
2023-12-17T07:00,-2.3,1.8,0.363,0.36
2023-12-17T08:00,-2.2,1.5,0.363,0.36
2023-12-17T09:00,-0.5,2.8,0.368,0.362
2023-12-17T10:00,0.9,3.8,0.367,0.362
2023-12-17T11:00,2.3,5.1,0.366,0.361
2023-12-17T12:00,3.3,6.4,0.365,0.361
2023-12-17T13:00,3.9,7.3,0.364,0.361
2023-12-17T14:00,4.0,7.7,0.363,0.36
2023-12-17T15:00,3.2,7.0,0.362,0.36
2023-12-17T16:00,3.0,6.4,0.362,0.36
2023-12-17T17:00,2.9,5.9,0.361,0.36
2023-12-17T18:00,2.9,5.5,0.361,0.36
2023-12-17T19:00,3.0,5.2,0.36,0.36
2023-12-17T20:00,3.1,5.1,0.36,0.359
2023-12-17T21:00,1.8,3.5,0.363,0.36
2023-12-17T22:00,2.0,3.7,0.363,0.36
2023-12-17T23:00,1.9,3.8,0.362,0.36
2023-12-18T00:00,1.9,3.9,0.362,0.36
2023-12-18T01:00,1.6,3.9,0.362,0.36
2023-12-18T02:00,1.4,3.8,0.361,0.36
2023-12-18T03:00,1.2,3.8,0.361,0.36
2023-12-18T04:00,1.1,3.8,0.361,0.359
2023-12-18T05:00,0.8,3.7,0.361,0.359
2023-12-18T06:00,0.6,3.6,0.361,0.359
2023-12-18T07:00,0.3,3.5,0.36,0.359
2023-12-18T08:00,0.2,3.4,0.36,0.359
2023-12-18T09:00,0.2,3.6,0.362,0.359
2023-12-18T10:00,0.2,3.7,0.362,0.359
2023-12-18T11:00,0.4,3.9,0.361,0.359
2023-12-18T12:00,0.6,4.1,0.362,0.359
2023-12-18T13:00,0.9,4.2,0.362,0.359
2023-12-18T14:00,1.1,4.4,0.362,0.359
2023-12-18T15:00,1.1,4.4,0.363,0.358
2023-12-18T16:00,1.4,4.4,0.363,0.358
2023-12-18T17:00,1.1,4.2,0.363,0.358
2023-12-18T18:00,0.9,3.8,0.363,0.358
2023-12-18T19:00,0.9,3.7,0.363,0.358
2023-12-18T20:00,0.9,3.5,0.363,0.358
2023-12-18T21:00,0.1,3.2,0.364,0.358
2023-12-18T22:00,-0.2,3.0,0.364,0.358
2023-12-18T23:00,-0.9,2.6,0.364,0.358
2023-12-19T00:00,-1.9,2.0,0.363,0.358
2023-12-19T01:00,-2.2,1.7,0.363,0.358
2023-12-19T02:00,-2.8,1.3,0.363,0.357
2023-12-19T03:00,-3.0,0.9,0.362,0.357
2023-12-19T04:00,-3.2,0.9,0.362,0.357
2023-12-19T05:00,-3.2,0.8,0.362,0.357
2023-12-19T06:00,-3.2,0.6,0.361,0.357
2023-12-19T07:00,-3.0,0.6,0.361,0.357
2023-12-19T08:00,-2.0,0.6,0.361,0.357
2023-12-19T09:00,-0.8,0.7,0.358,0.356
2023-12-19T10:00,0.7,1.8,0.358,0.355
2023-12-19T11:00,2.0,3.7,0.357,0.355
2023-12-19T12:00,3.0,5.4,0.356,0.355
2023-12-19T13:00,3.9,6.8,0.355,0.355
2023-12-19T14:00,4.6,7.8,0.354,0.354
2023-12-19T15:00,5.0,8.1,0.354,0.354
2023-12-19T16:00,4.9,7.8,0.353,0.354
2023-12-19T17:00,4.6,6.8,0.353,0.354
2023-12-19T18:00,2.8,5.3,0.353,0.354
2023-12-19T19:00,3.6,4.2,0.352,0.353
2023-12-19T20:00,0.5,3.5,0.352,0.353
2023-12-19T21:00,1.1,3.2,0.351,0.353
2023-12-19T22:00,0.8,2.9,0.351,0.353
2023-12-19T23:00,0.4,2.6,0.351,0.352
2023-12-20T00:00,-0.1,2.3,0.351,0.352
2023-12-20T01:00,-0.6,2.0,0.351,0.352
2023-12-20T02:00,-0.6,1.9,0.351,0.352
2023-12-20T03:00,-0.6,1.8,0.351,0.352
2023-12-20T04:00,-0.2,1.8,0.35,0.352
2023-12-20T05:00,-0.1,1.9,0.35,0.352
2023-12-20T06:00,-0.9,1.6,0.35,0.352
2023-12-20T07:00,-1.7,1.4,0.35,0.351
2023-12-20T08:00,-1.6,1.2,0.35,0.351
2023-12-20T09:00,-0.1,2.6,0.346,0.349
2023-12-20T10:00,1.5,3.6,0.345,0.349
2023-12-20T11:00,3.0,4.9,0.345,0.349
2023-12-20T12:00,4.2,6.2,0.344,0.349
2023-12-20T13:00,5.0,7.3,0.343,0.348
2023-12-20T14:00,5.3,8.0,0.342,0.348
2023-12-20T15:00,5.6,8.1,0.341,0.348
2023-12-20T16:00,5.3,7.8,0.341,0.347
2023-12-20T17:00,4.0,6.8,0.341,0.347
2023-12-20T18:00,2.5,5.6,0.341,0.347
2023-12-20T19:00,1.8,4.8,0.34,0.347
2023-12-20T20:00,0.9,4.1,0.34,0.347
2023-12-20T21:00,-0.4,3.5,0.339,0.346
2023-12-20T22:00,-0.9,2.9,0.339,0.346
2023-12-20T23:00,-1.3,2.4,0.339,0.346
2023-12-21T00:00,-1.6,2.0,0.339,0.346
2023-12-21T01:00,-1.9,1.7,0.339,0.346
2023-12-21T02:00,-2.2,1.4,0.339,0.345
2023-12-21T03:00,-2.3,1.1,0.339,0.345
2023-12-21T04:00,-2.6,0.9,0.339,0.345
2023-12-21T05:00,-3.0,0.8,0.339,0.345
2023-12-21T06:00,-3.2,0.8,0.339,0.345
2023-12-21T07:00,-3.4,0.6,0.339,0.345
2023-12-21T08:00,-3.1,0.6,0.339,0.345
2023-12-21T09:00,-1.6,1.5,0.343,0.347
2023-12-21T10:00,-0.5,2.4,0.343,0.347
2023-12-21T11:00,0.4,3.5,0.342,0.347
2023-12-21T12:00,1.1,4.6,0.341,0.347
2023-12-21T13:00,1.7,5.4,0.34,0.346
2023-12-21T14:00,2.0,6.0,0.34,0.346
2023-12-21T15:00,1.9,6.0,0.339,0.346
2023-12-21T16:00,1.3,5.5,0.338,0.346
2023-12-21T17:00,0.3,4.6,0.338,0.345
2023-12-21T18:00,-0.9,3.4,0.338,0.345
2023-12-21T19:00,-1.4,2.6,0.338,0.345
2023-12-21T20:00,-1.6,2.1,0.338,0.345
2023-12-21T21:00,-2.0,2.3,0.339,0.345
2023-12-21T22:00,-2.8,1.6,0.339,0.345
2023-12-21T23:00,-3.5,0.9,0.339,0.345
2023-12-22T00:00,-3.8,0.8,0.338,0.345
2023-12-22T01:00,-4.2,0.6,0.338,0.345
2023-12-22T02:00,-4.3,0.5,0.338,0.345
2023-12-22T03:00,-4.4,0.4,0.338,0.344
2023-12-22T04:00,-4.7,0.3,0.338,0.344
2023-12-22T05:00,-4.7,0.3,0.338,0.344
2023-12-22T06:00,-4.7,0.2,0.338,0.344
2023-12-22T07:00,-4.8,0.2,0.338,0.344
2023-12-22T08:00,-4.1,0.1,0.338,0.344
2023-12-22T09:00,-2.8,-0.4,0.338,0.344
2023-12-22T10:00,-1.5,-0.3,0.338,0.344
2023-12-22T11:00,-0.6,-0.2,0.338,0.344
2023-12-22T12:00,0.4,0.1,0.337,0.343
2023-12-22T13:00,1.0,0.3,0.337,0.343
2023-12-22T14:00,1.5,0.8,0.336,0.343
2023-12-22T15:00,1.8,2.2,0.336,0.343
2023-12-22T16:00,1.6,2.8,0.335,0.342
2023-12-22T17:00,-0.4,2.3,0.335,0.342
2023-12-22T18:00,-1.5,1.5,0.335,0.342
2023-12-22T19:00,-0.6,1.0,0.335,0.342
2023-12-22T20:00,0.6,0.8,0.335,0.342
2023-12-22T21:00,0.2,1.8,0.334,0.341
2023-12-22T22:00,0.2,1.5,0.334,0.341
2023-12-22T23:00,-0.3,1.5,0.334,0.341
2023-12-23T00:00,-0.6,1.3,0.334,0.341
2023-12-23T01:00,0.2,1.0,0.334,0.341
2023-12-23T02:00,-0.4,1.0,0.334,0.341
2023-12-23T03:00,0.1,0.9,0.334,0.341
2023-12-23T04:00,-0.4,0.9,0.334,0.341
2023-12-23T05:00,-0.6,0.9,0.334,0.34
2023-12-23T06:00,-0.2,0.8,0.334,0.34
2023-12-23T07:00,-0.6,0.6,0.334,0.34
2023-12-23T08:00,-1.8,0.6,0.334,0.34
2023-12-23T09:00,0.2,0.3,0.334,0.34
2023-12-23T10:00,1.6,0.6,0.334,0.34
2023-12-23T11:00,2.8,1.9,0.334,0.34
2023-12-23T12:00,3.8,4.2,0.333,0.34
2023-12-23T13:00,4.7,6.1,0.332,0.34
2023-12-23T14:00,5.2,7.3,0.331,0.339
2023-12-23T15:00,5.4,7.8,0.331,0.339
2023-12-23T16:00,5.3,7.4,0.33,0.339
2023-12-23T17:00,4.9,6.3,0.33,0.339
2023-12-23T18:00,4.1,4.7,0.33,0.339
2023-12-23T19:00,1.7,3.5,0.33,0.338
2023-12-23T20:00,2.0,2.5,0.33,0.338
2023-12-23T21:00,0.8,2.7,0.328,0.337
2023-12-23T22:00,0.8,2.0,0.328,0.337
2023-12-23T23:00,-0.6,1.4,0.328,0.337
2023-12-24T00:00,0.6,0.9,0.328,0.336
2023-12-24T01:00,-1.1,0.8,0.328,0.336
2023-12-24T02:00,-2.2,0.7,0.328,0.336
2023-12-24T03:00,-2.3,0.6,0.328,0.336
2023-12-24T04:00,-1.9,0.6,0.328,0.336
2023-12-24T05:00,-1.6,0.6,0.328,0.336
2023-12-24T06:00,-1.0,0.6,0.328,0.336
2023-12-24T07:00,-2.0,0.6,0.328,0.336
2023-12-24T08:00,-1.0,0.5,0.328,0.336
2023-12-24T09:00,1.0,0.3,0.328,0.336
2023-12-24T10:00,3.2,0.6,0.328,0.336
2023-12-24T11:00,5.2,2.3,0.328,0.335
2023-12-24T12:00,6.7,5.0,0.327,0.335
2023-12-24T13:00,7.7,7.0,0.326,0.335
2023-12-24T14:00,8.3,8.2,0.325,0.334
2023-12-24T15:00,8.5,8.7,0.324,0.334
2023-12-24T16:00,8.2,8.4,0.324,0.334
2023-12-24T17:00,6.3,7.3,0.324,0.334
2023-12-24T18:00,6.4,5.7,0.324,0.334
2023-12-24T19:00,4.7,4.4,0.324,0.334
2023-12-24T20:00,1.6,3.5,0.324,0.334
2023-12-24T21:00,3.0,4.0,0.32,0.331
2023-12-24T22:00,0.9,3.2,0.32,0.331
2023-12-24T23:00,0.6,2.5,0.32,0.331
2023-12-25T00:00,1.5,2.0,0.32,0.331
2023-12-25T01:00,2.2,1.5,0.32,0.33
2023-12-25T02:00,0.9,1.1,0.32,0.33
2023-12-25T03:00,0.3,0.9,0.32,0.33
2023-12-25T04:00,-1.1,0.8,0.321,0.33
2023-12-25T05:00,-1.9,0.7,0.321,0.33
2023-12-25T06:00,-2.0,0.6,0.321,0.33
2023-12-25T07:00,-2.0,0.6,0.321,0.33
2023-12-25T08:00,-0.4,0.6,0.321,0.33
2023-12-25T09:00,1.6,0.0,0.322,0.331
2023-12-25T10:00,4.1,0.2,0.322,0.331
2023-12-25T11:00,6.6,0.6,0.322,0.331
2023-12-25T12:00,8.6,3.0,0.321,0.33
2023-12-25T13:00,9.8,5.7,0.32,0.33
2023-12-25T14:00,10.4,7.4,0.32,0.33
2023-12-25T15:00,10.6,8.4,0.319,0.33
2023-12-25T16:00,10.3,8.4,0.319,0.329
2023-12-25T17:00,7.1,7.4,0.318,0.329
2023-12-25T18:00,5.3,6.2,0.319,0.329
2023-12-25T19:00,4.2,5.2,0.319,0.329
2023-12-25T20:00,3.3,4.3,0.319,0.329
2023-12-25T21:00,3.8,6.2,0.305,0.321
2023-12-25T22:00,3.8,5.3,0.305,0.321
2023-12-25T23:00,4.3,4.9,0.305,0.321
2023-12-26T00:00,4.7,4.8,0.305,0.321
2023-12-26T01:00,3.5,4.4,0.306,0.321
2023-12-26T02:00,3.3,4.2,0.306,0.32
2023-12-26T03:00,3.3,4.0,0.306,0.32
2023-12-26T04:00,3.6,3.9,0.306,0.32
2023-12-26T05:00,3.2,3.8,0.306,0.32
2023-12-26T06:00,2.8,3.6,0.306,0.32
2023-12-26T07:00,1.9,3.3,0.306,0.32
2023-12-26T08:00,2.7,3.2,0.306,0.32
2023-12-26T09:00,5.1,5.2,0.302,0.318
2023-12-26T10:00,7.6,6.4,0.302,0.317
2023-12-26T11:00,9.8,8.1,0.302,0.317
2023-12-26T12:00,11.4,9.8,0.301,0.317
2023-12-26T13:00,12.4,11.1,0.3,0.317
2023-12-26T14:00,13.0,12.0,0.299,0.316
2023-12-26T15:00,13.1,12.2,0.299,0.316
2023-12-26T16:00,12.9,11.9,0.298,0.316
2023-12-26T17:00,12.2,11.1,0.298,0.316
2023-12-26T18:00,9.4,9.7,0.299,0.316
2023-12-26T19:00,8.1,8.6,0.299,0.316
2023-12-26T20:00,7.5,7.9,0.299,0.315
2023-12-26T21:00,7.7,9.2,0.281,0.305
2023-12-26T22:00,6.7,8.2,0.281,0.305
2023-12-26T23:00,5.2,7.3,0.282,0.305
2023-12-27T00:00,4.1,6.5,0.282,0.305
2023-12-27T01:00,3.4,5.8,0.282,0.305
2023-12-27T02:00,2.9,5.3,0.282,0.305
2023-12-27T03:00,2.9,4.9,0.282,0.304
2023-12-27T04:00,3.5,4.7,0.282,0.304
2023-12-27T05:00,3.3,4.5,0.283,0.304
2023-12-27T06:00,2.8,4.3,0.283,0.304
2023-12-27T07:00,2.1,4.2,0.283,0.304
2023-12-27T08:00,2.1,4.1,0.283,0.304
2023-12-27T09:00,2.8,4.9,0.284,0.305
2023-12-27T10:00,4.7,6.0,0.284,0.304
2023-12-27T11:00,6.7,7.5,0.283,0.304
2023-12-27T12:00,8.6,9.1,0.283,0.304
2023-12-27T13:00,10.2,10.4,0.282,0.304
2023-12-27T14:00,11.1,11.4,0.281,0.304
2023-12-27T15:00,11.4,11.8,0.281,0.303
2023-12-27T16:00,11.1,11.4,0.28,0.303
2023-12-27T17:00,9.1,10.5,0.28,0.303
2023-12-27T18:00,6.7,9.0,0.281,0.303
2023-12-27T19:00,6.1,8.0,0.281,0.303
2023-12-27T20:00,5.4,7.2,0.281,0.303
2023-12-27T21:00,4.2,7.0,0.28,0.302
2023-12-27T22:00,3.4,6.3,0.28,0.302
2023-12-27T23:00,2.7,5.7,0.28,0.302
2023-12-28T00:00,2.3,5.2,0.28,0.302
2023-12-28T01:00,2.0,4.8,0.28,0.302
2023-12-28T02:00,1.7,4.5,0.28,0.302
2023-12-28T03:00,1.5,4.2,0.281,0.301
2023-12-28T04:00,1.3,4.0,0.281,0.301
2023-12-28T05:00,1.1,3.8,0.281,0.301
2023-12-28T06:00,1.0,3.6,0.281,0.301
2023-12-28T07:00,0.9,3.4,0.281,0.301
2023-12-28T08:00,1.5,3.4,0.281,0.301
2023-12-28T09:00,3.2,4.9,0.277,0.299
2023-12-28T10:00,5.6,6.3,0.277,0.298
2023-12-28T11:00,8.2,8.0,0.277,0.298
2023-12-28T12:00,10.2,9.8,0.276,0.298
2023-12-28T13:00,11.6,11.3,0.276,0.298
2023-12-28T14:00,12.4,12.2,0.275,0.298
2023-12-28T15:00,12.8,12.6,0.274,0.297
2023-12-28T16:00,12.6,12.3,0.274,0.297
2023-12-28T17:00,10.8,11.4,0.274,0.297
2023-12-28T18:00,8.4,9.9,0.274,0.297
2023-12-28T19:00,7.8,8.9,0.274,0.297
2023-12-28T20:00,7.2,8.2,0.274,0.297
2023-12-28T21:00,6.3,8.1,0.27,0.294
2023-12-28T22:00,5.7,7.6,0.271,0.294
2023-12-28T23:00,5.2,7.1,0.271,0.294
2023-12-29T00:00,5.8,7.0,0.271,0.294
2023-12-29T01:00,5.9,7.0,0.271,0.294
2023-12-29T02:00,5.9,7.0,0.271,0.294
2023-12-29T03:00,5.4,6.8,0.271,0.294
2023-12-29T04:00,5.2,6.7,0.271,0.293
2023-12-29T05:00,5.3,6.7,0.271,0.293
2023-12-29T06:00,5.3,6.6,0.271,0.293
2023-12-29T07:00,5.3,6.6,0.272,0.293
2023-12-29T08:00,5.2,6.4,0.272,0.293
2023-12-29T09:00,6.1,7.0,0.271,0.293
2023-12-29T10:00,7.7,7.9,0.271,0.293
2023-12-29T11:00,8.9,9.1,0.271,0.293
2023-12-29T12:00,10.4,10.3,0.271,0.293
2023-12-29T13:00,11.1,11.1,0.27,0.293
2023-12-29T14:00,12.0,12.0,0.27,0.292
2023-12-29T15:00,11.9,11.9,0.27,0.292
2023-12-29T16:00,11.6,11.6,0.271,0.292
2023-12-29T17:00,10.8,10.9,0.271,0.292
2023-12-29T18:00,9.5,10.2,0.271,0.292
2023-12-29T19:00,8.7,9.6,0.271,0.292
2023-12-29T20:00,7.9,9.0,0.271,0.292
2023-12-29T21:00,7.4,8.4,0.275,0.291
2023-12-29T22:00,7.2,8.1,0.283,0.291
2023-12-29T23:00,7.1,7.8,0.285,0.291
2023-12-30T00:00,7.0,7.7,0.29,0.291
2023-12-30T01:00,6.9,7.6,0.302,0.291
2023-12-30T02:00,6.7,7.4,0.304,0.291
2023-12-30T03:00,6.2,7.2,0.307,0.291
2023-12-30T04:00,6.2,6.9,0.308,0.291
2023-12-30T05:00,5.5,6.4,0.308,0.291
2023-12-30T06:00,4.9,5.9,0.307,0.292
2023-12-30T07:00,4.5,5.5,0.307,0.292
2023-12-30T08:00,4.8,5.3,0.307,0.292
2023-12-30T09:00,5.8,6.3,0.309,0.292
2023-12-30T10:00,7.1,7.6,0.309,0.292
2023-12-30T11:00,9.1,9.1,0.308,0.292
2023-12-30T12:00,10.6,10.7,0.307,0.292
2023-12-30T13:00,11.6,12.1,0.306,0.291
2023-12-30T14:00,12.6,13.2,0.305,0.291
2023-12-30T15:00,13.2,13.8,0.304,0.291
2023-12-30T16:00,13.2,13.6,0.304,0.291
2023-12-30T17:00,11.8,12.6,0.304,0.291
2023-12-30T18:00,11.6,11.0,0.303,0.291
2023-12-30T19:00,10.6,9.8,0.303,0.291
2023-12-30T20:00,8.9,8.8,0.303,0.291
2023-12-30T21:00,6.9,8.5,0.304,0.293
2023-12-30T22:00,6.4,8.0,0.304,0.293
2023-12-30T23:00,5.3,7.4,0.304,0.293
2023-12-31T00:00,5.2,7.0,0.304,0.293
2023-12-31T01:00,5.3,6.7,0.303,0.293
2023-12-31T02:00,5.4,6.5,0.303,0.293
2023-12-31T03:00,4.7,6.2,0.303,0.293
2023-12-31T04:00,4.2,5.8,0.303,0.293
2023-12-31T05:00,5.4,5.6,0.303,0.293
2023-12-31T06:00,4.8,5.3,0.303,0.293
2023-12-31T07:00,4.1,5.0,0.303,0.293
2023-12-31T08:00,4.1,4.8,0.303,0.293
2023-12-31T09:00,5.1,5.1,0.304,0.294
2023-12-31T10:00,6.9,6.5,0.304,0.294
2023-12-31T11:00,9.1,8.2,0.303,0.294
2023-12-31T12:00,11.2,9.9,0.302,0.294
2023-12-31T13:00,12.8,11.4,0.301,0.294
2023-12-31T14:00,13.6,12.4,0.3,0.293
2023-12-31T15:00,14.0,12.9,0.299,0.293
2023-12-31T16:00,13.6,12.6,0.298,0.293
2023-12-31T17:00,11.4,11.8,0.298,0.293
2023-12-31T18:00,9.1,10.4,0.298,0.293
2023-12-31T19:00,8.1,9.4,0.298,0.293
2023-12-31T20:00,7.2,8.6,0.297,0.293
2023-12-31T21:00,6.8,9.2,0.296,0.292
2023-12-31T22:00,6.1,8.4,0.296,0.292
2023-12-31T23:00,5.4,7.7,0.296,0.292
